Unnamed: 0,original_codon,new_codon,codon_identity,nucleotide_identity,clustered?,final_codon,final_codon_identity,final_nucleotide_identity,graph_negatives,data_source,T0_A_new,identified_repeats_new,R_found_new,T0_A_final,identified_repeats_final,R_found_final,T0_A_orig,identified_repeats_orig,R_found_orig,R_cluster,pre-ro_codon,T0_A_pre-ro,identified_repeats_pre-ro,R_found_pre-ro,ro_codon,ro_codon_identity,ro_nucleotide_identity,T0_A_ro,identified_repeats_ro,R_found_ro,protein,original_codon_position,original_codon_adjusted_positions,ro_graph_negatives,adjusted_position_ro,adjusted_position_o
0,ATG,ATG,1,3,0,ATG,1,3,-3,Optimised-sequences_ENV.csv,010,010,N,010,010,N,010,010,N,False,ATG,010,010,N,ATG,1,3,010,010,N,ENV,0,10,-3,7,13
1,AAC,AAT,0,2,0,AAT,0,2,-2,Optimised-sequences_ENV.csv,000,000,N,000,000,N,000,000,N,False,AAT,000,000,N,AAT,1,2,000,000,N,ENV,0,10,-2,8,12
2,CCA,CCT,0,2,0,CCT,0,2,-2,Optimised-sequences_ENV.csv,000,000,N,000,000,N,000,000,N,False,CCT,000,000,N,CCT,1,2,000,000,N,ENV,0,10,-2,8,12
3,TCG,TCT,0,2,0,TCT,0,2,-2,Optimised-sequences_ENV.csv,001,001,N,001,001,N,000,000,N,False,TCT,001,001,N,TCT,1,2,001,001,N,ENV,0,10,-2,8,12
4,GAG,GAG,1,3,1,GAA,0,2,-2,Optimised-sequences_ENV.csv,000,000,N,000,000,N,000,000,N,False,GAA,000,000,N,GAA,0,2,000,000,N,ENV,0,10,-2,8,13
5,ATG,ATG,1,3,1,ATG,1,3,-3,Optimised-sequences_ENV.csv,010,010,N,010,010,N,010,010,N,False,ATG,010,010,N,ATG,1,3,010,010,N,ENV,0,10,-3,7,13
6,CAA,CAG,0,2,0,CAG,0,2,-2,Optimised-sequences_ENV.csv,000,000,N,000,000,N,000,000,N,False,CAG,000,000,N,CAG,1,2,000,000,N,ENV,0,10,-2,8,12
7,AGA,AGA,1,3,0,AGA,1,3,-3,Optimised-sequences_ENV.csv,000,000,N,000,000,N,000,000,N,False,AGA,000,000,N,AGA,1,3,000,000,N,ENV,0,10,-3,7,13
8,AAA,AAG,0,2,0,AAG,0,2,-2,Optimised-sequences_ENV.csv,000,000,N,000,000,N,000,000,N,False,AAG,000,000,N,AAG,1,2,000,000,N,ENV,0,10,-2,8,12
9,GCA,GCC,0,2,0,GCC,0,2,-2,Optimised-sequences_ENV.csv,000,000,N,000,000,N,000,000,N,False,GCC,000,000,N,GCC,1,2,000,000,N,ENV,0,10,-2,8,12
10,CCT,CCT,1,3,0,CCT,1,3,-3,Optimised-sequences_ENV.csv,000,000,N,000,000,N,000,000,N,False,CCT,000,000,N,CCT,1,3,000,000,N,ENV,0,10,-3,7,13
11,CCG,CCC,0,2,0,CCC,0,2,-2,Optimised-sequences_ENV.csv,000,000,N,000,000,N,000,000,N,False,CCC,000,000,N,CCC,1,2,000,000,N,ENV,0,10,-2,8,12
12,CGG,AGA,0,1,0,AGA,0,1,-1,Optimised-sequences_ENV.csv,000,000,N,000,000,N,000,000,N,False,AGA,000,000,N,AGA,1,1,000,000,N,ENV,0,10,-1,9,11
13,AGA,AGA,1,3,0,AGA,1,3,-3,Optimised-sequences_ENV.csv,000,000,N,000,000,N,000,000,N,False,AGA,000,000,N,AGA,1,3,000,000,N,ENV,0,10,-3,7,13
14,CGG,AGG,0,2,0,AGG,0,2,-2,Optimised-sequences_ENV.csv,000,000,N,000,000,N,000,000,N,False,AGG,000,000,N,AGG,1,2,000,000,N,ENV,0,10,-2,8,12
15,AGA,CGC,0,1,0,CGC,0,1,-1,Optimised-sequences_ENV.csv,000,000,N,000,000,N,000,000,N,False,CGC,000,000,N,CGC,1,1,000,000,N,ENV,0,10,-1,9,11
16,CAC,CAC,1,3,0,CAC,1,3,-3,Optimised-sequences_ENV.csv,000,000,N,000,000,N,000,000,N,False,CAC,000,000,N,CAC,1,3,000,000,N,ENV,0,10,-3,7,13
17,CGC,CGG,0,2,0,CGG,0,2,-2,Optimised-sequences_ENV.csv,000,000,N,000,000,N,000,000,N,False,CGG,000,000,N,CGG,1,2,000,000,N,ENV,0,10,-2,8,12
18,AAT,AAC,0,2,0,AAC,0,2,-2,Optimised-sequences_ENV.csv,000,000,N,000,000,N,000,000,N,False,AAC,000,000,N,AAC,1,2,000,000,N,ENV,0,10,-2,8,12
19,CGA,CGG,0,2,0,CGG,0,2,-2,Optimised-sequences_ENV.csv,000,000,N,000,000,N,000,000,N,False,CGG,000,000,N,CGG,1,2,000,000,N,ENV,0,10,-2,8,12
20,GCA,GCC,0,2,0,GCC,0,2,-2,Optimised-sequences_ENV.csv,000,000,N,000,000,N,000,000,N,False,GCC,000,000,N,GCC,1,2,000,000,N,ENV,0,10,-2,8,12
21,CCG,CCT,0,2,0,CCT,0,2,-2,Optimised-sequences_ENV.csv,000,000,N,000,000,N,000,000,N,False,CCT,000,000,N,CCT,1,2,000,000,N,ENV,0,10,-2,8,12
22,TTG,CTG,0,2,0,CTG,0,2,-2,Optimised-sequences_ENV.csv,010,010,N,010,010,N,010,010,N,False,CTG,010,010,N,CTG,1,2,010,010,N,ENV,0,10,-2,8,12
23,ACT,ACC,0,2,0,ACC,0,2,-2,Optimised-sequences_ENV.csv,000,000,N,000,000,N,000,000,N,False,ACC,000,000,N,ACC,1,2,000,000,N,ENV,0,10,-2,8,12
24,CAC,CAC,1,3,1,CAT,0,2,-2,Optimised-sequences_ENV.csv,000,000,N,000,000,N,000,000,N,False,CAT,000,000,N,CAT,0,2,000,000,N,ENV,0,10,-2,8,13
25,AAG,AAG,1,3,1,AAA,0,2,-2,Optimised-sequences_ENV.csv,000,000,N,000,000,N,000,000,N,False,AAA,000,000,N,AAA,0,2,000,000,N,ENV,0,10,-2,8,13
26,ATG,ATG,1,3,1,ATG,1,3,-3,Optimised-sequences_ENV.csv,010,010,N,010,010,N,010,010,N,False,ATG,010,010,N,ATG,1,3,010,010,N,ENV,0,10,-3,7,13
27,AAC,AAC,1,3,1,AAT,0,2,-2,Optimised-sequences_ENV.csv,000,000,N,000,000,N,000,000,N,False,AAT,000,000,N,AAT,0,2,000,000,N,ENV,0,10,-2,8,13
28,AAA,AAG,0,2,0,AAG,0,2,-2,Optimised-sequences_ENV.csv,000,000,N,000,000,N,000,000,N,False,AAG,000,000,N,AAG,1,2,000,000,N,ENV,0,10,-2,8,12
29,ATG,ATG,1,3,1,ATG,1,3,-3,Optimised-sequences_ENV.csv,010,010,N,010,010,N,010,010,N,False,ATG,010,010,N,ATG,1,3,010,010,N,ENV,0,10,-3,7,13
30,GTG,GTG,1,3,1,GTT,0,2,-2,Optimised-sequences_ENV.csv,010,010,N,000,000,N,010,010,N,False,GTT,000,000,N,GTT,0,2,000,000,N,ENV,0,10,-2,8,13
31,ACG,ACC,0,2,0,ACC,0,2,-2,Optimised-sequences_ENV.csv,000,000,N,000,000,N,000,000,N,False,ACC,000,000,N,ACC,1,2,000,000,N,ENV,0,10,-2,8,12
32,TCA,AGC,0,0,0,AGC,0,0,0,Optimised-sequences_ENV.csv,000,000,N,000,000,N,000,000,N,False,AGC,000,000,N,AGC,1,0,000,000,N,ENV,0,10,0,10,10
33,GAA,GAA,1,3,0,GAA,1,3,-3,Optimised-sequences_ENV.csv,000,000,N,000,000,N,000,000,N,False,GAA,000,000,N,GAA,1,3,000,000,N,ENV,0,10,-3,7,13
34,GAA,GAG,0,2,0,GAG,0,2,-2,Optimised-sequences_ENV.csv,000,000,N,000,000,N,000,000,N,False,GAG,000,000,N,GAG,1,2,000,000,N,ENV,0,10,-2,8,12
35,CAG,CAG,1,3,1,CAA,0,2,-2,Optimised-sequences_ENV.csv,000,000,N,000,000,N,000,000,N,False,CAA,000,000,N,CAA,0,2,000,000,N,ENV,0,10,-2,8,13
36,ATG,ATG,1,3,1,ATG,1,3,-3,Optimised-sequences_ENV.csv,010,010,N,010,010,N,010,010,N,False,ATG,010,010,N,ATG,1,3,010,010,N,ENV,0,10,-3,7,13
37,AAG,AAG,1,3,1,AAA,0,2,-2,Optimised-sequences_ENV.csv,000,000,N,000,000,N,000,000,N,False,AAA,000,000,N,AAA,0,2,000,000,N,ENV,0,10,-2,8,13
38,TTG,CTG,0,2,0,CTG,0,2,-2,Optimised-sequences_ENV.csv,010,010,N,010,010,N,010,010,N,False,CTG,010,010,N,CTG,1,2,010,010,N,ENV,0,10,-2,8,12
39,CCA,CCC,0,2,0,CCC,0,2,-2,Optimised-sequences_ENV.csv,000,000,N,000,000,N,000,000,N,False,CCC,000,000,N,CCC,1,2,000,000,N,ENV,0,10,-2,8,12
40,TCC,AGC,0,1,0,AGC,0,1,-1,Optimised-sequences_ENV.csv,000,000,N,000,000,N,000,000,N,False,AGC,000,000,N,AGC,1,1,000,000,N,ENV,0,10,-1,9,11
41,ACC,ACC,1,3,1,ACT,0,2,-2,Optimised-sequences_ENV.csv,000,000,N,000,000,N,000,000,N,False,ACT,000,000,N,ACT,0,2,000,000,N,ENV,0,10,-2,8,13
42,AAG,AAG,1,3,1,AAA,0,2,-2,Optimised-sequences_ENV.csv,000,000,N,000,000,N,000,000,N,False,AAA,000,000,N,AAA,0,2,000,000,N,ENV,0,10,-2,8,13
43,AAG,AAG,1,3,1,AAA,0,2,-2,Optimised-sequences_ENV.csv,000,000,N,000,000,N,000,000,N,False,AAA,000,000,N,AAA,0,2,000,000,N,ENV,0,10,-2,8,13
44,GCA,GCC,0,2,0,GCC,0,2,-2,Optimised-sequences_ENV.csv,000,000,N,000,000,N,000,000,N,False,GCC,000,000,N,GCC,1,2,000,000,N,ENV,0,10,-2,8,12
45,GAG,GAG,1,3,0,GAG,1,3,-3,Optimised-sequences_ENV.csv,000,000,N,000,000,N,000,000,N,False,GAG,000,000,N,GAG,1,3,000,000,N,ENV,0,10,-3,7,13
46,CCG,CCT,0,2,0,CCT,0,2,-2,Optimised-sequences_ENV.csv,000,000,N,000,000,N,000,000,N,False,CCT,000,000,N,CCT,1,2,000,000,N,ENV,0,10,-2,8,12
47,CCG,CCT,0,2,0,CCT,0,2,-2,Optimised-sequences_ENV.csv,000,000,N,000,000,N,000,000,N,False,CCT,000,000,N,CCT,1,2,000,000,N,ENV,0,10,-2,8,12
48,ACT,ACC,0,2,0,ACC,0,2,-2,Optimised-sequences_ENV.csv,000,000,N,000,000,N,000,000,N,False,ACC,000,000,N,ACC,1,2,000,000,N,ENV,0,10,-2,8,12
49,TGG,TGG,1,3,0,TGG,1,3,-3,Optimised-sequences_ENV.csv,100,100,N,100,100,N,100,100,N,False,TGG,100,100,N,TGG,1,3,100,100,N,ENV,0,10,-3,7,13
50,GCA,GCT,0,2,0,GCT,0,2,-2,Optimised-sequences_ENV.csv,000,000,N,000,000,N,000,000,N,False,GCT,000,000,N,GCT,1,2,000,000,N,ENV,0,10,-2,8,12
51,CAA,CAG,0,2,0,CAG,0,2,-2,Optimised-sequences_ENV.csv,000,000,N,000,000,N,000,000,N,False,CAG,000,000,N,CAG,1,2,000,000,N,ENV,0,10,-2,8,12
52,CTA,CTT,0,2,0,CTT,0,2,-2,Optimised-sequences_ENV.csv,000,000,N,000,000,N,000,000,N,False,CTT,000,000,N,CTT,1,2,000,000,N,ENV,0,10,-2,8,12
53,AAG,AAA,0,2,0,AAA,0,2,-2,Optimised-sequences_ENV.csv,000,000,N,000,000,N,000,000,N,False,AAA,000,000,N,AAA,1,2,000,000,N,ENV,0,10,-2,8,12
54,AAG,AAG,1,3,1,AAA,0,2,-2,Optimised-sequences_ENV.csv,000,000,N,000,000,N,000,000,N,False,AAA,000,000,N,AAA,0,2,000,000,N,ENV,0,10,-2,8,13
55,CTG,CTG,1,3,1,TTG,0,2,-2,Optimised-sequences_ENV.csv,010,010,N,010,010,N,010,010,N,False,TTG,010,010,N,TTG,0,2,010,010,N,ENV,0,10,-2,8,13
56,ACG,ACA,0,2,0,ACA,0,2,-2,Optimised-sequences_ENV.csv,000,000,N,000,000,N,000,000,N,False,ACA,000,000,N,ACA,1,2,000,000,N,ENV,0,10,-2,8,12
57,CAG,CAG,1,3,0,CAG,1,3,-3,Optimised-sequences_ENV.csv,000,000,N,000,000,N,000,000,N,False,CAG,000,000,N,CAG,1,3,000,000,N,ENV,0,10,-3,7,13
58,TTA,CTG,0,1,0,CTG,0,1,-1,Optimised-sequences_ENV.csv,010,010,N,010,010,N,000,000,N,False,CTG,010,010,N,CTG,1,1,010,010,N,ENV,0,10,-1,9,11
59,GCT,GCC,0,2,0,GCC,0,2,-2,Optimised-sequences_ENV.csv,000,000,N,000,000,N,000,000,N,False,GCC,000,000,N,GCC,1,2,000,000,N,ENV,0,10,-2,8,12
60,ACA,ACA,1,3,1,ACT,0,2,-2,Optimised-sequences_ENV.csv,000,000,N,000,000,N,000,000,N,False,ACT,000,000,N,ACT,0,2,000,000,N,ENV,0,10,-2,8,13
61,AAA,AAA,1,3,1,AAG,0,2,-2,Optimised-sequences_ENV.csv,000,000,N,000,000,N,000,000,N,False,AAG,000,000,N,AAG,0,2,000,000,N,ENV,0,10,-2,8,13
62,TAT,TAC,0,2,0,TAC,0,2,-2,Optimised-sequences_ENV.csv,000,000,N,000,000,N,000,000,N,False,TAC,000,000,N,TAC,1,2,000,000,N,ENV,0,10,-2,8,12
63,CTA,CTG,0,2,0,CTG,0,2,-2,Optimised-sequences_ENV.csv,010,010,N,010,010,N,000,000,N,False,CTG,010,010,N,CTG,1,2,010,010,N,ENV,0,10,-2,8,12
64,GAG,GAA,0,2,0,GAA,0,2,-2,Optimised-sequences_ENV.csv,000,000,N,000,000,N,000,000,N,False,GAA,000,000,N,GAA,1,2,000,000,N,ENV,0,10,-2,8,12
65,AAC,AAC,1,3,1,AAT,0,2,-2,Optimised-sequences_ENV.csv,000,000,N,000,000,N,000,000,N,False,AAT,000,000,N,AAT,0,2,000,000,N,ENV,0,10,-2,8,13
66,ACA,ACA,1,3,1,ACT,0,2,-2,Optimised-sequences_ENV.csv,000,000,N,000,000,N,000,000,N,False,ACT,000,000,N,ACT,0,2,000,000,N,ENV,0,10,-2,8,13
67,AAG,AAG,1,3,1,AAA,0,2,-2,Optimised-sequences_ENV.csv,000,000,N,000,000,N,000,000,N,False,AAA,000,000,N,AAA,0,2,000,000,N,ENV,0,10,-2,8,13
68,GTG,GTG,1,3,1,GTA,0,2,-2,Optimised-sequences_ENV.csv,010,010,N,000,000,N,010,010,N,False,GTA,000,000,N,GTA,0,2,000,000,N,ENV,0,10,-2,8,13
69,ACA,ACA,1,3,1,ACC,0,2,-2,Optimised-sequences_ENV.csv,000,000,N,000,000,N,000,000,N,False,ACC,000,000,N,ACC,0,2,000,000,N,ENV,0,10,-2,8,13
70,CAA,CAA,1,3,1,CAG,0,2,-2,Optimised-sequences_ENV.csv,000,000,N,000,000,N,000,000,N,False,CAG,000,000,N,CAG,0,2,000,000,N,ENV,0,10,-2,8,13
71,ACC,ACA,0,2,0,ACA,0,2,-2,Optimised-sequences_ENV.csv,000,000,N,000,000,N,000,000,N,False,ACA,000,000,N,ACA,1,2,000,000,N,ENV,0,10,-2,8,12
72,CCA,CCT,0,2,0,CCT,0,2,-2,Optimised-sequences_ENV.csv,001,001,N,001,001,N,000,000,N,False,CCT,001,001,N,CCT,1,2,001,001,N,ENV,0,10,-2,8,12
73,GAG,GAA,0,2,0,GAA,0,2,-2,Optimised-sequences_ENV.csv,000,000,N,000,000,N,000,000,N,False,GAA,000,000,N,GAA,1,2,000,000,N,ENV,0,10,-2,8,12
74,AGT,AGC,0,2,0,AGC,0,2,-2,Optimised-sequences_ENV.csv,000,000,N,000,000,N,000,000,N,False,AGC,000,000,N,AGC,1,2,000,000,N,ENV,0,10,-2,8,12
75,ATG,ATG,1,3,1,ATG,1,3,-3,Optimised-sequences_ENV.csv,010,010,N,010,010,N,010,010,N,False,ATG,010,010,N,ATG,1,3,010,010,N,ENV,0,10,-3,7,13
76,CTG,CTG,1,3,1,TTA,0,1,-1,Optimised-sequences_ENV.csv,010,010,N,000,000,N,010,010,N,False,TTA,000,000,N,TTA,0,1,000,000,N,ENV,0,10,-1,9,13
77,CTT,CTC,0,2,0,CTC,0,2,-2,Optimised-sequences_ENV.csv,000,000,N,000,000,N,001,001,N,False,CTC,000,000,N,CTC,1,2,000,000,N,ENV,0,10,-2,8,12
78,GCA,GCT,0,2,0,GCT,0,2,-2,Optimised-sequences_ENV.csv,001,001,N,001,001,N,000,000,N,False,GCT,001,001,N,GCT,1,2,001,001,N,ENV,0,10,-2,8,12
79,GCC,GCC,1,3,0,GCC,1,3,-3,Optimised-sequences_ENV.csv,000,000,N,000,000,N,000,000,N,False,GCC,000,000,N,GCC,1,3,000,000,N,ENV,0,10,-3,7,13
80,TTG,CTG,0,2,0,CTG,0,2,-2,Optimised-sequences_ENV.csv,010,010,N,010,010,N,010,010,N,False,CTG,010,010,N,CTG,1,2,010,010,N,ENV,0,10,-2,8,12
81,ATG,ATG,1,3,0,ATG,1,3,-3,Optimised-sequences_ENV.csv,010,010,N,010,010,N,010,010,N,False,ATG,010,010,N,ATG,1,3,010,010,N,ENV,0,10,-3,7,13
82,ATT,ATC,0,2,0,ATC,0,2,-2,Optimised-sequences_ENV.csv,000,000,N,000,000,N,001,001,N,False,ATC,000,000,N,ATC,1,2,000,000,N,ENV,0,10,-2,8,12
83,GTA,GTG,0,2,0,GTG,0,2,-2,Optimised-sequences_ENV.csv,010,010,N,010,010,N,000,000,N,False,GTG,010,010,N,GTG,1,2,010,010,N,ENV,0,10,-2,8,12
84,TCA,TCC,0,2,0,TCC,0,2,-2,Optimised-sequences_ENV.csv,000,000,N,000,000,N,000,000,N,False,TCC,000,000,N,TCC,1,2,000,000,N,ENV,0,10,-2,8,12
85,ATG,ATG,1,3,0,ATG,1,3,-3,Optimised-sequences_ENV.csv,010,010,N,010,010,N,010,010,N,False,ATG,010,010,N,ATG,1,3,010,010,N,ENV,0,10,-3,7,13
86,GTG,GTA,0,2,0,GTA,0,2,-2,Optimised-sequences_ENV.csv,000,000,N,000,000,N,010,010,N,False,GTA,000,000,N,GTA,1,2,000,000,N,ENV,0,10,-2,8,12
87,GTA,GTG,0,2,0,GTG,0,2,-2,Optimised-sequences_ENV.csv,010,010,N,010,010,N,000,000,N,False,GTG,010,010,N,GTG,1,2,010,010,N,ENV,0,10,-2,8,12
88,AGT,AGC,0,2,0,AGC,0,2,-2,Optimised-sequences_ENV.csv,000,000,N,000,000,N,000,000,N,False,AGC,000,000,N,AGC,1,2,000,000,N,ENV,0,10,-2,8,12
89,CTC,CTG,0,2,0,CTG,0,2,-2,Optimised-sequences_ENV.csv,010,010,N,010,010,N,000,000,N,False,CTG,010,010,N,CTG,1,2,010,010,N,ENV,0,10,-2,8,12
90,CCT,CCT,1,3,1,CCG,0,2,-2,Optimised-sequences_ENV.csv,000,000,N,000,000,N,000,000,N,False,CCG,000,000,N,CCG,0,2,000,000,N,ENV,0,10,-2,8,13
91,ATG,ATG,1,3,1,ATG,1,3,-3,Optimised-sequences_ENV.csv,010,010,N,010,010,N,010,010,N,False,ATG,010,010,N,ATG,1,3,010,010,N,ENV,0,10,-3,7,13
92,CCT,CCA,0,2,0,CCA,0,2,-2,Optimised-sequences_ENV.csv,000,000,N,000,000,N,001,001,N,False,CCA,000,000,N,CCA,1,2,000,000,N,ENV,0,10,-2,8,12
93,GCA,GCT,0,2,0,GCT,0,2,-2,Optimised-sequences_ENV.csv,001,001,N,001,001,N,000,000,N,False,GCT,001,001,N,GCT,1,2,001,001,N,ENV,0,10,-2,8,12
94,GGA,GGC,0,2,0,GGC,0,2,-2,Optimised-sequences_ENV.csv,000,000,N,000,000,N,000,000,N,False,GGC,000,000,N,GGC,1,2,000,000,N,ENV,0,10,-2,8,12
95,GCA,GCC,0,2,0,GCC,0,2,-2,Optimised-sequences_ENV.csv,000,000,N,000,000,N,000,000,N,False,GCC,000,000,N,GCC,1,2,000,000,N,ENV,0,10,-2,8,12
96,GCT,GCC,0,2,0,GCC,0,2,-2,Optimised-sequences_ENV.csv,000,000,N,000,000,N,001,001,N,False,GCC,000,000,N,GCC,1,2,000,000,N,ENV,0,10,-2,8,12
97,GCA,GCT,0,2,0,GCT,0,2,-2,Optimised-sequences_ENV.csv,001,001,N,001,001,N,000,000,N,False,GCT,001,001,N,GCT,1,2,001,001,N,ENV,0,10,-2,8,12
98,GCT,GCT,1,3,0,GCT,1,3,-3,Optimised-sequences_ENV.csv,000,000,N,000,000,N,000,000,N,False,GCT,000,000,N,GCT,1,3,000,000,N,ENV,0,10,-3,7,13
99,AAC,AAT,0,2,0,AAT,0,2,-2,Optimised-sequences_ENV.csv,000,000,N,000,000,N,000,000,N,False,AAT,000,000,N,AAT,1,2,000,000,N,ENV,0,10,-2,8,12
100,TAT,TAC,0,2,0,TAC,0,2,-2,Optimised-sequences_ENV.csv,000,000,N,000,000,N,000,000,N,False,TAC,000,000,N,TAC,1,2,000,000,N,ENV,0,10,-2,8,12
101,ACC,ACC,1,3,1,ACT,0,2,-2,Optimised-sequences_ENV.csv,000,000,N,000,000,N,000,000,N,False,ACT,000,000,N,ACT,0,2,000,000,N,ENV,0,10,-2,8,13
102,TAC,TAC,1,3,1,TAT,0,2,-2,Optimised-sequences_ENV.csv,000,000,N,000,000,N,000,000,N,False,TAT,000,000,N,TAT,0,2,000,000,N,ENV,0,10,-2,8,13
103,TGG,TGG,1,3,1,TGG,1,3,-3,Optimised-sequences_ENV.csv,100,100,N,100,100,N,100,100,N,False,TGG,100,100,N,TGG,1,3,100,100,N,ENV,0,10,-3,7,13
104,GCC,GCC,1,3,1,GCA,0,2,-2,Optimised-sequences_ENV.csv,000,000,N,000,000,N,000,000,N,False,GCA,000,000,N,GCA,0,2,000,000,N,ENV,0,10,-2,8,13
105,TAT,TAC,0,2,0,TAC,0,2,-2,Optimised-sequences_ENV.csv,000,000,N,000,000,N,001,00R,Y,False,TAC,000,000,N,TAC,1,2,000,000,N,ENV,0,10,-2,8,12
106,GTG,GTC,0,2,0,GTC,0,2,-2,Optimised-sequences_ENV.csv,000,000,N,000,000,N,010,RRR,Y,False,GTC,000,000,N,GTC,1,2,000,000,N,ENV,0,10,-2,8,12
107,CCT,CCT,1,3,1,CCA,0,2,-2,Optimised-sequences_ENV.csv,000,000,N,000,000,N,000,000,N,False,CCA,000,000,N,CCA,0,2,000,000,N,ENV,0,10,-2,8,13
108,TTC,TTC,1,3,1,TTT,0,2,-2,Optimised-sequences_ENV.csv,000,000,N,000,000,N,000,000,N,False,TTT,000,000,N,TTT,0,2,000,000,N,ENV,0,10,-2,8,13
109,CCG,CCT,0,2,0,CCT,0,2,-2,Optimised-sequences_ENV.csv,000,000,N,000,000,N,000,000,N,False,CCT,000,000,N,CCT,1,2,000,000,N,ENV,0,10,-2,8,12
110,CCC,CCC,1,3,0,CCC,1,3,-3,Optimised-sequences_ENV.csv,000,000,N,000,000,N,000,000,N,False,CCC,000,000,N,CCC,1,3,000,000,N,ENV,0,10,-3,7,13
111,TTA,CTG,0,1,0,CTG,0,1,-1,Optimised-sequences_ENV.csv,010,010,N,010,010,N,000,000,N,False,CTG,010,010,N,CTG,1,1,010,010,N,ENV,0,10,-1,9,11
112,ATT,ATC,0,2,0,ATC,0,2,-2,Optimised-sequences_ENV.csv,000,000,N,000,000,N,000,000,N,False,ATC,000,000,N,ATC,1,2,000,000,N,ENV,0,10,-2,8,12
113,CGG,AGA,0,1,0,AGA,0,1,-1,Optimised-sequences_ENV.csv,000,000,N,000,000,N,000,000,N,False,AGA,000,000,N,AGA,1,1,000,000,N,ENV,0,10,-1,9,11
114,GCA,GCC,0,2,0,GCC,0,2,-2,Optimised-sequences_ENV.csv,000,000,N,000,000,N,000,000,N,False,GCC,000,000,N,GCC,1,2,000,000,N,ENV,0,10,-2,8,12
115,GTC,GTG,0,2,0,GTG,0,2,-2,Optimised-sequences_ENV.csv,010,010,N,010,010,N,000,000,N,False,GTG,010,010,N,GTG,1,2,010,010,N,ENV,0,10,-2,8,12
116,ACA,ACC,0,2,0,ACC,0,2,-2,Optimised-sequences_ENV.csv,000,000,N,000,000,N,000,000,N,False,ACC,000,000,N,ACC,1,2,000,000,N,ENV,0,10,-2,8,12
117,TGG,TGG,1,3,1,TGG,1,3,-3,Optimised-sequences_ENV.csv,100,100,N,100,100,N,100,100,N,False,TGG,100,100,N,TGG,1,3,100,100,N,ENV,0,10,-3,7,13
118,ATG,ATG,1,3,1,ATG,1,3,-3,Optimised-sequences_ENV.csv,010,010,N,010,010,N,010,010,N,False,ATG,010,010,N,ATG,1,3,010,010,N,ENV,0,10,-3,7,13
119,GAT,GAT,1,3,1,GAC,0,2,-2,Optimised-sequences_ENV.csv,000,000,N,000,000,N,000,000,N,False,GAC,000,000,N,GAC,0,2,000,000,N,ENV,0,10,-2,8,13
120,AAT,AAC,0,2,0,AAC,0,2,-2,Optimised-sequences_ENV.csv,000,000,N,000,000,N,000,000,N,False,AAC,000,000,N,AAC,1,2,000,000,N,ENV,0,10,-2,8,12
121,CCT,CCC,0,2,0,CCC,0,2,-2,Optimised-sequences_ENV.csv,000,000,N,000,000,N,000,000,N,False,CCC,000,000,N,CCC,1,2,000,000,N,ENV,0,10,-2,8,12
122,ATA,ATT,0,2,0,ATT,0,2,-2,Optimised-sequences_ENV.csv,001,001,N,001,001,N,000,000,N,False,ATT,001,001,N,ATT,1,2,001,001,N,ENV,0,10,-2,8,12
123,GAA,GAG,0,2,0,GAG,0,2,-2,Optimised-sequences_ENV.csv,000,000,N,000,000,N,000,000,N,False,GAG,000,000,N,GAG,1,2,000,000,N,ENV,0,10,-2,8,12
124,GTA,GTG,0,2,0,GTG,0,2,-2,Optimised-sequences_ENV.csv,010,010,N,010,010,N,000,000,N,False,GTG,010,010,N,GTG,1,2,010,010,N,ENV,0,10,-2,8,12
125,TAT,TAC,0,2,0,TAC,0,2,-2,Optimised-sequences_ENV.csv,000,000,N,000,000,N,001,001,N,False,TAC,000,000,N,TAC,1,2,000,000,N,ENV,0,10,-2,8,12
126,GTT,GTG,0,2,0,GTG,0,2,-2,Optimised-sequences_ENV.csv,010,010,N,010,010,N,000,000,N,False,GTG,010,010,N,GTG,1,2,010,010,N,ENV,0,10,-2,8,12
127,AAT,AAC,0,2,0,AAC,0,2,-2,Optimised-sequences_ENV.csv,000,000,N,000,000,N,001,001,N,False,AAC,000,000,N,AAC,1,2,000,000,N,ENV,0,10,-2,8,12
128,GAT,GAC,0,2,0,GAC,0,2,-2,Optimised-sequences_ENV.csv,000,000,N,000,000,N,000,000,N,False,GAC,000,000,N,GAC,1,2,000,000,N,ENV,0,10,-2,8,12
129,AGT,AGC,0,2,0,AGC,0,2,-2,Optimised-sequences_ENV.csv,000,000,N,000,000,N,001,001,N,False,AGC,000,000,N,AGC,1,2,000,000,N,ENV,0,10,-2,8,12
130,GTA,GTG,0,2,0,GTG,0,2,-2,Optimised-sequences_ENV.csv,010,0RR,Y,010,0RR,Y,000,000,N,True,GTT,000,000,N,GTT,0,2,000,000,N,ENV,0,10,-2,8,12
131,TGG,TGG,1,3,0,TGG,1,3,-3,Optimised-sequences_ENV.csv,100,RR0,Y,100,RR0,Y,100,100,N,False,TGG,100,100,N,TGG,1,3,100,100,N,ENV,0,10,-3,7,13
132,GTA,GTC,0,2,0,GTC,0,2,-2,Optimised-sequences_ENV.csv,000,000,N,000,000,N,000,000,N,False,GTC,000,000,N,GTC,1,2,000,000,N,ENV,0,10,-2,8,12
133,CCT,CCC,0,2,0,CCC,0,2,-2,Optimised-sequences_ENV.csv,000,000,N,000,000,N,001,001,N,False,CCC,000,000,N,CCC,1,2,000,000,N,ENV,0,10,-2,8,12
134,GGC,GGC,1,3,1,GGG,0,2,-2,Optimised-sequences_ENV.csv,000,000,N,000,000,N,000,000,N,False,GGG,000,000,N,GGG,0,2,000,000,N,ENV,0,10,-2,8,13
135,CCC,CCC,1,3,1,CCG,0,2,-2,Optimised-sequences_ENV.csv,000,000,N,000,000,N,000,000,N,False,CCG,000,000,N,CCG,0,2,000,000,N,ENV,0,10,-2,8,13
136,ATA,ATC,0,2,0,ATC,0,2,-2,Optimised-sequences_ENV.csv,000,000,N,000,000,N,000,000,N,False,ATC,000,000,N,ATC,1,2,000,000,N,ENV,0,10,-2,8,12
137,GAT,GAC,0,2,0,GAC,0,2,-2,Optimised-sequences_ENV.csv,000,000,N,000,000,N,001,001,N,False,GAC,000,000,N,GAC,1,2,000,000,N,ENV,0,10,-2,8,12
138,GAT,GAC,0,2,0,GAC,0,2,-2,Optimised-sequences_ENV.csv,000,000,N,000,000,N,000,000,N,False,GAC,000,000,N,GAC,1,2,000,000,N,ENV,0,10,-2,8,12
139,CGC,CGG,0,2,0,CGG,0,2,-2,Optimised-sequences_ENV.csv,000,000,N,000,000,N,000,000,N,False,CGG,000,000,N,CGG,1,2,000,000,N,ENV,0,10,-2,8,12
140,TGC,TGC,1,3,1,TGT,0,2,-2,Optimised-sequences_ENV.csv,100,100,N,100,100,N,100,100,N,False,TGT,100,100,N,TGT,0,2,100,100,N,ENV,0,10,-2,8,13
141,CCT,CCT,1,3,1,CCC,0,2,-2,Optimised-sequences_ENV.csv,001,001,N,000,000,N,001,001,N,False,CCC,000,000,N,CCC,0,2,000,000,N,ENV,0,10,-2,8,13
142,GCC,GCA,0,2,0,GCA,0,2,-2,Optimised-sequences_ENV.csv,000,000,N,000,000,N,000,000,N,False,GCA,000,000,N,GCA,1,2,000,000,N,ENV,0,10,-2,8,12
143,AAA,AAG,0,2,0,AAG,0,2,-2,Optimised-sequences_ENV.csv,000,000,N,000,000,N,000,000,N,False,AAG,000,000,N,AAG,1,2,000,000,N,ENV,0,10,-2,8,12
144,CCT,CCT,1,3,1,CCG,0,2,-2,Optimised-sequences_ENV.csv,001,001,N,000,000,N,001,001,N,False,CCG,000,000,N,CCG,0,2,000,000,N,ENV,0,10,-2,8,13
145,GAG,GAG,1,3,1,GAA,0,2,-2,Optimised-sequences_ENV.csv,000,000,N,000,000,N,000,000,N,False,GAA,000,000,N,GAA,0,2,000,000,N,ENV,0,10,-2,8,13
146,GAA,GAA,1,3,1,GAG,0,2,-2,Optimised-sequences_ENV.csv,000,000,N,000,000,N,000,000,N,False,GAG,000,000,N,GAG,0,2,000,000,N,ENV,0,10,-2,8,13
147,GAA,GAA,1,3,1,GAG,0,2,-2,Optimised-sequences_ENV.csv,000,000,N,000,000,N,000,000,N,False,GAG,000,000,N,GAG,0,2,000,000,N,ENV,0,10,-2,8,13
148,GGG,GGC,0,2,0,GGC,0,2,-2,Optimised-sequences_ENV.csv,000,000,N,000,000,N,000,000,N,False,GGC,000,000,N,GGC,1,2,000,000,N,ENV,0,10,-2,8,12
149,ATG,ATG,1,3,1,ATG,1,3,-3,Optimised-sequences_ENV.csv,010,010,N,010,010,N,010,010,N,False,ATG,010,010,N,ATG,1,3,010,010,N,ENV,0,10,-3,7,13
150,ATG,ATG,1,3,1,ATG,1,3,-3,Optimised-sequences_ENV.csv,010,010,N,010,010,N,010,010,N,False,ATG,010,010,N,ATG,1,3,010,010,N,ENV,0,10,-3,7,13
151,ATA,ATT,0,2,0,ATT,0,2,-2,Optimised-sequences_ENV.csv,000,000,N,000,000,N,000,000,N,False,ATT,000,000,N,ATT,1,2,000,000,N,ENV,0,10,-2,8,12
152,AAT,AAC,0,2,0,AAC,0,2,-2,Optimised-sequences_ENV.csv,000,000,N,000,000,N,000,000,N,False,AAC,000,000,N,AAC,1,2,000,000,N,ENV,0,10,-2,8,12
153,ATT,ATC,0,2,0,ATC,0,2,-2,Optimised-sequences_ENV.csv,000,000,N,000,000,N,000,000,N,False,ATC,000,000,N,ATC,1,2,000,000,N,ENV,0,10,-2,8,12
154,TCC,AGC,0,1,0,AGC,0,1,-1,Optimised-sequences_ENV.csv,000,000,N,000,000,N,000,000,N,False,AGC,000,000,N,AGC,1,1,000,000,N,ENV,0,10,-1,9,11
155,ATT,ATC,0,2,0,ATC,0,2,-2,Optimised-sequences_ENV.csv,000,000,N,000,000,N,001,001,N,False,ATC,000,000,N,ATC,1,2,000,000,N,ENV,0,10,-2,8,12
156,GGG,GGA,0,2,0,GGA,0,2,-2,Optimised-sequences_ENV.csv,000,000,N,000,000,N,000,000,N,False,GGA,000,000,N,GGA,1,2,000,000,N,ENV,0,10,-2,8,12
157,TAT,TAT,1,3,0,TAT,1,3,-3,Optimised-sequences_ENV.csv,000,000,N,000,000,N,000,000,N,False,TAT,000,000,N,TAT,1,3,000,000,N,ENV,0,10,-3,7,13
158,CGT,AGA,0,1,0,AGA,0,1,-1,Optimised-sequences_ENV.csv,000,000,N,000,000,N,000,000,N,False,AGA,000,000,N,AGA,1,1,000,000,N,ENV,0,10,-1,9,11
159,TAT,TAC,0,2,0,TAC,0,2,-2,Optimised-sequences_ENV.csv,000,000,N,000,000,N,000,000,N,False,TAC,000,000,N,TAC,1,2,000,000,N,ENV,0,10,-2,8,12
160,CCT,CCC,0,2,0,CCC,0,2,-2,Optimised-sequences_ENV.csv,000,000,N,000,000,N,000,000,N,False,CCC,000,000,N,CCC,1,2,000,000,N,ENV,0,10,-2,8,12
161,CCT,CCT,1,3,0,CCT,1,3,-3,Optimised-sequences_ENV.csv,000,000,N,000,000,N,000,000,N,False,CCT,000,000,N,CCT,1,3,000,000,N,ENV,0,10,-3,7,13
162,ATT,ATC,0,2,0,ATC,0,2,-2,Optimised-sequences_ENV.csv,000,000,N,000,000,N,000,000,N,False,ATC,000,000,N,ATC,1,2,000,000,N,ENV,0,10,-2,8,12
163,TGC,TGC,1,3,0,TGC,1,3,-3,Optimised-sequences_ENV.csv,100,100,N,100,100,N,100,100,N,False,TGC,100,100,N,TGC,1,3,100,100,N,ENV,0,10,-3,7,13
164,CTA,CTG,0,2,0,CTG,0,2,-2,Optimised-sequences_ENV.csv,010,010,N,010,010,N,000,000,N,False,CTG,010,010,N,CTG,1,2,010,010,N,ENV,0,10,-2,8,12
165,GGG,GGC,0,2,0,GGC,0,2,-2,Optimised-sequences_ENV.csv,000,000,N,000,000,N,000,000,N,False,GGC,000,000,N,GGC,1,2,000,000,N,ENV,0,10,-2,8,12
166,AGA,CGA,0,2,0,CGA,0,2,-2,Optimised-sequences_ENV.csv,000,000,N,000,000,N,000,000,N,False,CGA,000,000,N,CGA,1,2,000,000,N,ENV,0,10,-2,8,12
167,GCA,GCT,0,2,0,GCT,0,2,-2,Optimised-sequences_ENV.csv,000,000,N,000,000,N,000,000,N,False,GCT,000,000,N,GCT,1,2,000,000,N,ENV,0,10,-2,8,12
168,CCA,CCT,0,2,0,CCT,0,2,-2,Optimised-sequences_ENV.csv,001,001,N,001,001,N,000,000,N,False,CCT,001,001,N,CCT,1,2,001,001,N,ENV,0,10,-2,8,12
169,GGA,GGC,0,2,0,GGC,0,2,-2,Optimised-sequences_ENV.csv,000,000,N,000,000,N,000,000,N,False,GGC,000,000,N,GGC,1,2,000,000,N,ENV,0,10,-2,8,12
170,TGT,TGC,0,2,0,TGC,0,2,-2,Optimised-sequences_ENV.csv,100,100,N,100,100,N,100,100,N,False,TGC,100,100,N,TGC,1,2,100,100,N,ENV,0,10,-2,8,12
171,TTA,CTG,0,1,0,CTG,0,1,-1,Optimised-sequences_ENV.csv,010,010,N,010,010,N,000,000,N,False,CTG,010,010,N,CTG,1,1,010,010,N,ENV,0,10,-1,9,11
172,ATG,ATG,1,3,0,ATG,1,3,-3,Optimised-sequences_ENV.csv,010,010,N,010,010,N,010,010,N,False,ATG,010,010,N,ATG,1,3,010,010,N,ENV,0,10,-3,7,13
173,CCT,CCG,0,2,0,CCG,0,2,-2,Optimised-sequences_ENV.csv,000,000,N,000,000,N,001,001,N,False,CCG,000,000,N,CCG,1,2,000,000,N,ENV,0,10,-2,8,12
174,GCA,GCC,0,2,0,GCC,0,2,-2,Optimised-sequences_ENV.csv,000,000,N,000,000,N,000,000,N,False,GCC,000,000,N,GCC,1,2,000,000,N,ENV,0,10,-2,8,12
175,GTC,GTG,0,2,0,GTG,0,2,-2,Optimised-sequences_ENV.csv,010,010,N,010,010,N,000,000,N,False,GTG,010,010,N,GTG,1,2,010,010,N,ENV,0,10,-2,8,12
176,CAA,CAG,0,2,0,CAG,0,2,-2,Optimised-sequences_ENV.csv,000,000,N,000,000,N,000,000,N,False,CAG,000,000,N,CAG,1,2,000,000,N,ENV,0,10,-2,8,12
177,AAT,AAT,1,3,1,AAC,0,2,-2,Optimised-sequences_ENV.csv,000,000,N,000,000,N,000,000,N,False,AAC,000,000,N,AAC,0,2,000,000,N,ENV,0,10,-2,8,13
178,TGG,TGG,1,3,1,TGG,1,3,-3,Optimised-sequences_ENV.csv,100,100,N,100,100,N,100,100,N,False,TGG,100,100,N,TGG,1,3,100,100,N,ENV,0,10,-3,7,13
179,TTG,CTG,0,2,0,CTG,0,2,-2,Optimised-sequences_ENV.csv,010,010,N,010,010,N,010,010,N,False,CTG,010,010,N,CTG,1,2,010,010,N,ENV,0,10,-2,8,12
180,GTA,GTG,0,2,0,GTG,0,2,-2,Optimised-sequences_ENV.csv,010,010,N,010,010,N,000,000,N,False,GTG,010,010,N,GTG,1,2,010,010,N,ENV,0,10,-2,8,12
181,GAA,GAA,1,3,0,GAA,1,3,-3,Optimised-sequences_ENV.csv,000,000,N,000,000,N,000,000,N,False,GAA,000,000,N,GAA,1,3,000,000,N,ENV,0,10,-3,7,13
182,GTA,GTG,0,2,0,GTG,0,2,-2,Optimised-sequences_ENV.csv,010,010,N,010,010,N,000,000,N,False,GTG,010,010,N,GTG,1,2,010,010,N,ENV,0,10,-2,8,12
183,CCT,CCA,0,2,0,CCA,0,2,-2,Optimised-sequences_ENV.csv,000,000,N,000,000,N,000,000,N,False,CCA,000,000,N,CCA,1,2,000,000,N,ENV,0,10,-2,8,12
184,ACT,ACC,0,2,0,ACC,0,2,-2,Optimised-sequences_ENV.csv,000,000,N,000,000,N,001,001,N,False,ACC,000,000,N,ACC,1,2,000,000,N,ENV,0,10,-2,8,12
185,GTC,GTG,0,2,0,GTG,0,2,-2,Optimised-sequences_ENV.csv,010,010,N,010,010,N,000,000,N,False,GTG,010,010,N,GTG,1,2,010,010,N,ENV,0,10,-2,8,12
186,AGT,TCT,0,1,0,TCT,0,1,-1,Optimised-sequences_ENV.csv,000,000,N,000,000,N,000,000,N,False,TCT,000,000,N,TCT,1,1,000,000,N,ENV,0,10,-1,9,11
187,CCC,CCT,0,2,0,CCT,0,2,-2,Optimised-sequences_ENV.csv,000,000,N,000,000,N,000,000,N,False,CCT,000,000,N,CCT,1,2,000,000,N,ENV,0,10,-2,8,12
188,ATC,ATC,1,3,0,ATC,1,3,-3,Optimised-sequences_ENV.csv,000,000,N,000,000,N,000,000,N,False,ATC,000,000,N,ATC,1,3,000,000,N,ENV,0,10,-3,7,13
189,AGT,AGC,0,2,0,AGC,0,2,-2,Optimised-sequences_ENV.csv,000,000,N,000,000,N,000,000,N,False,AGC,000,000,N,AGC,1,2,000,000,N,ENV,0,10,-2,8,12
190,AGA,CGT,0,1,0,CGT,0,1,-1,Optimised-sequences_ENV.csv,000,000,N,000,000,N,000,000,N,False,CGT,000,000,N,CGT,1,1,000,000,N,ENV,0,10,-1,9,11
191,TTC,TTC,1,3,0,TTC,1,3,-3,Optimised-sequences_ENV.csv,000,000,N,000,000,N,000,000,N,False,TTC,000,000,N,TTC,1,3,000,000,N,ENV,0,10,-3,7,13
192,ACT,ACC,0,2,0,ACC,0,2,-2,Optimised-sequences_ENV.csv,000,000,N,000,000,N,000,000,N,False,ACC,000,000,N,ACC,1,2,000,000,N,ENV,0,10,-2,8,12
193,TAT,TAC,0,2,0,TAC,0,2,-2,Optimised-sequences_ENV.csv,000,000,N,000,000,N,000,000,N,False,TAC,000,000,N,TAC,1,2,000,000,N,ENV,0,10,-2,8,12
194,CAC,CAC,1,3,1,CAT,0,2,-2,Optimised-sequences_ENV.csv,000,000,N,000,000,N,000,000,N,False,CAT,000,000,N,CAT,0,2,000,000,N,ENV,0,10,-2,8,13
195,ATG,ATG,1,3,1,ATG,1,3,-3,Optimised-sequences_ENV.csv,010,010,N,010,010,N,010,010,N,False,ATG,010,010,N,ATG,1,3,010,010,N,ENV,0,10,-3,7,13
196,GTA,GTG,0,2,0,GTG,0,2,-2,Optimised-sequences_ENV.csv,010,010,N,010,010,N,000,000,N,False,GTG,010,010,N,GTG,1,2,010,010,N,ENV,0,10,-2,8,12
197,AGC,TCC,0,1,0,TCC,0,1,-1,Optimised-sequences_ENV.csv,000,000,N,000,000,N,000,000,N,False,TCC,000,000,N,TCC,1,1,000,000,N,ENV,0,10,-1,9,11
198,GGG,GGC,0,2,0,GGC,0,2,-2,Optimised-sequences_ENV.csv,000,000,N,000,000,N,000,000,N,False,GGC,000,000,N,GGC,1,2,000,000,N,ENV,0,10,-2,8,12
199,ATG,ATG,1,3,0,ATG,1,3,-3,Optimised-sequences_ENV.csv,010,010,N,010,010,N,010,010,N,False,ATG,010,010,N,ATG,1,3,010,010,N,ENV,0,10,-3,7,13
200,TCA,TCT,0,2,0,TCT,0,2,-2,Optimised-sequences_ENV.csv,000,000,N,000,000,N,000,000,N,False,TCT,000,000,N,TCT,1,2,000,000,N,ENV,0,10,-2,8,12
201,CTC,CTA,0,2,0,CTA,0,2,-2,Optimised-sequences_ENV.csv,000,000,N,000,000,N,000,000,N,False,CTA,000,000,N,CTA,1,2,000,000,N,ENV,0,10,-2,8,12
202,AGG,CGG,0,2,0,CGG,0,2,-2,Optimised-sequences_ENV.csv,000,000,N,000,000,N,000,000,N,False,CGG,000,000,N,CGG,1,2,000,000,N,ENV,0,10,-2,8,12
203,CCA,CCC,0,2,0,CCC,0,2,-2,Optimised-sequences_ENV.csv,000,000,N,000,000,N,000,000,N,False,CCC,000,000,N,CCC,1,2,000,000,N,ENV,0,10,-2,8,12
204,CGG,AGA,0,1,0,AGA,0,1,-1,Optimised-sequences_ENV.csv,000,000,N,000,000,N,000,000,N,False,AGA,000,000,N,AGA,1,1,000,000,N,ENV,0,10,-1,9,11
205,GTA,GTG,0,2,0,GTG,0,2,-2,Optimised-sequences_ENV.csv,010,010,N,010,010,N,000,000,N,False,GTG,010,010,N,GTG,1,2,010,010,N,ENV,0,10,-2,8,12
206,AAT,AAC,0,2,0,AAC,0,2,-2,Optimised-sequences_ENV.csv,000,000,N,000,000,N,000,000,N,False,AAC,000,000,N,AAC,1,2,000,000,N,ENV,0,10,-2,8,12
207,TAT,TAC,0,2,0,TAC,0,2,-2,Optimised-sequences_ENV.csv,000,000,N,000,000,N,000,000,N,False,TAC,000,000,N,TAC,1,2,000,000,N,ENV,0,10,-2,8,12
208,TTA,CTG,0,1,0,CTG,0,1,-1,Optimised-sequences_ENV.csv,010,010,N,010,010,N,000,000,N,False,CTG,010,010,N,CTG,1,1,010,010,N,ENV,0,10,-1,9,11
209,CAA,CAG,0,2,0,CAG,0,2,-2,Optimised-sequences_ENV.csv,000,000,N,000,000,N,000,000,N,False,CAG,000,000,N,CAG,1,2,000,000,N,ENV,0,10,-2,8,12
210,GAC,GAC,1,3,0,GAC,1,3,-3,Optimised-sequences_ENV.csv,000,000,N,000,000,N,000,000,N,False,GAC,000,000,N,GAC,1,3,000,000,N,ENV,0,10,-3,7,13
211,TTT,TTC,0,2,0,TTC,0,2,-2,Optimised-sequences_ENV.csv,000,000,N,000,000,N,000,000,N,False,TTC,000,000,N,TTC,1,2,000,000,N,ENV,0,10,-2,8,12
212,TCT,AGC,0,0,0,AGC,0,0,0,Optimised-sequences_ENV.csv,000,000,N,000,000,N,000,000,N,False,AGC,000,000,N,AGC,1,0,000,000,N,ENV,0,10,0,10,10
213,TAT,TAC,0,2,0,TAC,0,2,-2,Optimised-sequences_ENV.csv,000,000,N,000,000,N,000,000,N,False,TAC,000,000,N,TAC,1,2,000,000,N,ENV,0,10,-2,8,12
214,CAA,CAG,0,2,0,CAG,0,2,-2,Optimised-sequences_ENV.csv,000,000,N,000,000,N,000,000,N,False,CAG,000,000,N,CAG,1,2,000,000,N,ENV,0,10,-2,8,12
215,AGA,CGG,0,1,0,CGG,0,1,-1,Optimised-sequences_ENV.csv,000,000,N,000,000,N,000,000,N,False,CGG,000,000,N,CGG,1,1,000,000,N,ENV,0,10,-1,9,11
216,TCA,TCC,0,2,0,TCC,0,2,-2,Optimised-sequences_ENV.csv,000,000,N,000,000,N,000,000,N,False,TCC,000,000,N,TCC,1,2,000,000,N,ENV,0,10,-2,8,12
217,TTA,CTG,0,1,0,CTG,0,1,-1,Optimised-sequences_ENV.csv,010,010,N,010,010,N,000,000,N,False,CTG,010,010,N,CTG,1,1,010,010,N,ENV,0,10,-1,9,11
218,AAA,AAG,0,2,0,AAG,0,2,-2,Optimised-sequences_ENV.csv,000,000,N,000,000,N,000,000,N,False,AAG,000,000,N,AAG,1,2,000,000,N,ENV,0,10,-2,8,12
219,TTT,TTC,0,2,0,TTC,0,2,-2,Optimised-sequences_ENV.csv,000,000,N,000,000,N,000,000,N,False,TTC,000,000,N,TTC,1,2,000,000,N,ENV,0,10,-2,8,12
220,AGA,CGG,0,1,0,CGG,0,1,-1,Optimised-sequences_ENV.csv,000,000,N,000,000,N,000,000,N,False,CGG,000,000,N,CGG,1,1,000,000,N,ENV,0,10,-1,9,11
221,CCT,CCA,0,2,0,CCA,0,2,-2,Optimised-sequences_ENV.csv,000,000,N,000,000,N,000,000,N,False,CCA,000,000,N,CCA,1,2,000,000,N,ENV,0,10,-2,8,12
222,AAA,AAG,0,2,0,AAG,0,2,-2,Optimised-sequences_ENV.csv,000,000,N,000,000,N,000,000,N,False,AAG,000,000,N,AAG,1,2,000,000,N,ENV,0,10,-2,8,12
223,GGG,GGC,0,2,0,GGC,0,2,-2,Optimised-sequences_ENV.csv,000,000,N,000,000,N,000,000,N,False,GGC,000,000,N,GGC,1,2,000,000,N,ENV,0,10,-2,8,12
224,AAA,AAG,0,2,0,AAG,0,2,-2,Optimised-sequences_ENV.csv,000,000,N,000,000,N,000,000,N,False,AAG,000,000,N,AAG,1,2,000,000,N,ENV,0,10,-2,8,12
225,CCT,CCT,1,3,0,CCT,1,3,-3,Optimised-sequences_ENV.csv,000,000,N,000,000,N,000,000,N,False,CCT,000,000,N,CCT,1,3,000,000,N,ENV,0,10,-3,7,13
226,TGC,TGT,0,2,0,TGT,0,2,-2,Optimised-sequences_ENV.csv,100,100,N,100,100,N,100,100,N,False,TGT,100,100,N,TGT,1,2,100,100,N,ENV,0,10,-2,8,12
227,CCC,CCT,0,2,0,CCT,0,2,-2,Optimised-sequences_ENV.csv,000,000,N,000,000,N,000,000,N,False,CCT,000,000,N,CCT,1,2,000,000,N,ENV,0,10,-2,8,12
228,AAG,AAG,1,3,1,AAA,0,2,-2,Optimised-sequences_ENV.csv,000,000,N,000,000,N,000,000,N,False,AAA,000,000,N,AAA,0,2,000,000,N,ENV,0,10,-2,8,13
229,GAA,GAA,1,3,1,GAG,0,2,-2,Optimised-sequences_ENV.csv,000,000,N,000,000,N,000,000,N,False,GAG,000,000,N,GAG,0,2,000,000,N,ENV,0,10,-2,8,13
230,ATT,ATC,0,2,0,ATC,0,2,-2,Optimised-sequences_ENV.csv,000,000,N,000,000,N,000,000,N,False,ATC,000,000,N,ATC,1,2,000,000,N,ENV,0,10,-2,8,12
231,CCC,CCC,1,3,0,CCC,1,3,-3,Optimised-sequences_ENV.csv,000,000,N,000,000,N,000,000,N,False,CCC,000,000,N,CCC,1,3,000,000,N,ENV,0,10,-3,7,13
232,AAA,AAG,0,2,0,AAG,0,2,-2,Optimised-sequences_ENV.csv,000,000,N,000,000,N,000,000,N,False,AAG,000,000,N,AAG,1,2,000,000,N,ENV,0,10,-2,8,12
233,GAA,GAA,1,3,0,GAA,1,3,-3,Optimised-sequences_ENV.csv,000,000,N,000,000,N,000,000,N,False,GAA,000,000,N,GAA,1,3,000,000,N,ENV,0,10,-3,7,13
234,TCA,AGC,0,0,0,AGC,0,0,0,Optimised-sequences_ENV.csv,000,000,N,000,000,N,000,000,N,False,AGC,000,000,N,AGC,1,0,000,000,N,ENV,0,10,0,10,10
235,AAA,AAA,1,3,0,AAA,1,3,-3,Optimised-sequences_ENV.csv,000,000,N,000,000,N,000,000,N,False,AAA,000,000,N,AAA,1,3,000,000,N,ENV,0,10,-3,7,13
236,AAT,AAC,0,2,0,AAC,0,2,-2,Optimised-sequences_ENV.csv,000,000,N,000,000,N,000,000,N,False,AAC,000,000,N,AAC,1,2,000,000,N,ENV,0,10,-2,8,12
237,ACA,ACC,0,2,0,ACC,0,2,-2,Optimised-sequences_ENV.csv,000,000,N,000,000,N,000,000,N,False,ACC,000,000,N,ACC,1,2,000,000,N,ENV,0,10,-2,8,12
238,GAA,GAA,1,3,1,GAG,0,2,-2,Optimised-sequences_ENV.csv,000,000,N,000,000,N,000,000,N,False,GAG,000,000,N,GAG,0,2,000,000,N,ENV,0,10,-2,8,13
239,GTT,GTT,1,3,1,GTC,0,2,-2,Optimised-sequences_ENV.csv,000,000,N,000,000,N,000,000,N,False,GTC,000,000,N,GTC,0,2,000,000,N,ENV,0,10,-2,8,13
240,TTA,CTC,0,1,0,CTC,0,1,-1,Optimised-sequences_ENV.csv,000,000,N,000,000,N,000,000,N,False,CTC,000,000,N,CTC,1,1,000,000,N,ENV,0,10,-1,9,11
241,GTT,GTT,1,3,1,GTG,0,2,-2,Optimised-sequences_ENV.csv,000,000,N,010,0RR,Y,000,000,N,True,GTT,000,000,N,GTT,1,3,000,000,N,ENV,0,10,-3,7,13
242,TGG,TGG,1,3,1,TGG,1,3,-3,Optimised-sequences_ENV.csv,100,100,N,100,RR0,Y,100,100,N,False,TGG,100,100,N,TGG,1,3,100,100,N,ENV,0,10,-3,7,13
243,GAA,GAA,1,3,1,GAG,0,2,-2,Optimised-sequences_ENV.csv,000,000,N,000,000,N,000,000,N,False,GAG,000,000,N,GAG,0,2,000,000,N,ENV,0,10,-2,8,13
244,GAA,GAG,0,2,0,GAG,0,2,-2,Optimised-sequences_ENV.csv,000,000,N,000,000,N,000,000,N,False,GAG,000,000,N,GAG,1,2,000,000,N,ENV,0,10,-2,8,12
245,TGT,TGC,0,2,0,TGC,0,2,-2,Optimised-sequences_ENV.csv,100,100,N,100,100,N,101,RRR,Y,False,TGC,100,100,N,TGC,1,2,100,100,N,ENV,0,10,-2,8,12
246,GTG,GTG,1,3,1,GTC,0,2,-2,Optimised-sequences_ENV.csv,010,010,N,000,000,N,010,R10,Y,False,GTC,000,000,N,GTC,0,2,000,000,N,ENV,0,10,-2,8,13
247,GCC,GCC,1,3,1,GCT,0,2,-2,Optimised-sequences_ENV.csv,000,000,N,000,000,N,000,000,N,False,GCT,000,000,N,GCT,0,2,000,000,N,ENV,0,10,-2,8,13
248,AAT,AAT,1,3,1,AAC,0,2,-2,Optimised-sequences_ENV.csv,000,000,N,000,000,N,000,000,N,False,AAC,000,000,N,AAC,0,2,000,000,N,ENV,0,10,-2,8,13
249,AGT,TCC,0,0,0,TCC,0,0,0,Optimised-sequences_ENV.csv,000,000,N,000,000,N,001,001,N,False,TCC,000,000,N,TCC,1,0,000,000,N,ENV,0,10,0,10,10
250,GCG,GCC,0,2,0,GCC,0,2,-2,Optimised-sequences_ENV.csv,000,000,N,000,000,N,000,000,N,False,GCC,000,000,N,GCC,1,2,000,000,N,ENV,0,10,-2,8,12
251,GTG,GTG,1,3,0,GTG,1,3,-3,Optimised-sequences_ENV.csv,010,010,N,010,010,N,010,010,N,False,GTG,010,010,N,GTG,1,3,010,010,N,ENV,0,10,-3,7,13
252,ATA,ATC,0,2,0,ATC,0,2,-2,Optimised-sequences_ENV.csv,000,000,N,000,000,N,000,000,N,False,ATC,000,000,N,ATC,1,2,000,000,N,ENV,0,10,-2,8,12
253,TTA,CTG,0,1,0,CTG,0,1,-1,Optimised-sequences_ENV.csv,010,010,N,010,010,N,000,000,N,False,CTG,010,010,N,CTG,1,1,010,010,N,ENV,0,10,-1,9,11
254,CAA,CAA,1,3,1,CAG,0,2,-2,Optimised-sequences_ENV.csv,000,000,N,000,000,N,000,000,N,False,CAG,000,000,N,CAG,0,2,000,000,N,ENV,0,10,-2,8,13
255,AAC,AAC,1,3,1,AAT,0,2,-2,Optimised-sequences_ENV.csv,000,000,N,000,000,N,000,000,N,False,AAT,000,000,N,AAT,0,2,000,000,N,ENV,0,10,-2,8,13
256,AAT,AAC,0,2,0,AAC,0,2,-2,Optimised-sequences_ENV.csv,000,000,N,000,000,N,001,001,N,False,AAC,000,000,N,AAC,1,2,000,000,N,ENV,0,10,-2,8,12
257,GAA,GAG,0,2,0,GAG,0,2,-2,Optimised-sequences_ENV.csv,000,000,N,000,000,N,000,000,N,False,GAG,000,000,N,GAG,1,2,000,000,N,ENV,0,10,-2,8,12
258,TTT,TTC,0,2,0,TTC,0,2,-2,Optimised-sequences_ENV.csv,000,000,N,000,000,N,001,001,N,False,TTC,000,000,N,TTC,1,2,000,000,N,ENV,0,10,-2,8,12
259,GGA,GGC,0,2,0,GGC,0,2,-2,Optimised-sequences_ENV.csv,000,000,N,000,000,N,000,000,N,False,GGC,000,000,N,GGC,1,2,000,000,N,ENV,0,10,-2,8,12
260,ACT,ACC,0,2,0,ACC,0,2,-2,Optimised-sequences_ENV.csv,000,000,N,000,000,N,000,000,N,False,ACC,000,000,N,ACC,1,2,000,000,N,ENV,0,10,-2,8,12
261,ATT,ATT,1,3,0,ATT,1,3,-3,Optimised-sequences_ENV.csv,000,000,N,000,000,N,000,000,N,False,ATT,000,000,N,ATT,1,3,000,000,N,ENV,0,10,-3,7,13
262,ATA,ATC,0,2,0,ATC,0,2,-2,Optimised-sequences_ENV.csv,000,000,N,000,000,N,000,000,N,False,ATC,000,000,N,ATC,1,2,000,000,N,ENV,0,10,-2,8,12
263,GAT,GAC,0,2,0,GAC,0,2,-2,Optimised-sequences_ENV.csv,000,000,N,000,000,N,000,000,N,False,GAC,000,000,N,GAC,1,2,000,000,N,ENV,0,10,-2,8,12
264,TGG,TGG,1,3,0,TGG,1,3,-3,Optimised-sequences_ENV.csv,100,100,N,100,100,N,100,100,N,False,TGG,100,100,N,TGG,1,3,100,100,N,ENV,0,10,-3,7,13
265,GCA,GCC,0,2,0,GCC,0,2,-2,Optimised-sequences_ENV.csv,000,000,N,000,000,N,000,000,N,False,GCC,000,000,N,GCC,1,2,000,000,N,ENV,0,10,-2,8,12
266,CCT,CCA,0,2,0,CCA,0,2,-2,Optimised-sequences_ENV.csv,000,000,N,000,000,N,000,000,N,False,CCA,000,000,N,CCA,1,2,000,000,N,ENV,0,10,-2,8,12
267,CGA,AGA,0,2,0,AGA,0,2,-2,Optimised-sequences_ENV.csv,000,000,N,000,000,N,000,000,N,False,AGA,000,000,N,AGA,1,2,000,000,N,ENV,0,10,-2,8,12
268,GGT,GGC,0,2,0,GGC,0,2,-2,Optimised-sequences_ENV.csv,000,000,N,000,000,N,000,000,N,False,GGC,000,000,N,GGC,1,2,000,000,N,ENV,0,10,-2,8,12
269,CAA,CAG,0,2,0,CAG,0,2,-2,Optimised-sequences_ENV.csv,000,000,N,000,000,N,000,000,N,False,CAG,000,000,N,CAG,1,2,000,000,N,ENV,0,10,-2,8,12
270,TTC,TTC,1,3,1,TTT,0,2,-2,Optimised-sequences_ENV.csv,000,000,N,000,000,N,000,000,N,False,TTT,000,000,N,TTT,0,2,000,000,N,ENV,0,10,-2,8,13
271,TAC,TAC,1,3,1,TAT,0,2,-2,Optimised-sequences_ENV.csv,000,000,N,000,000,N,000,000,N,False,TAT,000,000,N,TAT,0,2,000,000,N,ENV,0,10,-2,8,13
272,CAC,CAT,0,2,0,CAT,0,2,-2,Optimised-sequences_ENV.csv,000,000,N,000,000,N,000,000,N,False,CAT,000,000,N,CAT,1,2,000,000,N,ENV,0,10,-2,8,12
273,AAT,AAT,1,3,1,AAC,0,2,-2,Optimised-sequences_ENV.csv,000,000,N,000,000,N,000,000,N,False,AAC,000,000,N,AAC,0,2,000,000,N,ENV,0,10,-2,8,13
274,TGC,TGC,1,3,1,TGT,0,2,-2,Optimised-sequences_ENV.csv,100,100,N,100,100,N,100,100,N,False,TGT,100,100,N,TGT,0,2,100,100,N,ENV,0,10,-2,8,13
275,TCA,AGC,0,0,0,AGC,0,0,0,Optimised-sequences_ENV.csv,000,000,N,000,000,N,000,000,N,False,AGC,000,000,N,AGC,1,0,000,000,N,ENV,0,10,0,10,10
276,GGA,GGT,0,2,0,GGT,0,2,-2,Optimised-sequences_ENV.csv,000,000,N,000,000,N,000,000,N,False,GGT,000,000,N,GGT,1,2,000,000,N,ENV,0,10,-2,8,12
277,CAA,CAG,0,2,0,CAG,0,2,-2,Optimised-sequences_ENV.csv,000,000,N,000,000,N,000,000,N,False,CAG,000,000,N,CAG,1,2,000,000,N,ENV,0,10,-2,8,12
278,ACT,ACA,0,2,0,ACA,0,2,-2,Optimised-sequences_ENV.csv,000,000,N,000,000,N,000,000,N,False,ACA,000,000,N,ACA,1,2,000,000,N,ENV,0,10,-2,8,12
279,CAG,CAG,1,3,0,CAG,1,3,-3,Optimised-sequences_ENV.csv,000,000,N,000,000,N,000,000,N,False,CAG,000,000,N,CAG,1,3,000,000,N,ENV,0,10,-3,7,13
280,TCG,AGC,0,0,0,AGC,0,0,0,Optimised-sequences_ENV.csv,000,000,N,000,000,N,000,000,N,False,AGC,000,000,N,AGC,1,0,000,000,N,ENV,0,10,0,10,10
281,TGT,TGC,0,2,0,TGC,0,2,-2,Optimised-sequences_ENV.csv,100,100,N,100,100,N,100,100,N,False,TGC,100,100,N,TGC,1,2,100,100,N,ENV,0,10,-2,8,12
282,CCA,CCC,0,2,0,CCC,0,2,-2,Optimised-sequences_ENV.csv,000,000,N,000,000,N,000,000,N,False,CCC,000,000,N,CCC,1,2,000,000,N,ENV,0,10,-2,8,12
283,AGT,AGC,0,2,0,AGC,0,2,-2,Optimised-sequences_ENV.csv,000,000,N,000,000,N,001,001,N,False,AGC,000,000,N,AGC,1,2,000,000,N,ENV,0,10,-2,8,12
284,GCA,GCC,0,2,0,GCC,0,2,-2,Optimised-sequences_ENV.csv,000,000,N,000,000,N,000,000,N,False,GCC,000,000,N,GCC,1,2,000,000,N,ENV,0,10,-2,8,12
285,CAA,CAG,0,2,0,CAG,0,2,-2,Optimised-sequences_ENV.csv,000,000,N,000,000,N,000,000,N,False,CAG,000,000,N,CAG,1,2,000,000,N,ENV,0,10,-2,8,12
286,GTG,GTG,1,3,0,GTG,1,3,-3,Optimised-sequences_ENV.csv,010,010,N,010,010,N,010,010,N,False,GTG,010,010,N,GTG,1,3,010,010,N,ENV,0,10,-3,7,13
287,AGT,AGC,0,2,0,AGC,0,2,-2,Optimised-sequences_ENV.csv,000,000,N,000,000,N,000,000,N,False,AGC,000,000,N,AGC,1,2,000,000,N,ENV,0,10,-2,8,12
288,CCA,CCT,0,2,0,CCT,0,2,-2,Optimised-sequences_ENV.csv,001,001,N,001,001,N,000,000,N,False,CCT,001,001,N,CCT,1,2,001,001,N,ENV,0,10,-2,8,12
289,GCT,GCC,0,2,0,GCC,0,2,-2,Optimised-sequences_ENV.csv,000,000,N,000,000,N,001,001,N,False,GCC,000,000,N,GCC,1,2,000,000,N,ENV,0,10,-2,8,12
290,GTT,GTT,1,3,0,GTT,1,3,-3,Optimised-sequences_ENV.csv,001,001,N,001,001,N,001,001,N,False,GTT,001,001,N,GTT,1,3,001,001,N,ENV,0,10,-3,7,13
291,GAT,GAC,0,2,0,GAC,0,2,-2,Optimised-sequences_ENV.csv,000,000,N,000,000,N,000,000,N,False,GAC,000,000,N,GAC,1,2,000,000,N,ENV,0,10,-2,8,12
292,AGC,AGC,1,3,1,TCA,0,0,0,Optimised-sequences_ENV.csv,000,000,N,000,000,N,000,000,N,False,TCA,000,000,N,TCA,0,0,000,000,N,ENV,0,10,0,10,13
293,GAC,GAC,1,3,1,GAT,0,2,-2,Optimised-sequences_ENV.csv,000,000,N,000,000,N,000,000,N,False,GAT,000,000,N,GAT,0,2,000,000,N,ENV,0,10,-2,8,13
294,TTA,CTG,0,1,0,CTG,0,1,-1,Optimised-sequences_ENV.csv,010,010,N,010,010,N,000,000,N,False,CTG,010,010,N,CTG,1,1,010,010,N,ENV,0,10,-1,9,11
295,ACA,ACC,0,2,0,ACC,0,2,-2,Optimised-sequences_ENV.csv,000,000,N,000,000,N,000,000,N,False,ACC,000,000,N,ACC,1,2,000,000,N,ENV,0,10,-2,8,12
296,GAA,GAG,0,2,0,GAG,0,2,-2,Optimised-sequences_ENV.csv,000,000,N,000,000,N,000,000,N,False,GAG,000,000,N,GAG,1,2,000,000,N,ENV,0,10,-2,8,12
297,AGT,AGC,0,2,0,AGC,0,2,-2,Optimised-sequences_ENV.csv,000,000,N,000,000,N,000,000,N,False,AGC,000,000,N,AGC,1,2,000,000,N,ENV,0,10,-2,8,12
298,TTA,CTG,0,1,0,CTG,0,1,-1,Optimised-sequences_ENV.csv,010,010,N,010,010,N,000,000,N,False,CTG,010,010,N,CTG,1,1,010,010,N,ENV,0,10,-1,9,11
299,GAC,GAT,0,2,0,GAT,0,2,-2,Optimised-sequences_ENV.csv,000,000,N,000,000,N,000,000,N,False,GAT,000,000,N,GAT,1,2,000,000,N,ENV,0,10,-2,8,12
300,AAA,AAG,0,2,0,AAG,0,2,-2,Optimised-sequences_ENV.csv,000,000,N,000,000,N,000,000,N,False,AAG,000,000,N,AAG,1,2,000,000,N,ENV,0,10,-2,8,12
301,CAT,CAC,0,2,0,CAC,0,2,-2,Optimised-sequences_ENV.csv,000,000,N,000,000,N,000,000,N,False,CAC,000,000,N,CAC,1,2,000,000,N,ENV,0,10,-2,8,12
302,AAG,AAA,0,2,0,AAA,0,2,-2,Optimised-sequences_ENV.csv,000,000,N,000,000,N,000,000,N,False,AAA,000,000,N,AAA,1,2,000,000,N,ENV,0,10,-2,8,12
303,CAT,CAC,0,2,0,CAC,0,2,-2,Optimised-sequences_ENV.csv,000,000,N,000,000,N,000,000,N,False,CAC,000,000,N,CAC,1,2,000,000,N,ENV,0,10,-2,8,12
304,AAA,AAG,0,2,0,AAG,0,2,-2,Optimised-sequences_ENV.csv,000,000,N,000,000,N,000,000,N,False,AAG,000,000,N,AAG,1,2,000,000,N,ENV,0,10,-2,8,12
305,AAA,AAA,1,3,0,AAA,1,3,-3,Optimised-sequences_ENV.csv,000,000,N,000,000,N,000,000,N,False,AAA,000,000,N,AAA,1,3,000,000,N,ENV,0,10,-3,7,13
306,TTG,CTG,0,2,0,CTG,0,2,-2,Optimised-sequences_ENV.csv,010,010,N,010,010,N,010,010,N,False,CTG,010,010,N,CTG,1,2,010,010,N,ENV,0,10,-2,8,12
307,CAG,CAA,0,2,0,CAA,0,2,-2,Optimised-sequences_ENV.csv,000,000,N,000,000,N,000,000,N,False,CAA,000,000,N,CAA,1,2,000,000,N,ENV,0,10,-2,8,12
308,TCT,TCT,1,3,1,TCA,0,2,-2,Optimised-sequences_ENV.csv,000,000,N,000,000,N,000,000,N,False,TCA,000,000,N,TCA,0,2,000,000,N,ENV,0,10,-2,8,13
309,TTC,TTC,1,3,1,TTT,0,2,-2,Optimised-sequences_ENV.csv,000,000,N,000,000,N,000,000,N,False,TTT,000,000,N,TTT,0,2,000,000,N,ENV,0,10,-2,8,13
310,TAC,TAC,1,3,1,TAT,0,2,-2,Optimised-sequences_ENV.csv,000,000,N,000,000,N,000,000,N,False,TAT,000,000,N,TAT,0,2,000,000,N,ENV,0,10,-2,8,13
311,CCT,CCT,1,3,1,CCA,0,2,-2,Optimised-sequences_ENV.csv,000,000,N,000,000,N,000,000,N,False,CCA,000,000,N,CCA,0,2,000,000,N,ENV,0,10,-2,8,13
312,TGG,TGG,1,3,1,TGG,1,3,-3,Optimised-sequences_ENV.csv,100,100,N,100,100,N,100,100,N,False,TGG,100,100,N,TGG,1,3,100,100,N,ENV,0,10,-3,7,13
313,GAA,GAG,0,2,0,GAG,0,2,-2,Optimised-sequences_ENV.csv,000,000,N,000,000,N,000,000,N,False,GAG,000,000,N,GAG,1,2,000,000,N,ENV,0,10,-2,8,12
314,TGG,TGG,1,3,0,TGG,1,3,-3,Optimised-sequences_ENV.csv,100,100,N,100,100,N,100,100,N,False,TGG,100,100,N,TGG,1,3,100,100,N,ENV,0,10,-3,7,13
315,GGA,GGC,0,2,0,GGC,0,2,-2,Optimised-sequences_ENV.csv,000,000,N,000,000,N,000,000,N,False,GGC,000,000,N,GGC,1,2,000,000,N,ENV,0,10,-2,8,12
316,GAA,GAG,0,2,0,GAG,0,2,-2,Optimised-sequences_ENV.csv,000,000,N,000,000,N,000,000,N,False,GAG,000,000,N,GAG,1,2,000,000,N,ENV,0,10,-2,8,12
317,AAA,AAG,0,2,0,AAG,0,2,-2,Optimised-sequences_ENV.csv,000,000,N,000,000,N,000,000,N,False,AAG,000,000,N,AAG,1,2,000,000,N,ENV,0,10,-2,8,12
318,GGA,GGC,0,2,0,GGC,0,2,-2,Optimised-sequences_ENV.csv,000,000,N,000,000,N,000,000,N,False,GGC,000,000,N,GGC,1,2,000,000,N,ENV,0,10,-2,8,12
319,ATC,ATC,1,3,0,ATC,1,3,-3,Optimised-sequences_ENV.csv,000,000,N,000,000,N,000,000,N,False,ATC,000,000,N,ATC,1,3,000,000,N,ENV,0,10,-3,7,13
320,TCT,AGC,0,0,0,AGC,0,0,0,Optimised-sequences_ENV.csv,000,000,N,000,000,N,000,000,N,False,AGC,000,000,N,AGC,1,0,000,000,N,ENV,0,10,0,10,10
321,ACC,ACC,1,3,0,ACC,1,3,-3,Optimised-sequences_ENV.csv,000,000,N,000,000,N,000,000,N,False,ACC,000,000,N,ACC,1,3,000,000,N,ENV,0,10,-3,7,13
322,CCA,CCT,0,2,0,CCT,0,2,-2,Optimised-sequences_ENV.csv,000,000,N,000,000,N,000,000,N,False,CCT,000,000,N,CCT,1,2,000,000,N,ENV,0,10,-2,8,12
323,AGA,AGA,1,3,0,AGA,1,3,-3,Optimised-sequences_ENV.csv,000,000,N,000,000,N,000,000,N,False,AGA,000,000,N,AGA,1,3,000,000,N,ENV,0,10,-3,7,13
324,CCA,CCT,0,2,0,CCT,0,2,-2,Optimised-sequences_ENV.csv,000,000,N,000,000,N,000,000,N,False,CCT,000,000,N,CCT,1,2,000,000,N,ENV,0,10,-2,8,12
325,AAA,AAG,0,2,0,AAG,0,2,-2,Optimised-sequences_ENV.csv,000,000,N,000,000,N,000,000,N,False,AAG,000,000,N,AAG,1,2,000,000,N,ENV,0,10,-2,8,12
326,ATA,ATC,0,2,0,ATC,0,2,-2,Optimised-sequences_ENV.csv,000,000,N,000,000,N,000,000,N,False,ATC,000,000,N,ATC,1,2,000,000,N,ENV,0,10,-2,8,12
327,GTA,GTG,0,2,0,GTG,0,2,-2,Optimised-sequences_ENV.csv,010,010,N,010,010,N,000,000,N,False,GTG,010,010,N,GTG,1,2,010,010,N,ENV,0,10,-2,8,12
328,AGT,AGC,0,2,0,AGC,0,2,-2,Optimised-sequences_ENV.csv,000,000,N,000,000,N,000,000,N,False,AGC,000,000,N,AGC,1,2,000,000,N,ENV,0,10,-2,8,12
329,CCT,CCT,1,3,0,CCT,1,3,-3,Optimised-sequences_ENV.csv,001,00R,Y,001,00R,Y,001,001,N,True,CCA,000,000,N,CCA,0,2,000,000,N,ENV,0,10,-2,8,13
330,GTT,GTG,0,2,0,GTG,0,2,-2,Optimised-sequences_ENV.csv,010,RRR,Y,010,RRR,Y,000,000,N,False,GTG,010,010,N,GTG,1,2,010,010,N,ENV,0,10,-2,8,12
331,TCT,AGC,0,0,0,AGC,0,0,0,Optimised-sequences_ENV.csv,000,000,N,000,000,N,001,001,N,False,AGC,000,000,N,AGC,1,0,000,000,N,ENV,0,10,0,10,10
332,GGT,GGA,0,2,0,GGA,0,2,-2,Optimised-sequences_ENV.csv,000,000,N,000,000,N,000,000,N,False,GGA,000,000,N,GGA,1,2,000,000,N,ENV,0,10,-2,8,12
333,CCT,CCA,0,2,0,CCA,0,2,-2,Optimised-sequences_ENV.csv,000,000,N,000,000,N,001,001,N,False,CCA,000,000,N,CCA,1,2,000,000,N,ENV,0,10,-2,8,12
334,GAA,GAG,0,2,0,GAG,0,2,-2,Optimised-sequences_ENV.csv,000,000,N,000,000,N,000,000,N,False,GAG,000,000,N,GAG,1,2,000,000,N,ENV,0,10,-2,8,12
335,CAT,CAC,0,2,0,CAC,0,2,-2,Optimised-sequences_ENV.csv,000,000,N,000,000,N,000,000,N,False,CAC,000,000,N,CAC,1,2,000,000,N,ENV,0,10,-2,8,12
336,CCA,CCC,0,2,0,CCC,0,2,-2,Optimised-sequences_ENV.csv,000,000,N,000,000,N,000,000,N,False,CCC,000,000,N,CCC,1,2,000,000,N,ENV,0,10,-2,8,12
337,GAA,GAG,0,2,0,GAG,0,2,-2,Optimised-sequences_ENV.csv,000,000,N,000,000,N,000,000,N,False,GAG,000,000,N,GAG,1,2,000,000,N,ENV,0,10,-2,8,12
338,TTA,CTG,0,1,0,CTG,0,1,-1,Optimised-sequences_ENV.csv,010,0RR,Y,010,0RR,Y,000,000,N,True,CTT,000,000,N,CTT,0,1,000,000,N,ENV,0,10,-1,9,11
339,TGG,TGG,1,3,0,TGG,1,3,-3,Optimised-sequences_ENV.csv,100,RR0,Y,100,RR0,Y,100,100,N,False,TGG,100,100,N,TGG,1,3,100,100,N,ENV,0,10,-3,7,13
340,AGG,CGG,0,2,0,CGG,0,2,-2,Optimised-sequences_ENV.csv,000,000,N,000,000,N,000,000,N,False,CGG,000,000,N,CGG,1,2,000,000,N,ENV,0,10,-2,8,12
341,CTT,CTT,1,3,0,CTT,1,3,-3,Optimised-sequences_ENV.csv,000,000,N,000,000,N,000,000,N,False,CTT,000,000,N,CTT,1,3,000,000,N,ENV,0,10,-3,7,13
342,ACT,ACC,0,2,0,ACC,0,2,-2,Optimised-sequences_ENV.csv,000,000,N,000,000,N,001,00R,Y,False,ACC,000,000,N,ACC,1,2,000,000,N,ENV,0,10,-2,8,12
343,GTG,GTG,1,3,1,GTT,0,2,-2,Optimised-sequences_ENV.csv,010,010,N,001,001,N,010,RRR,Y,False,GTT,001,001,N,GTT,0,2,001,001,N,ENV,0,10,-2,8,13
344,GCC,GCC,1,3,1,GCT,0,2,-2,Optimised-sequences_ENV.csv,000,000,N,000,000,N,000,000,N,False,GCT,000,000,N,GCT,0,2,000,000,N,ENV,0,10,-2,8,13
345,TCA,AGC,0,0,0,AGC,0,0,0,Optimised-sequences_ENV.csv,000,000,N,000,000,N,000,000,N,False,AGC,000,000,N,AGC,1,0,000,000,N,ENV,0,10,0,10,10
346,CAC,CAC,1,3,1,CAT,0,2,-2,Optimised-sequences_ENV.csv,000,000,N,000,000,N,000,000,N,False,CAT,000,000,N,CAT,0,2,000,000,N,ENV,0,10,-2,8,13
347,CAC,CAC,1,3,1,CAT,0,2,-2,Optimised-sequences_ENV.csv,000,000,N,000,000,N,000,000,N,False,CAT,000,000,N,CAT,0,2,000,000,N,ENV,0,10,-2,8,13
348,ATT,ATC,0,2,0,ATC,0,2,-2,Optimised-sequences_ENV.csv,000,000,N,000,000,N,000,000,N,False,ATC,000,000,N,ATC,1,2,000,000,N,ENV,0,10,-2,8,12
349,AGA,CGG,0,1,0,CGG,0,1,-1,Optimised-sequences_ENV.csv,000,000,N,000,000,N,000,000,N,False,CGG,000,000,N,CGG,1,1,000,000,N,ENV,0,10,-1,9,11
350,ATT,ATC,0,2,0,ATC,0,2,-2,Optimised-sequences_ENV.csv,000,000,N,000,000,N,000,000,N,False,ATC,000,000,N,ATC,1,2,000,000,N,ENV,0,10,-2,8,12
351,TGG,TGG,1,3,0,TGG,1,3,-3,Optimised-sequences_ENV.csv,100,100,N,100,100,N,100,100,N,False,TGG,100,100,N,TGG,1,3,100,100,N,ENV,0,10,-3,7,13
352,TCT,AGC,0,0,0,AGC,0,0,0,Optimised-sequences_ENV.csv,000,000,N,000,000,N,001,001,N,False,AGC,000,000,N,AGC,1,0,000,000,N,ENV,0,10,0,10,10
353,GGA,GGC,0,2,0,GGC,0,2,-2,Optimised-sequences_ENV.csv,000,000,N,000,000,N,000,000,N,False,GGC,000,000,N,GGC,1,2,000,000,N,ENV,0,10,-2,8,12
354,AAT,AAC,0,2,0,AAC,0,2,-2,Optimised-sequences_ENV.csv,000,000,N,000,000,N,000,000,N,False,AAC,000,000,N,AAC,1,2,000,000,N,ENV,0,10,-2,8,12
355,CAA,CAG,0,2,0,CAG,0,2,-2,Optimised-sequences_ENV.csv,000,000,N,000,000,N,000,000,N,False,CAG,000,000,N,CAG,1,2,000,000,N,ENV,0,10,-2,8,12
356,ACT,ACA,0,2,0,ACA,0,2,-2,Optimised-sequences_ENV.csv,000,000,N,000,000,N,000,000,N,False,ACA,000,000,N,ACA,1,2,000,000,N,ENV,0,10,-2,8,12
357,TTA,CTG,0,1,0,CTG,0,1,-1,Optimised-sequences_ENV.csv,010,010,N,010,010,N,000,000,N,False,CTG,010,010,N,CTG,1,1,010,010,N,ENV,0,10,-1,9,11
358,GAA,GAG,0,2,0,GAG,0,2,-2,Optimised-sequences_ENV.csv,000,000,N,000,000,N,000,000,N,False,GAG,000,000,N,GAG,1,2,000,000,N,ENV,0,10,-2,8,12
359,ACA,ACA,1,3,1,ACG,0,2,-2,Optimised-sequences_ENV.csv,000,000,N,000,000,N,000,000,N,False,ACG,000,000,N,ACG,0,2,000,000,N,ENV,0,10,-2,8,13
360,AGA,AGA,1,3,1,CGA,0,2,-2,Optimised-sequences_ENV.csv,000,000,N,000,000,N,000,000,N,False,CGA,000,000,N,CGA,0,2,000,000,N,ENV,0,10,-2,8,13
361,GAT,GAT,1,3,1,GAC,0,2,-2,Optimised-sequences_ENV.csv,000,000,N,000,000,N,000,000,N,False,GAC,000,000,N,GAC,0,2,000,000,N,ENV,0,10,-2,8,13
362,CGT,AGA,0,1,0,AGA,0,1,-1,Optimised-sequences_ENV.csv,000,000,N,000,000,N,000,000,N,False,AGA,000,000,N,AGA,1,1,000,000,N,ENV,0,10,-1,9,11
363,AAG,AAA,0,2,0,AAA,0,2,-2,Optimised-sequences_ENV.csv,000,000,N,000,000,N,000,000,N,False,AAA,000,000,N,AAA,1,2,000,000,N,ENV,0,10,-2,8,12
364,CCA,CCT,0,2,0,CCT,0,2,-2,Optimised-sequences_ENV.csv,000,000,N,000,000,N,000,000,N,False,CCT,000,000,N,CCT,1,2,000,000,N,ENV,0,10,-2,8,12
365,TTT,TTT,1,3,1,TTC,0,2,-2,Optimised-sequences_ENV.csv,000,000,N,000,000,N,000,000,N,False,TTC,000,000,N,TTC,0,2,000,000,N,ENV,0,10,-2,8,13
366,TAT,TAT,1,3,1,TAC,0,2,-2,Optimised-sequences_ENV.csv,000,000,N,000,000,N,000,000,N,False,TAC,000,000,N,TAC,0,2,000,000,N,ENV,0,10,-2,8,13
367,ACT,ACA,0,2,0,ACA,0,2,-2,Optimised-sequences_ENV.csv,000,000,N,000,000,N,001,001,N,False,ACA,000,000,N,ACA,1,2,000,000,N,ENV,0,10,-2,8,12
368,GTC,GTG,0,2,0,GTG,0,2,-2,Optimised-sequences_ENV.csv,010,010,N,010,010,N,000,000,N,False,GTG,010,010,N,GTG,1,2,010,010,N,ENV,0,10,-2,8,12
369,GAC,GAC,1,3,0,GAC,1,3,-3,Optimised-sequences_ENV.csv,000,000,N,000,000,N,000,000,N,False,GAC,000,000,N,GAC,1,3,000,000,N,ENV,0,10,-3,7,13
370,CTA,CTG,0,2,0,CTG,0,2,-2,Optimised-sequences_ENV.csv,010,010,N,010,010,N,000,000,N,False,CTG,010,010,N,CTG,1,2,010,010,N,ENV,0,10,-2,8,12
371,AAT,AAC,0,2,0,AAC,0,2,-2,Optimised-sequences_ENV.csv,000,000,N,000,000,N,000,000,N,False,AAC,000,000,N,AAC,1,2,000,000,N,ENV,0,10,-2,8,12
372,TCC,TCC,1,3,0,TCC,1,3,-3,Optimised-sequences_ENV.csv,000,000,N,000,000,N,000,000,N,False,TCC,000,000,N,TCC,1,3,000,000,N,ENV,0,10,-3,7,13
373,AGT,TCC,0,0,0,TCC,0,0,0,Optimised-sequences_ENV.csv,000,000,N,000,000,N,000,000,N,False,TCC,000,000,N,TCC,1,0,000,000,N,ENV,0,10,0,10,10
374,CTA,CTG,0,2,0,CTG,0,2,-2,Optimised-sequences_ENV.csv,010,010,N,010,010,N,000,000,N,False,CTG,010,010,N,CTG,1,2,010,010,N,ENV,0,10,-2,8,12
375,ACA,ACC,0,2,0,ACC,0,2,-2,Optimised-sequences_ENV.csv,000,000,N,000,000,N,000,000,N,False,ACC,000,000,N,ACC,1,2,000,000,N,ENV,0,10,-2,8,12
376,GTT,GTG,0,2,0,GTG,0,2,-2,Optimised-sequences_ENV.csv,010,010,N,010,010,N,000,000,N,False,GTG,010,010,N,GTG,1,2,010,010,N,ENV,0,10,-2,8,12
377,CCT,CCT,1,3,0,CCT,1,3,-3,Optimised-sequences_ENV.csv,000,000,N,000,000,N,000,000,N,False,CCT,000,000,N,CCT,1,3,000,000,N,ENV,0,10,-3,7,13
378,TTA,CTG,0,1,0,CTG,0,1,-1,Optimised-sequences_ENV.csv,010,010,N,010,010,N,000,000,N,False,CTG,010,010,N,CTG,1,1,010,010,N,ENV,0,10,-1,9,11
379,CAA,CAA,1,3,0,CAA,1,3,-3,Optimised-sequences_ENV.csv,000,000,N,000,000,N,000,000,N,False,CAA,000,000,N,CAA,1,3,000,000,N,ENV,0,10,-3,7,13
380,AGT,TCT,0,1,0,TCT,0,1,-1,Optimised-sequences_ENV.csv,000,000,N,000,000,N,000,000,N,False,TCT,000,000,N,TCT,1,1,000,000,N,ENV,0,10,-1,9,11
381,TGC,TGT,0,2,0,TGT,0,2,-2,Optimised-sequences_ENV.csv,101,RRR,Y,101,RRR,Y,100,100,N,True,TGC,100,100,N,TGC,0,3,100,100,N,ENV,0,10,-3,7,12
382,GTA,GTC,0,2,0,GTC,0,2,-2,Optimised-sequences_ENV.csv,000,R00,Y,000,R00,Y,000,000,N,False,GTC,000,000,N,GTC,1,2,000,000,N,ENV,0,10,-2,8,12
383,AAG,AAG,1,3,1,AAA,0,2,-2,Optimised-sequences_ENV.csv,000,000,N,000,000,N,000,000,N,False,AAA,000,000,N,AAA,0,2,000,000,N,ENV,0,10,-2,8,13
384,CCC,CCC,1,3,1,CCA,0,2,-2,Optimised-sequences_ENV.csv,000,000,N,000,000,N,000,000,N,False,CCA,000,000,N,CCA,0,2,000,000,N,ENV,0,10,-2,8,13
385,CCT,CCT,1,3,1,CCG,0,2,-2,Optimised-sequences_ENV.csv,000,000,N,000,000,N,000,000,N,False,CCG,000,000,N,CCG,0,2,000,000,N,ENV,0,10,-2,8,13
386,TAT,TAC,0,2,0,TAC,0,2,-2,Optimised-sequences_ENV.csv,000,000,N,000,000,N,000,000,N,False,TAC,000,000,N,TAC,1,2,000,000,N,ENV,0,10,-2,8,12
387,ATG,ATG,1,3,0,ATG,1,3,-3,Optimised-sequences_ENV.csv,010,010,N,010,010,N,010,010,N,False,ATG,010,010,N,ATG,1,3,010,010,N,ENV,0,10,-3,7,13
388,CTA,CTG,0,2,0,CTG,0,2,-2,Optimised-sequences_ENV.csv,010,010,N,010,010,N,000,000,N,False,CTG,010,010,N,CTG,1,2,010,010,N,ENV,0,10,-2,8,12
389,GTT,GTG,0,2,0,GTG,0,2,-2,Optimised-sequences_ENV.csv,010,010,N,010,010,N,001,001,N,False,GTG,010,010,N,GTG,1,2,010,010,N,ENV,0,10,-2,8,12
390,GTA,GTG,0,2,0,GTG,0,2,-2,Optimised-sequences_ENV.csv,010,010,N,010,010,N,000,000,N,False,GTG,010,010,N,GTG,1,2,010,010,N,ENV,0,10,-2,8,12
391,GGA,GGA,1,3,0,GGA,1,3,-3,Optimised-sequences_ENV.csv,000,000,N,000,000,N,000,000,N,False,GGA,000,000,N,GGA,1,3,000,000,N,ENV,0,10,-3,7,13
392,AAT,AAC,0,2,0,AAC,0,2,-2,Optimised-sequences_ENV.csv,000,000,N,000,000,N,000,000,N,False,AAC,000,000,N,AAC,1,2,000,000,N,ENV,0,10,-2,8,12
393,ATA,ATC,0,2,0,ATC,0,2,-2,Optimised-sequences_ENV.csv,000,000,N,000,000,N,000,000,N,False,ATC,000,000,N,ATC,1,2,000,000,N,ENV,0,10,-2,8,12
394,GTT,GTG,0,2,0,GTG,0,2,-2,Optimised-sequences_ENV.csv,010,010,N,010,010,N,000,000,N,False,GTG,010,010,N,GTG,1,2,010,010,N,ENV,0,10,-2,8,12
395,ATT,ATC,0,2,0,ATC,0,2,-2,Optimised-sequences_ENV.csv,000,000,N,000,000,N,000,000,N,False,ATC,000,000,N,ATC,1,2,000,000,N,ENV,0,10,-2,8,12
396,AAA,AAG,0,2,0,AAG,0,2,-2,Optimised-sequences_ENV.csv,000,000,N,000,000,N,000,000,N,False,AAG,000,000,N,AAG,1,2,000,000,N,ENV,0,10,-2,8,12
397,CCA,CCT,0,2,0,CCT,0,2,-2,Optimised-sequences_ENV.csv,001,001,N,001,001,N,000,000,N,False,CCT,001,001,N,CCT,1,2,001,001,N,ENV,0,10,-2,8,12
398,GAC,GAT,0,2,0,GAT,0,2,-2,Optimised-sequences_ENV.csv,000,000,N,000,000,N,000,000,N,False,GAT,000,000,N,GAT,1,2,000,000,N,ENV,0,10,-2,8,12
399,TCC,TCT,0,2,0,TCT,0,2,-2,Optimised-sequences_ENV.csv,000,000,N,000,000,N,000,000,N,False,TCT,000,000,N,TCT,1,2,000,000,N,ENV,0,10,-2,8,12
400,CAG,CAG,1,3,0,CAG,1,3,-3,Optimised-sequences_ENV.csv,000,000,N,000,000,N,000,000,N,False,CAG,000,000,N,CAG,1,3,000,000,N,ENV,0,10,-3,7,13
401,ACT,ACA,0,2,0,ACA,0,2,-2,Optimised-sequences_ENV.csv,000,000,N,000,000,N,000,000,N,False,ACA,000,000,N,ACA,1,2,000,000,N,ENV,0,10,-2,8,12
402,ATA,ATC,0,2,0,ATC,0,2,-2,Optimised-sequences_ENV.csv,000,000,N,000,000,N,000,000,N,False,ATC,000,000,N,ATC,1,2,000,000,N,ENV,0,10,-2,8,12
403,ACC,ACC,1,3,0,ACC,1,3,-3,Optimised-sequences_ENV.csv,000,000,N,000,000,N,000,000,N,False,ACC,000,000,N,ACC,1,3,000,000,N,ENV,0,10,-3,7,13
404,TGT,TGC,0,2,0,TGC,0,2,-2,Optimised-sequences_ENV.csv,100,100,N,100,100,N,101,RRR,Y,False,TGC,100,100,N,TGC,1,2,100,100,N,ENV,0,10,-2,8,12
405,GAA,GAG,0,2,0,GAG,0,2,-2,Optimised-sequences_ENV.csv,000,000,N,000,000,N,000,R00,Y,False,GAG,000,000,N,GAG,1,2,000,000,N,ENV,0,10,-2,8,12
406,AAT,AAC,0,2,0,AAC,0,2,-2,Optimised-sequences_ENV.csv,000,000,N,000,000,N,000,000,N,False,AAC,000,000,N,AAC,1,2,000,000,N,ENV,0,10,-2,8,12
407,TGT,TGC,0,2,0,TGC,0,2,-2,Optimised-sequences_ENV.csv,100,100,N,100,100,N,100,100,N,False,TGC,100,100,N,TGC,1,2,100,100,N,ENV,0,10,-2,8,12
408,AGA,AGA,1,3,0,AGA,1,3,-3,Optimised-sequences_ENV.csv,000,000,N,000,000,N,000,000,N,False,AGA,000,000,N,AGA,1,3,000,000,N,ENV,0,10,-3,7,13
409,TTG,CTG,0,2,0,CTG,0,2,-2,Optimised-sequences_ENV.csv,010,010,N,010,010,N,010,010,N,False,CTG,010,010,N,CTG,1,2,010,010,N,ENV,0,10,-2,8,12
410,CTT,CTG,0,2,0,CTG,0,2,-2,Optimised-sequences_ENV.csv,010,010,N,010,010,N,000,000,N,False,CTG,010,010,N,CTG,1,2,010,010,N,ENV,0,10,-2,8,12
411,ACT,ACA,0,2,0,ACA,0,2,-2,Optimised-sequences_ENV.csv,000,000,N,000,000,N,000,000,N,False,ACA,000,000,N,ACA,1,2,000,000,N,ENV,0,10,-2,8,12
412,TGC,TGC,1,3,1,TGT,0,2,-2,Optimised-sequences_ENV.csv,100,100,N,100,100,N,100,100,N,False,TGT,100,100,N,TGT,0,2,100,100,N,ENV,0,10,-2,8,13
413,ATT,ATT,1,3,1,ATA,0,2,-2,Optimised-sequences_ENV.csv,001,001,N,000,000,N,001,001,N,False,ATA,000,000,N,ATA,0,2,000,000,N,ENV,0,10,-2,8,13
414,GAT,GAC,0,2,0,GAC,0,2,-2,Optimised-sequences_ENV.csv,000,000,N,000,000,N,000,000,N,False,GAC,000,000,N,GAC,1,2,000,000,N,ENV,0,10,-2,8,12
415,TCA,TCT,0,2,0,TCT,0,2,-2,Optimised-sequences_ENV.csv,000,000,N,000,000,N,000,000,N,False,TCT,000,000,N,TCT,1,2,000,000,N,ENV,0,10,-2,8,12
416,ACT,ACA,0,2,0,ACA,0,2,-2,Optimised-sequences_ENV.csv,000,000,N,000,000,N,000,000,N,False,ACA,000,000,N,ACA,1,2,000,000,N,ENV,0,10,-2,8,12
417,TTT,TTC,0,2,0,TTC,0,2,-2,Optimised-sequences_ENV.csv,000,000,N,000,000,N,000,000,N,False,TTC,000,000,N,TTC,1,2,000,000,N,ENV,0,10,-2,8,12
418,AAT,AAC,0,2,0,AAC,0,2,-2,Optimised-sequences_ENV.csv,000,000,N,000,000,N,000,000,N,False,AAC,000,000,N,AAC,1,2,000,000,N,ENV,0,10,-2,8,12
419,TGG,TGG,1,3,0,TGG,1,3,-3,Optimised-sequences_ENV.csv,100,100,N,100,100,N,100,100,N,False,TGG,100,100,N,TGG,1,3,100,100,N,ENV,0,10,-3,7,13
420,CAA,CAG,0,2,0,CAG,0,2,-2,Optimised-sequences_ENV.csv,000,000,N,000,000,N,000,000,N,False,CAG,000,000,N,CAG,1,2,000,000,N,ENV,0,10,-2,8,12
421,CAC,CAC,1,3,0,CAC,1,3,-3,Optimised-sequences_ENV.csv,000,000,N,000,000,N,000,000,N,False,CAC,000,000,N,CAC,1,3,000,000,N,ENV,0,10,-3,7,13
422,CGT,AGA,0,1,0,AGA,0,1,-1,Optimised-sequences_ENV.csv,000,000,N,000,000,N,000,000,N,False,AGA,000,000,N,AGA,1,1,000,000,N,ENV,0,10,-1,9,11
423,ATT,ATC,0,2,0,ATC,0,2,-2,Optimised-sequences_ENV.csv,000,000,N,000,000,N,000,000,N,False,ATC,000,000,N,ATC,1,2,000,000,N,ENV,0,10,-2,8,12
424,CTG,CTG,1,3,1,CTC,0,2,-2,Optimised-sequences_ENV.csv,010,010,N,000,000,N,010,010,N,False,CTC,000,000,N,CTC,0,2,000,000,N,ENV,0,10,-2,8,13
425,CTG,CTG,1,3,1,CTC,0,2,-2,Optimised-sequences_ENV.csv,010,010,N,000,000,N,010,010,N,False,CTC,000,000,N,CTC,0,2,000,000,N,ENV,0,10,-2,8,13
426,GTG,GTA,0,2,0,GTA,0,2,-2,Optimised-sequences_ENV.csv,000,000,N,000,000,N,010,010,N,False,GTA,000,000,N,GTA,1,2,000,000,N,ENV,0,10,-2,8,12
427,AGA,AGA,1,3,0,AGA,1,3,-3,Optimised-sequences_ENV.csv,000,000,N,000,000,N,000,000,N,False,AGA,000,000,N,AGA,1,3,000,000,N,ENV,0,10,-3,7,13
428,GCA,GCT,0,2,0,GCT,0,2,-2,Optimised-sequences_ENV.csv,000,000,N,000,000,N,000,000,N,False,GCT,000,000,N,GCT,1,2,000,000,N,ENV,0,10,-2,8,12
429,AGA,AGA,1,3,1,CGG,0,1,-1,Optimised-sequences_ENV.csv,000,000,N,000,000,N,000,000,N,False,CGG,000,000,N,CGG,0,1,000,000,N,ENV,0,10,-1,9,13
430,GAG,GAG,1,3,1,GAA,0,2,-2,Optimised-sequences_ENV.csv,000,000,N,000,000,N,000,000,N,False,GAA,000,000,N,GAA,0,2,000,000,N,ENV,0,10,-2,8,13
431,GGC,GGC,1,3,1,GGT,0,2,-2,Optimised-sequences_ENV.csv,000,000,N,001,001,N,000,000,N,False,GGT,001,001,N,GGT,0,2,001,001,N,ENV,0,10,-2,8,13
432,GTG,GTG,1,3,1,GTA,0,2,-2,Optimised-sequences_ENV.csv,010,0RR,Y,000,000,N,010,0RR,Y,False,GTA,000,000,N,GTA,0,2,000,000,N,ENV,0,10,-2,8,13
433,TGG,TGG,1,3,1,TGG,1,3,-3,Optimised-sequences_ENV.csv,100,RR0,Y,100,100,N,100,RR0,Y,False,TGG,100,100,N,TGG,1,3,100,100,N,ENV,0,10,-3,7,13
434,ATC,ATA,0,2,0,ATA,0,2,-2,Optimised-sequences_ENV.csv,000,000,N,000,000,N,000,000,N,False,ATA,000,000,N,ATA,1,2,000,000,N,ENV,0,10,-2,8,12
435,CCT,CCT,1,3,1,CCG,0,2,-2,Optimised-sequences_ENV.csv,001,00R,Y,000,000,N,001,00R,Y,False,CCG,000,000,N,CCG,0,2,000,000,N,ENV,0,10,-2,8,13
436,GTG,GTG,1,3,1,GTA,0,2,-2,Optimised-sequences_ENV.csv,010,RRR,Y,000,000,N,010,RRR,Y,False,GTA,000,000,N,GTA,0,2,000,000,N,ENV,0,10,-2,8,13
437,TCC,AGC,0,1,0,AGC,0,1,-1,Optimised-sequences_ENV.csv,000,000,N,000,000,N,000,000,N,False,AGC,000,000,N,AGC,1,1,000,000,N,ENV,0,10,-1,9,11
438,ATG,ATG,1,3,1,ATG,1,3,-3,Optimised-sequences_ENV.csv,010,010,N,010,010,N,010,010,N,False,ATG,010,010,N,ATG,1,3,010,010,N,ENV,0,10,-3,7,13
439,GAC,GAC,1,3,1,GAT,0,2,-2,Optimised-sequences_ENV.csv,000,000,N,000,000,N,000,000,N,False,GAT,000,000,N,GAT,0,2,000,000,N,ENV,0,10,-2,8,13
440,CGA,AGA,0,2,0,AGA,0,2,-2,Optimised-sequences_ENV.csv,000,000,N,000,000,N,000,000,N,False,AGA,000,000,N,AGA,1,2,000,000,N,ENV,0,10,-2,8,12
441,CCG,CCT,0,2,0,CCT,0,2,-2,Optimised-sequences_ENV.csv,000,000,N,000,000,N,000,000,N,False,CCT,000,000,N,CCT,1,2,000,000,N,ENV,0,10,-2,8,12
442,TGG,TGG,1,3,1,TGG,1,3,-3,Optimised-sequences_ENV.csv,100,100,N,100,100,N,100,100,N,False,TGG,100,100,N,TGG,1,3,100,100,N,ENV,0,10,-3,7,13
443,GAG,GAG,1,3,1,GAA,0,2,-2,Optimised-sequences_ENV.csv,000,000,N,000,000,N,000,000,N,False,GAA,000,000,N,GAA,0,2,000,000,N,ENV,0,10,-2,8,13
444,GCC,GCA,0,2,0,GCA,0,2,-2,Optimised-sequences_ENV.csv,000,000,N,000,000,N,000,000,N,False,GCA,000,000,N,GCA,1,2,000,000,N,ENV,0,10,-2,8,12
445,TCA,TCT,0,2,0,TCT,0,2,-2,Optimised-sequences_ENV.csv,000,000,N,000,000,N,000,000,N,False,TCT,000,000,N,TCT,1,2,000,000,N,ENV,0,10,-2,8,12
446,CCA,CCG,0,2,0,CCG,0,2,-2,Optimised-sequences_ENV.csv,000,000,N,000,000,N,000,000,N,False,CCG,000,000,N,CCG,1,2,000,000,N,ENV,0,10,-2,8,12
447,TCC,TCT,0,2,0,TCT,0,2,-2,Optimised-sequences_ENV.csv,001,00R,Y,001,00R,Y,000,000,N,True,TCC,000,000,N,TCC,0,3,000,000,N,ENV,0,10,-3,7,12
448,GTC,GTG,0,2,0,GTG,0,2,-2,Optimised-sequences_ENV.csv,010,RRR,Y,010,RRR,Y,000,000,N,False,GTG,010,010,N,GTG,1,2,010,010,N,ENV,0,10,-2,8,12
449,CAT,CAC,0,2,0,CAC,0,2,-2,Optimised-sequences_ENV.csv,000,000,N,000,000,N,000,000,N,False,CAC,000,000,N,CAC,1,2,000,000,N,ENV,0,10,-2,8,12
450,ATT,ATC,0,2,0,ATC,0,2,-2,Optimised-sequences_ENV.csv,000,000,N,000,000,N,000,000,N,False,ATC,000,000,N,ATC,1,2,000,000,N,ENV,0,10,-2,8,12
451,TTG,CTG,0,2,0,CTG,0,2,-2,Optimised-sequences_ENV.csv,010,010,N,010,010,N,010,010,N,False,CTG,010,010,N,CTG,1,2,010,010,N,ENV,0,10,-2,8,12
452,ACT,ACC,0,2,0,ACC,0,2,-2,Optimised-sequences_ENV.csv,000,000,N,000,000,N,001,001,N,False,ACC,000,000,N,ACC,1,2,000,000,N,ENV,0,10,-2,8,12
453,GAA,GAA,1,3,0,GAA,1,3,-3,Optimised-sequences_ENV.csv,000,000,N,000,000,N,000,000,N,False,GAA,000,000,N,GAA,1,3,000,000,N,ENV,0,10,-3,7,13
454,GTA,GTC,0,2,0,GTC,0,2,-2,Optimised-sequences_ENV.csv,000,000,N,000,000,N,000,000,N,False,GTC,000,000,N,GTC,1,2,000,000,N,ENV,0,10,-2,8,12
455,TTA,CTG,0,1,0,CTG,0,1,-1,Optimised-sequences_ENV.csv,010,010,N,010,010,N,000,000,N,False,CTG,010,010,N,CTG,1,1,010,010,N,ENV,0,10,-1,9,11
456,AAA,AAG,0,2,0,AAG,0,2,-2,Optimised-sequences_ENV.csv,000,000,N,000,000,N,000,000,N,False,AAG,000,000,N,AAG,1,2,000,000,N,ENV,0,10,-2,8,12
457,GGT,GGC,0,2,0,GGC,0,2,-2,Optimised-sequences_ENV.csv,000,000,N,000,000,N,001,001,N,False,GGC,000,000,N,GGC,1,2,000,000,N,ENV,0,10,-2,8,12
458,GTT,GTG,0,2,0,GTG,0,2,-2,Optimised-sequences_ENV.csv,010,010,N,010,010,N,000,000,N,False,GTG,010,010,N,GTG,1,2,010,010,N,ENV,0,10,-2,8,12
459,TTA,CTC,0,1,0,CTC,0,1,-1,Optimised-sequences_ENV.csv,000,000,N,000,000,N,000,000,N,False,CTC,000,000,N,CTC,1,1,000,000,N,ENV,0,10,-1,9,11
460,AAT,AAT,1,3,1,AAC,0,2,-2,Optimised-sequences_ENV.csv,000,000,N,000,000,N,000,000,N,False,AAC,000,000,N,AAC,0,2,000,000,N,ENV,0,10,-2,8,13
461,AGA,AGA,1,3,1,AGG,0,2,-2,Optimised-sequences_ENV.csv,000,000,N,000,000,N,000,000,N,False,AGG,000,000,N,AGG,0,2,000,000,N,ENV,0,10,-2,8,13
462,TCC,AGC,0,1,0,AGC,0,1,-1,Optimised-sequences_ENV.csv,000,000,N,000,000,N,000,000,N,False,AGC,000,000,N,AGC,1,1,000,000,N,ENV,0,10,-1,9,11
463,AAA,AAG,0,2,0,AAG,0,2,-2,Optimised-sequences_ENV.csv,000,000,N,000,000,N,000,000,N,False,AAG,000,000,N,AAG,1,2,000,000,N,ENV,0,10,-2,8,12
464,AGA,AGA,1,3,0,AGA,1,3,-3,Optimised-sequences_ENV.csv,000,000,N,000,000,N,000,000,N,False,AGA,000,000,N,AGA,1,3,000,000,N,ENV,0,10,-3,7,13
465,TTC,TTT,0,2,0,TTT,0,2,-2,Optimised-sequences_ENV.csv,000,000,N,000,000,N,000,000,N,False,TTT,000,000,N,TTT,1,2,000,000,N,ENV,0,10,-2,8,12
466,ATT,ATC,0,2,0,ATC,0,2,-2,Optimised-sequences_ENV.csv,000,000,N,000,000,N,000,000,N,False,ATC,000,000,N,ATC,1,2,000,000,N,ENV,0,10,-2,8,12
467,TTT,TTT,1,3,0,TTT,1,3,-3,Optimised-sequences_ENV.csv,000,000,N,000,000,N,000,000,N,False,TTT,000,000,N,TTT,1,3,000,000,N,ENV,0,10,-3,7,13
468,ACT,ACC,0,2,0,ACC,0,2,-2,Optimised-sequences_ENV.csv,000,000,N,000,000,N,000,000,N,False,ACC,000,000,N,ACC,1,2,000,000,N,ENV,0,10,-2,8,12
469,TTA,CTG,0,1,0,CTG,0,1,-1,Optimised-sequences_ENV.csv,010,010,N,010,010,N,000,000,N,False,CTG,010,010,N,CTG,1,1,010,010,N,ENV,0,10,-1,9,11
470,ATT,ATC,0,2,0,ATC,0,2,-2,Optimised-sequences_ENV.csv,000,000,N,000,000,N,001,001,N,False,ATC,000,000,N,ATC,1,2,000,000,N,ENV,0,10,-2,8,12
471,GCA,GCC,0,2,0,GCC,0,2,-2,Optimised-sequences_ENV.csv,000,000,N,000,000,N,000,000,N,False,GCC,000,000,N,GCC,1,2,000,000,N,ENV,0,10,-2,8,12
472,GTG,GTG,1,3,0,GTG,1,3,-3,Optimised-sequences_ENV.csv,010,010,N,010,010,N,010,010,N,False,GTG,010,010,N,GTG,1,3,010,010,N,ENV,0,10,-3,7,13
473,ATT,ATC,0,2,0,ATC,0,2,-2,Optimised-sequences_ENV.csv,000,000,N,000,000,N,000,000,N,False,ATC,000,000,N,ATC,1,2,000,000,N,ENV,0,10,-2,8,12
474,ATG,ATG,1,3,0,ATG,1,3,-3,Optimised-sequences_ENV.csv,010,010,N,010,010,N,010,010,N,False,ATG,010,010,N,ATG,1,3,010,010,N,ENV,0,10,-3,7,13
475,GGA,GGC,0,2,0,GGC,0,2,-2,Optimised-sequences_ENV.csv,000,000,N,000,000,N,000,000,N,False,GGC,000,000,N,GGC,1,2,000,000,N,ENV,0,10,-2,8,12
476,TTA,CTG,0,1,0,CTG,0,1,-1,Optimised-sequences_ENV.csv,010,010,N,010,010,N,000,000,N,False,CTG,010,010,N,CTG,1,1,010,010,N,ENV,0,10,-1,9,11
477,ATT,ATC,0,2,0,ATC,0,2,-2,Optimised-sequences_ENV.csv,000,000,N,000,000,N,001,001,N,False,ATC,000,000,N,ATC,1,2,000,000,N,ENV,0,10,-2,8,12
478,GCA,GCC,0,2,0,GCC,0,2,-2,Optimised-sequences_ENV.csv,000,000,N,000,000,N,000,000,N,False,GCC,000,000,N,GCC,1,2,000,000,N,ENV,0,10,-2,8,12
479,GTC,GTG,0,2,0,GTG,0,2,-2,Optimised-sequences_ENV.csv,010,010,N,010,010,N,000,000,N,False,GTG,010,010,N,GTG,1,2,010,010,N,ENV,0,10,-2,8,12
480,ACA,ACC,0,2,0,ACC,0,2,-2,Optimised-sequences_ENV.csv,000,000,N,000,000,N,000,000,N,False,ACC,000,000,N,ACC,1,2,000,000,N,ENV,0,10,-2,8,12
481,GCT,GCC,0,2,0,GCC,0,2,-2,Optimised-sequences_ENV.csv,000,000,N,000,000,N,000,000,N,False,GCC,000,000,N,GCC,1,2,000,000,N,ENV,0,10,-2,8,12
482,ACG,ACC,0,2,0,ACC,0,2,-2,Optimised-sequences_ENV.csv,000,000,N,000,000,N,000,000,N,False,ACC,000,000,N,ACC,1,2,000,000,N,ENV,0,10,-2,8,12
483,GCT,GCC,0,2,0,GCC,0,2,-2,Optimised-sequences_ENV.csv,000,000,N,000,000,N,001,001,N,False,GCC,000,000,N,GCC,1,2,000,000,N,ENV,0,10,-2,8,12
484,GCT,GCC,0,2,0,GCC,0,2,-2,Optimised-sequences_ENV.csv,000,000,N,000,000,N,001,001,N,False,GCC,000,000,N,GCC,1,2,000,000,N,ENV,0,10,-2,8,12
485,GTA,GTG,0,2,0,GTG,0,2,-2,Optimised-sequences_ENV.csv,010,010,N,010,010,N,000,000,N,False,GTG,010,010,N,GTG,1,2,010,010,N,ENV,0,10,-2,8,12
486,GCA,GCC,0,2,0,GCC,0,2,-2,Optimised-sequences_ENV.csv,000,000,N,000,000,N,000,000,N,False,GCC,000,000,N,GCC,1,2,000,000,N,ENV,0,10,-2,8,12
487,GGA,GGC,0,2,0,GGC,0,2,-2,Optimised-sequences_ENV.csv,000,000,N,000,000,N,000,000,N,False,GGC,000,000,N,GGC,1,2,000,000,N,ENV,0,10,-2,8,12
488,GTT,GTG,0,2,0,GTG,0,2,-2,Optimised-sequences_ENV.csv,010,010,N,010,010,N,001,001,N,False,GTG,010,010,N,GTG,1,2,010,010,N,ENV,0,10,-2,8,12
489,GCA,GCC,0,2,0,GCC,0,2,-2,Optimised-sequences_ENV.csv,000,000,N,000,000,N,000,000,N,False,GCC,000,000,N,GCC,1,2,000,000,N,ENV,0,10,-2,8,12
490,TTG,CTG,0,2,0,CTG,0,2,-2,Optimised-sequences_ENV.csv,010,010,N,010,010,N,010,010,N,False,CTG,010,010,N,CTG,1,2,010,010,N,ENV,0,10,-2,8,12
491,CAC,CAC,1,3,0,CAC,1,3,-3,Optimised-sequences_ENV.csv,000,000,N,000,000,N,000,000,N,False,CAC,000,000,N,CAC,1,3,000,000,N,ENV,0,10,-3,7,13
492,TCT,AGC,0,0,0,AGC,0,0,0,Optimised-sequences_ENV.csv,000,000,N,000,000,N,000,000,N,False,AGC,000,000,N,AGC,1,0,000,000,N,ENV,0,10,0,10,10
493,TCT,AGC,0,0,0,AGC,0,0,0,Optimised-sequences_ENV.csv,000,000,N,000,000,N,001,001,N,False,AGC,000,000,N,AGC,1,0,000,000,N,ENV,0,10,0,10,10
494,GTT,GTG,0,2,0,GTG,0,2,-2,Optimised-sequences_ENV.csv,010,010,N,010,010,N,000,000,N,False,GTG,010,010,N,GTG,1,2,010,010,N,ENV,0,10,-2,8,12
495,CAG,CAG,1,3,0,CAG,1,3,-3,Optimised-sequences_ENV.csv,000,000,N,000,000,N,000,000,N,False,CAG,000,000,N,CAG,1,3,000,000,N,ENV,0,10,-3,7,13
496,TCA,TCT,0,2,0,TCT,0,2,-2,Optimised-sequences_ENV.csv,001,00R,Y,001,00R,Y,000,000,N,True,TCC,000,000,N,TCC,0,2,000,000,N,ENV,0,10,-2,8,12
497,GTA,GTG,0,2,0,GTG,0,2,-2,Optimised-sequences_ENV.csv,010,RRR,Y,010,RRR,Y,000,000,N,False,GTG,010,010,N,GTG,1,2,010,010,N,ENV,0,10,-2,8,12
498,AAC,AAC,1,3,0,AAC,1,3,-3,Optimised-sequences_ENV.csv,000,000,N,000,000,N,000,000,N,False,AAC,000,000,N,AAC,1,3,000,000,N,ENV,0,10,-3,7,13
499,TTT,TTC,0,2,0,TTC,0,2,-2,Optimised-sequences_ENV.csv,000,000,N,000,000,N,001,001,N,False,TTC,000,000,N,TTC,1,2,000,000,N,ENV,0,10,-2,8,12
500,GTT,GTG,0,2,0,GTG,0,2,-2,Optimised-sequences_ENV.csv,010,010,N,010,010,N,000,000,N,False,GTG,010,010,N,GTG,1,2,010,010,N,ENV,0,10,-2,8,12
501,AAT,AAT,1,3,0,AAT,1,3,-3,Optimised-sequences_ENV.csv,001,001,N,001,001,N,001,001,N,False,AAT,001,001,N,AAT,1,3,001,001,N,ENV,0,10,-3,7,13
502,GAT,GAC,0,2,0,GAC,0,2,-2,Optimised-sequences_ENV.csv,000,000,N,000,000,N,000,000,N,False,GAC,000,000,N,GAC,1,2,000,000,N,ENV,0,10,-2,8,12
503,TGG,TGG,1,3,0,TGG,1,3,-3,Optimised-sequences_ENV.csv,100,100,N,100,100,N,100,100,N,False,TGG,100,100,N,TGG,1,3,100,100,N,ENV,0,10,-3,7,13
504,CAA,CAG,0,2,0,CAG,0,2,-2,Optimised-sequences_ENV.csv,000,000,N,000,000,N,000,000,N,False,CAG,000,000,N,CAG,1,2,000,000,N,ENV,0,10,-2,8,12
505,AAA,AAG,0,2,0,AAG,0,2,-2,Optimised-sequences_ENV.csv,000,000,N,000,000,N,000,000,N,False,AAG,000,000,N,AAG,1,2,000,000,N,ENV,0,10,-2,8,12
506,AAT,AAC,0,2,0,AAC,0,2,-2,Optimised-sequences_ENV.csv,000,000,N,000,000,N,000,000,N,False,AAC,000,000,N,AAC,1,2,000,000,N,ENV,0,10,-2,8,12
507,TCT,AGC,0,0,0,AGC,0,0,0,Optimised-sequences_ENV.csv,000,000,N,000,000,N,000,000,N,False,AGC,000,000,N,AGC,1,0,000,000,N,ENV,0,10,0,10,10
508,ACA,ACC,0,2,0,ACC,0,2,-2,Optimised-sequences_ENV.csv,000,000,N,000,000,N,000,000,N,False,ACC,000,000,N,ACC,1,2,000,000,N,ENV,0,10,-2,8,12
509,AGA,CGG,0,1,0,CGG,0,1,-1,Optimised-sequences_ENV.csv,000,000,N,000,000,N,000,000,N,False,CGG,000,000,N,CGG,1,1,000,000,N,ENV,0,10,-1,9,11
510,TTG,CTG,0,2,0,CTG,0,2,-2,Optimised-sequences_ENV.csv,010,0RR,Y,010,0RR,Y,010,0RR,Y,True,CTA,000,000,N,CTA,0,1,000,000,N,ENV,0,10,-1,9,12
511,TGG,TGG,1,3,0,TGG,1,3,-3,Optimised-sequences_ENV.csv,100,RR0,Y,100,RR0,Y,100,RR0,Y,False,TGG,100,100,N,TGG,1,3,100,100,N,ENV,0,10,-3,7,13
512,AAT,AAC,0,2,0,AAC,0,2,-2,Optimised-sequences_ENV.csv,000,000,N,000,000,N,000,000,N,False,AAC,000,000,N,AAC,1,2,000,000,N,ENV,0,10,-2,8,12
513,TCA,AGC,0,0,0,AGC,0,0,0,Optimised-sequences_ENV.csv,000,000,N,000,000,N,000,000,N,False,AGC,000,000,N,AGC,1,0,000,000,N,ENV,0,10,0,10,10
514,CAA,CAG,0,2,0,CAG,0,2,-2,Optimised-sequences_ENV.csv,000,000,N,000,000,N,000,000,N,False,CAG,000,000,N,CAG,1,2,000,000,N,ENV,0,10,-2,8,12
515,TCT,AGC,0,0,0,AGC,0,0,0,Optimised-sequences_ENV.csv,000,000,N,000,000,N,000,000,N,False,AGC,000,000,N,AGC,1,0,000,000,N,ENV,0,10,0,10,10
516,AGT,AGC,0,2,0,AGC,0,2,-2,Optimised-sequences_ENV.csv,000,000,N,000,000,N,000,000,N,False,AGC,000,000,N,AGC,1,2,000,000,N,ENV,0,10,-2,8,12
517,ATT,ATC,0,2,0,ATC,0,2,-2,Optimised-sequences_ENV.csv,000,000,N,000,000,N,001,001,N,False,ATC,000,000,N,ATC,1,2,000,000,N,ENV,0,10,-2,8,12
518,GAT,GAT,1,3,0,GAT,1,3,-3,Optimised-sequences_ENV.csv,000,000,N,000,000,N,000,000,N,False,GAT,000,000,N,GAT,1,3,000,000,N,ENV,0,10,-3,7,13
519,CAA,CAG,0,2,0,CAG,0,2,-2,Optimised-sequences_ENV.csv,000,000,N,000,000,N,000,000,N,False,CAG,000,000,N,CAG,1,2,000,000,N,ENV,0,10,-2,8,12
520,AAA,AAA,1,3,0,AAA,1,3,-3,Optimised-sequences_ENV.csv,000,000,N,000,000,N,000,000,N,False,AAA,000,000,N,AAA,1,3,000,000,N,ENV,0,10,-3,7,13
521,TTG,CTG,0,2,0,CTG,0,2,-2,Optimised-sequences_ENV.csv,010,010,N,010,010,N,010,010,N,False,CTG,010,010,N,CTG,1,2,010,010,N,ENV,0,10,-2,8,12
522,GCA,GCT,0,2,0,GCT,0,2,-2,Optimised-sequences_ENV.csv,000,000,N,000,000,N,000,000,N,False,GCT,000,000,N,GCT,1,2,000,000,N,ENV,0,10,-2,8,12
523,AAT,AAC,0,2,0,AAC,0,2,-2,Optimised-sequences_ENV.csv,000,000,N,000,000,N,000,000,N,False,AAC,000,000,N,AAC,1,2,000,000,N,ENV,0,10,-2,8,12
524,CAA,CAG,0,2,0,CAG,0,2,-2,Optimised-sequences_ENV.csv,000,000,N,000,000,N,000,000,N,False,CAG,000,000,N,CAG,1,2,000,000,N,ENV,0,10,-2,8,12
525,ATT,ATC,0,2,0,ATC,0,2,-2,Optimised-sequences_ENV.csv,000,000,N,000,000,N,000,000,N,False,ATC,000,000,N,ATC,1,2,000,000,N,ENV,0,10,-2,8,12
526,AAT,AAC,0,2,0,AAC,0,2,-2,Optimised-sequences_ENV.csv,000,000,N,000,000,N,001,001,N,False,AAC,000,000,N,AAC,1,2,000,000,N,ENV,0,10,-2,8,12
527,GAT,GAC,0,2,0,GAC,0,2,-2,Optimised-sequences_ENV.csv,000,000,N,000,000,N,000,000,N,False,GAC,000,000,N,GAC,1,2,000,000,N,ENV,0,10,-2,8,12
528,CTT,CTG,0,2,0,CTG,0,2,-2,Optimised-sequences_ENV.csv,010,010,N,010,010,N,000,000,N,False,CTG,010,010,N,CTG,1,2,010,010,N,ENV,0,10,-2,8,12
529,AGA,AGA,1,3,0,AGA,1,3,-3,Optimised-sequences_ENV.csv,000,000,N,000,000,N,000,000,N,False,AGA,000,000,N,AGA,1,3,000,000,N,ENV,0,10,-3,7,13
530,CAA,CAG,0,2,0,CAG,0,2,-2,Optimised-sequences_ENV.csv,000,000,N,000,000,N,000,000,N,False,CAG,000,000,N,CAG,1,2,000,000,N,ENV,0,10,-2,8,12
531,ACT,ACC,0,2,0,ACC,0,2,-2,Optimised-sequences_ENV.csv,000,000,N,000,000,N,001,001,N,False,ACC,000,000,N,ACC,1,2,000,000,N,ENV,0,10,-2,8,12
532,GTC,GTG,0,2,0,GTG,0,2,-2,Optimised-sequences_ENV.csv,010,010,N,010,010,N,000,000,N,False,GTG,010,010,N,GTG,1,2,010,010,N,ENV,0,10,-2,8,12
533,ATT,ATC,0,2,0,ATC,0,2,-2,Optimised-sequences_ENV.csv,000,000,N,000,000,N,000,000,N,False,ATC,000,000,N,ATC,1,2,000,000,N,ENV,0,10,-2,8,12
534,TGG,TGG,1,3,1,TGG,1,3,-3,Optimised-sequences_ENV.csv,100,100,N,100,100,N,100,100,N,False,TGG,100,100,N,TGG,1,3,100,100,N,ENV,0,10,-3,7,13
535,ATG,ATG,1,3,1,ATG,1,3,-3,Optimised-sequences_ENV.csv,010,010,N,010,010,N,010,010,N,False,ATG,010,010,N,ATG,1,3,010,010,N,ENV,0,10,-3,7,13
536,GGA,GGA,1,3,1,GGG,0,2,-2,Optimised-sequences_ENV.csv,000,000,N,000,000,N,000,000,N,False,GGG,000,000,N,GGG,0,2,000,000,N,ENV,0,10,-2,8,13
537,GAC,GAT,0,2,0,GAT,0,2,-2,Optimised-sequences_ENV.csv,000,000,N,000,000,N,000,000,N,False,GAT,000,000,N,GAT,1,2,000,000,N,ENV,0,10,-2,8,12
538,AGA,CGG,0,1,0,CGG,0,1,-1,Optimised-sequences_ENV.csv,000,000,N,000,000,N,000,000,N,False,CGG,000,000,N,CGG,1,1,000,000,N,ENV,0,10,-1,9,11
539,CTC,CTG,0,2,0,CTG,0,2,-2,Optimised-sequences_ENV.csv,010,010,N,010,010,N,000,000,N,False,CTG,010,010,N,CTG,1,2,010,010,N,ENV,0,10,-2,8,12
540,ATG,ATG,1,3,1,ATG,1,3,-3,Optimised-sequences_ENV.csv,010,010,N,010,010,N,010,010,N,False,ATG,010,010,N,ATG,1,3,010,010,N,ENV,0,10,-3,7,13
541,AGC,AGC,1,3,1,AGT,0,2,-2,Optimised-sequences_ENV.csv,000,000,N,000,000,N,000,000,N,False,AGT,000,000,N,AGT,0,2,000,000,N,ENV,0,10,-2,8,13
542,TTA,CTG,0,1,0,CTG,0,1,-1,Optimised-sequences_ENV.csv,010,010,N,010,010,N,000,000,N,False,CTG,010,010,N,CTG,1,1,010,010,N,ENV,0,10,-1,9,11
543,GAA,GAG,0,2,0,GAG,0,2,-2,Optimised-sequences_ENV.csv,000,000,N,000,000,N,000,000,N,False,GAG,000,000,N,GAG,1,2,000,000,N,ENV,0,10,-2,8,12
544,CAT,CAC,0,2,0,CAC,0,2,-2,Optimised-sequences_ENV.csv,000,000,N,000,000,N,000,000,N,False,CAC,000,000,N,CAC,1,2,000,000,N,ENV,0,10,-2,8,12
545,CGT,CGG,0,2,0,CGG,0,2,-2,Optimised-sequences_ENV.csv,000,000,N,000,000,N,000,000,N,False,CGG,000,000,N,CGG,1,2,000,000,N,ENV,0,10,-2,8,12
546,TTC,TTC,1,3,1,TTT,0,2,-2,Optimised-sequences_ENV.csv,000,000,N,000,000,N,000,000,N,False,TTT,000,000,N,TTT,0,2,000,000,N,ENV,0,10,-2,8,13
547,CAG,CAG,1,3,1,CAA,0,2,-2,Optimised-sequences_ENV.csv,000,000,N,000,000,N,000,000,N,False,CAA,000,000,N,CAA,0,2,000,000,N,ENV,0,10,-2,8,13
548,TTA,CTG,0,1,0,CTG,0,1,-1,Optimised-sequences_ENV.csv,010,010,N,010,010,N,000,000,N,False,CTG,010,010,N,CTG,1,1,010,010,N,ENV,0,10,-1,9,11
549,CAA,CAA,1,3,1,CAG,0,2,-2,Optimised-sequences_ENV.csv,000,000,N,000,000,N,000,000,N,False,CAG,000,000,N,CAG,0,2,000,000,N,ENV,0,10,-2,8,13
550,TGT,TGT,1,3,1,TGC,0,2,-2,Optimised-sequences_ENV.csv,101,RRR,Y,100,100,N,101,RRR,Y,False,TGC,100,100,N,TGC,0,2,100,100,N,ENV,0,10,-2,8,13
551,GAC,GAT,0,2,0,GAT,0,2,-2,Optimised-sequences_ENV.csv,000,R00,Y,000,000,N,000,R00,Y,False,GAT,000,000,N,GAT,1,2,000,000,N,ENV,0,10,-2,8,12
552,TGG,TGG,1,3,0,TGG,1,3,-3,Optimised-sequences_ENV.csv,100,100,N,100,100,N,100,100,N,False,TGG,100,100,N,TGG,1,3,100,100,N,ENV,0,10,-3,7,13
553,AAT,AAC,0,2,0,AAC,0,2,-2,Optimised-sequences_ENV.csv,000,000,N,000,000,N,000,000,N,False,AAC,000,000,N,AAC,1,2,000,000,N,ENV,0,10,-2,8,12
554,ACG,ACC,0,2,0,ACC,0,2,-2,Optimised-sequences_ENV.csv,000,000,N,000,000,N,000,000,N,False,ACC,000,000,N,ACC,1,2,000,000,N,ENV,0,10,-2,8,12
555,TCA,TCT,0,2,0,TCT,0,2,-2,Optimised-sequences_ENV.csv,001,001,N,001,001,N,000,000,N,False,TCT,001,001,N,TCT,1,2,001,001,N,ENV,0,10,-2,8,12
556,GAT,GAT,1,3,0,GAT,1,3,-3,Optimised-sequences_ENV.csv,000,000,N,000,000,N,000,000,N,False,GAT,000,000,N,GAT,1,3,000,000,N,ENV,0,10,-3,7,13
557,TTT,TTC,0,2,0,TTC,0,2,-2,Optimised-sequences_ENV.csv,000,000,N,000,000,N,000,000,N,False,TTC,000,000,N,TTC,1,2,000,000,N,ENV,0,10,-2,8,12
558,TGT,TGC,0,2,0,TGC,0,2,-2,Optimised-sequences_ENV.csv,100,100,N,100,100,N,100,100,N,False,TGC,100,100,N,TGC,1,2,100,100,N,ENV,0,10,-2,8,12
559,ATT,ATC,0,2,0,ATC,0,2,-2,Optimised-sequences_ENV.csv,000,000,N,000,000,N,000,000,N,False,ATC,000,000,N,ATC,1,2,000,000,N,ENV,0,10,-2,8,12
560,ACA,ACA,1,3,1,ACC,0,2,-2,Optimised-sequences_ENV.csv,000,000,N,000,000,N,000,000,N,False,ACC,000,000,N,ACC,0,2,000,000,N,ENV,0,10,-2,8,13
561,CCC,CCC,1,3,1,CCT,0,2,-2,Optimised-sequences_ENV.csv,000,000,N,000,000,N,000,000,N,False,CCT,000,000,N,CCT,0,2,000,000,N,ENV,0,10,-2,8,13
562,CAA,CAG,0,2,0,CAG,0,2,-2,Optimised-sequences_ENV.csv,000,000,N,000,000,N,000,000,N,False,CAG,000,000,N,CAG,1,2,000,000,N,ENV,0,10,-2,8,12
563,ATT,ATC,0,2,0,ATC,0,2,-2,Optimised-sequences_ENV.csv,000,000,N,000,000,N,000,000,N,False,ATC,000,000,N,ATC,1,2,000,000,N,ENV,0,10,-2,8,12
564,TAT,TAC,0,2,0,TAC,0,2,-2,Optimised-sequences_ENV.csv,000,000,N,000,000,N,000,000,N,False,TAC,000,000,N,TAC,1,2,000,000,N,ENV,0,10,-2,8,12
565,AAT,AAC,0,2,0,AAC,0,2,-2,Optimised-sequences_ENV.csv,000,000,N,000,000,N,001,001,N,False,AAC,000,000,N,AAC,1,2,000,000,N,ENV,0,10,-2,8,12
566,GAG,GAA,0,2,0,GAA,0,2,-2,Optimised-sequences_ENV.csv,000,000,N,000,000,N,000,000,N,False,GAA,000,000,N,GAA,1,2,000,000,N,ENV,0,10,-2,8,12
567,TCT,TCT,1,3,1,AGC,0,0,0,Optimised-sequences_ENV.csv,001,001,N,000,000,N,001,001,N,False,AGC,000,000,N,AGC,0,0,000,000,N,ENV,0,10,0,10,13
568,GAG,GAG,1,3,1,GAA,0,2,-2,Optimised-sequences_ENV.csv,000,000,N,000,000,N,000,000,N,False,GAA,000,000,N,GAA,0,2,000,000,N,ENV,0,10,-2,8,13
569,CAT,CAT,1,3,1,CAC,0,2,-2,Optimised-sequences_ENV.csv,000,000,N,000,000,N,000,000,N,False,CAC,000,000,N,CAC,0,2,000,000,N,ENV,0,10,-2,8,13
570,CAC,CAC,1,3,1,CAT,0,2,-2,Optimised-sequences_ENV.csv,000,000,N,000,000,N,000,000,N,False,CAT,000,000,N,CAT,0,2,000,000,N,ENV,0,10,-2,8,13
571,TGG,TGG,1,3,1,TGG,1,3,-3,Optimised-sequences_ENV.csv,100,100,N,100,100,N,100,100,N,False,TGG,100,100,N,TGG,1,3,100,100,N,ENV,0,10,-3,7,13
572,GAC,GAC,1,3,1,GAT,0,2,-2,Optimised-sequences_ENV.csv,000,000,N,000,000,N,000,000,N,False,GAT,000,000,N,GAT,0,2,000,000,N,ENV,0,10,-2,8,13
573,ATG,ATG,1,3,1,ATG,1,3,-3,Optimised-sequences_ENV.csv,010,010,N,010,010,N,010,010,N,False,ATG,010,010,N,ATG,1,3,010,010,N,ENV,0,10,-3,7,13
574,GTT,GTC,0,2,0,GTC,0,2,-2,Optimised-sequences_ENV.csv,000,000,N,000,000,N,000,000,N,False,GTC,000,000,N,GTC,1,2,000,000,N,ENV,0,10,-2,8,12
575,AGA,AGA,1,3,0,AGA,1,3,-3,Optimised-sequences_ENV.csv,000,000,N,000,000,N,000,000,N,False,AGA,000,000,N,AGA,1,3,000,000,N,ENV,0,10,-3,7,13
576,CGC,CGG,0,2,0,CGG,0,2,-2,Optimised-sequences_ENV.csv,000,000,N,000,000,N,000,000,N,False,CGG,000,000,N,CGG,1,2,000,000,N,ENV,0,10,-2,8,12
577,CAT,CAC,0,2,0,CAC,0,2,-2,Optimised-sequences_ENV.csv,000,000,N,000,000,N,000,000,N,False,CAC,000,000,N,CAC,1,2,000,000,N,ENV,0,10,-2,8,12
578,CTA,CTG,0,2,0,CTG,0,2,-2,Optimised-sequences_ENV.csv,010,010,N,010,010,N,000,000,N,False,CTG,010,010,N,CTG,1,2,010,010,N,ENV,0,10,-2,8,12
579,CAG,CAG,1,3,0,CAG,1,3,-3,Optimised-sequences_ENV.csv,000,000,N,000,000,N,000,000,N,False,CAG,000,000,N,CAG,1,3,000,000,N,ENV,0,10,-3,7,13
580,GGA,GGC,0,2,0,GGC,0,2,-2,Optimised-sequences_ENV.csv,000,000,N,000,000,N,000,000,N,False,GGC,000,000,N,GGC,1,2,000,000,N,ENV,0,10,-2,8,12
581,AGA,AGA,1,3,0,AGA,1,3,-3,Optimised-sequences_ENV.csv,000,000,N,000,000,N,000,000,N,False,AGA,000,000,N,AGA,1,3,000,000,N,ENV,0,10,-3,7,13
582,GAA,GAG,0,2,0,GAG,0,2,-2,Optimised-sequences_ENV.csv,000,000,N,000,000,N,000,000,N,False,GAG,000,000,N,GAG,1,2,000,000,N,ENV,0,10,-2,8,12
583,GAT,GAC,0,2,0,GAC,0,2,-2,Optimised-sequences_ENV.csv,000,000,N,000,000,N,000,000,N,False,GAC,000,000,N,GAC,1,2,000,000,N,ENV,0,10,-2,8,12
584,AAT,AAC,0,2,0,AAC,0,2,-2,Optimised-sequences_ENV.csv,000,000,N,000,000,N,000,000,N,False,AAC,000,000,N,AAC,1,2,000,000,N,ENV,0,10,-2,8,12
585,CTC,CTG,0,2,0,CTG,0,2,-2,Optimised-sequences_ENV.csv,010,010,N,010,010,N,000,000,N,False,CTG,010,010,N,CTG,1,2,010,010,N,ENV,0,10,-2,8,12
586,ACT,ACA,0,2,0,ACA,0,2,-2,Optimised-sequences_ENV.csv,000,000,N,000,000,N,000,000,N,False,ACA,000,000,N,ACA,1,2,000,000,N,ENV,0,10,-2,8,12
587,TTA,CTG,0,1,0,CTG,0,1,-1,Optimised-sequences_ENV.csv,010,010,N,010,010,N,000,000,N,False,CTG,010,010,N,CTG,1,1,010,010,N,ENV,0,10,-1,9,11
588,GAC,GAC,1,3,0,GAC,1,3,-3,Optimised-sequences_ENV.csv,000,000,N,000,000,N,000,000,N,False,GAC,000,000,N,GAC,1,3,000,000,N,ENV,0,10,-3,7,13
589,ATT,ATC,0,2,0,ATC,0,2,-2,Optimised-sequences_ENV.csv,000,000,N,000,000,N,000,000,N,False,ATC,000,000,N,ATC,1,2,000,000,N,ENV,0,10,-2,8,12
590,TCC,TCA,0,2,0,TCA,0,2,-2,Optimised-sequences_ENV.csv,000,000,N,000,000,N,000,000,N,False,TCA,000,000,N,TCA,1,2,000,000,N,ENV,0,10,-2,8,12
591,AAA,AAG,0,2,0,AAG,0,2,-2,Optimised-sequences_ENV.csv,000,000,N,000,000,N,000,000,N,False,AAG,000,000,N,AAG,1,2,000,000,N,ENV,0,10,-2,8,12
592,TTA,CTG,0,1,0,CTG,0,1,-1,Optimised-sequences_ENV.csv,010,010,N,010,010,N,000,000,N,False,CTG,010,010,N,CTG,1,1,010,010,N,ENV,0,10,-1,9,11
593,AAA,AAA,1,3,0,AAA,1,3,-3,Optimised-sequences_ENV.csv,000,000,N,000,000,N,000,000,N,False,AAA,000,000,N,AAA,1,3,000,000,N,ENV,0,10,-3,7,13
594,GAA,GAG,0,2,0,GAG,0,2,-2,Optimised-sequences_ENV.csv,000,000,N,000,000,N,000,000,N,False,GAG,000,000,N,GAG,1,2,000,000,N,ENV,0,10,-2,8,12
595,CAA,CAG,0,2,0,CAG,0,2,-2,Optimised-sequences_ENV.csv,000,000,N,000,000,N,000,000,N,False,CAG,000,000,N,CAG,1,2,000,000,N,ENV,0,10,-2,8,12
596,ATT,ATC,0,2,0,ATC,0,2,-2,Optimised-sequences_ENV.csv,000,000,N,000,000,N,000,000,N,False,ATC,000,000,N,ATC,1,2,000,000,N,ENV,0,10,-2,8,12
597,TTC,TTC,1,3,0,TTC,1,3,-3,Optimised-sequences_ENV.csv,000,000,N,000,000,N,000,000,N,False,TTC,000,000,N,TTC,1,3,000,000,N,ENV,0,10,-3,7,13
598,GAA,GAG,0,2,0,GAG,0,2,-2,Optimised-sequences_ENV.csv,000,000,N,000,000,N,000,000,N,False,GAG,000,000,N,GAG,1,2,000,000,N,ENV,0,10,-2,8,12
599,GCA,GCC,0,2,0,GCC,0,2,-2,Optimised-sequences_ENV.csv,000,000,N,000,000,N,000,000,N,False,GCC,000,000,N,GCC,1,2,000,000,N,ENV,0,10,-2,8,12
600,TCA,AGC,0,0,0,AGC,0,0,0,Optimised-sequences_ENV.csv,000,000,N,000,000,N,000,000,N,False,AGC,000,000,N,AGC,1,0,000,000,N,ENV,0,10,0,10,10
601,AAA,AAG,0,2,0,AAG,0,2,-2,Optimised-sequences_ENV.csv,000,000,N,000,000,N,000,000,N,False,AAG,000,000,N,AAG,1,2,000,000,N,ENV,0,10,-2,8,12
602,GCC,GCC,1,3,0,GCC,1,3,-3,Optimised-sequences_ENV.csv,000,000,N,000,000,N,000,000,N,False,GCC,000,000,N,GCC,1,3,000,000,N,ENV,0,10,-3,7,13
603,CAT,CAC,0,2,0,CAC,0,2,-2,Optimised-sequences_ENV.csv,000,000,N,000,000,N,000,000,N,False,CAC,000,000,N,CAC,1,2,000,000,N,ENV,0,10,-2,8,12
604,TTA,CTG,0,1,0,CTG,0,1,-1,Optimised-sequences_ENV.csv,010,010,N,010,010,N,000,000,N,False,CTG,010,010,N,CTG,1,1,010,010,N,ENV,0,10,-1,9,11
605,AAT,AAT,1,3,0,AAT,1,3,-3,Optimised-sequences_ENV.csv,000,000,N,000,000,N,000,000,N,False,AAT,000,000,N,AAT,1,3,000,000,N,ENV,0,10,-3,7,13
606,TTG,CTG,0,2,0,CTG,0,2,-2,Optimised-sequences_ENV.csv,010,010,N,010,010,N,010,010,N,False,CTG,010,010,N,CTG,1,2,010,010,N,ENV,0,10,-2,8,12
607,GTG,GTA,0,2,0,GTA,0,2,-2,Optimised-sequences_ENV.csv,000,000,N,000,000,N,010,010,N,False,GTA,000,000,N,GTA,1,2,000,000,N,ENV,0,10,-2,8,12
608,CCA,CCT,0,2,0,CCT,0,2,-2,Optimised-sequences_ENV.csv,001,001,N,001,001,N,000,000,N,False,CCT,001,001,N,CCT,1,2,001,001,N,ENV,0,10,-2,8,12
609,GGA,GGA,1,3,0,GGA,1,3,-3,Optimised-sequences_ENV.csv,000,000,N,000,000,N,000,000,N,False,GGA,000,000,N,GGA,1,3,000,000,N,ENV,0,10,-3,7,13
610,ACT,ACA,0,2,0,ACA,0,2,-2,Optimised-sequences_ENV.csv,000,000,N,000,000,N,001,001,N,False,ACA,000,000,N,ACA,1,2,000,000,N,ENV,0,10,-2,8,12
611,GAG,GAG,1,3,0,GAG,1,3,-3,Optimised-sequences_ENV.csv,000,000,N,000,000,N,000,000,N,False,GAG,000,000,N,GAG,1,3,000,000,N,ENV,0,10,-3,7,13
612,GCA,GCC,0,2,0,GCC,0,2,-2,Optimised-sequences_ENV.csv,000,000,N,000,000,N,000,000,N,False,GCC,000,000,N,GCC,1,2,000,000,N,ENV,0,10,-2,8,12
613,ATT,ATC,0,2,0,ATC,0,2,-2,Optimised-sequences_ENV.csv,000,000,N,000,000,N,001,001,N,False,ATC,000,000,N,ATC,1,2,000,000,N,ENV,0,10,-2,8,12
614,GCA,GCT,0,2,0,GCT,0,2,-2,Optimised-sequences_ENV.csv,001,001,N,001,001,N,000,000,N,False,GCT,001,001,N,GCT,1,2,001,001,N,ENV,0,10,-2,8,12
615,GGA,GGC,0,2,0,GGC,0,2,-2,Optimised-sequences_ENV.csv,000,000,N,000,000,N,000,000,N,False,GGC,000,000,N,GGC,1,2,000,000,N,ENV,0,10,-2,8,12
616,GTT,GTG,0,2,0,GTG,0,2,-2,Optimised-sequences_ENV.csv,010,010,N,010,010,N,001,001,N,False,GTG,010,010,N,GTG,1,2,010,010,N,ENV,0,10,-2,8,12
617,GCT,GCC,0,2,0,GCC,0,2,-2,Optimised-sequences_ENV.csv,000,000,N,000,000,N,001,001,N,False,GCC,000,000,N,GCC,1,2,000,000,N,ENV,0,10,-2,8,12
618,GAT,GAC,0,2,0,GAC,0,2,-2,Optimised-sequences_ENV.csv,000,000,N,000,000,N,001,001,N,False,GAC,000,000,N,GAC,1,2,000,000,N,ENV,0,10,-2,8,12
619,GGC,GGC,1,3,0,GGC,1,3,-3,Optimised-sequences_ENV.csv,000,000,N,000,000,N,000,000,N,False,GGC,000,000,N,GGC,1,3,000,000,N,ENV,0,10,-3,7,13
620,CTC,CTG,0,2,0,CTG,0,2,-2,Optimised-sequences_ENV.csv,010,010,N,010,010,N,000,000,N,False,CTG,010,010,N,CTG,1,2,010,010,N,ENV,0,10,-2,8,12
621,GCA,GCC,0,2,0,GCC,0,2,-2,Optimised-sequences_ENV.csv,000,000,N,000,000,N,000,000,N,False,GCC,000,000,N,GCC,1,2,000,000,N,ENV,0,10,-2,8,12
622,AAT,AAC,0,2,0,AAC,0,2,-2,Optimised-sequences_ENV.csv,000,000,N,000,000,N,000,000,N,False,AAC,000,000,N,AAC,1,2,000,000,N,ENV,0,10,-2,8,12
623,CTT,CTG,0,2,0,CTG,0,2,-2,Optimised-sequences_ENV.csv,010,010,N,010,010,N,000,000,N,False,CTG,010,010,N,CTG,1,2,010,010,N,ENV,0,10,-2,8,12
624,AAC,AAC,1,3,0,AAC,1,3,-3,Optimised-sequences_ENV.csv,000,000,N,000,000,N,000,000,N,False,AAC,000,000,N,AAC,1,3,000,000,N,ENV,0,10,-3,7,13
625,CCT,CCC,0,2,0,CCC,0,2,-2,Optimised-sequences_ENV.csv,000,000,N,000,000,N,001,001,N,False,CCC,000,000,N,CCC,1,2,000,000,N,ENV,0,10,-2,8,12
626,GTC,GTG,0,2,0,GTG,0,2,-2,Optimised-sequences_ENV.csv,010,010,N,010,010,N,000,000,N,False,GTG,010,010,N,GTG,1,2,010,010,N,ENV,0,10,-2,8,12
627,ACT,ACC,0,2,0,ACC,0,2,-2,Optimised-sequences_ENV.csv,000,000,N,000,000,N,000,000,N,False,ACC,000,000,N,ACC,1,2,000,000,N,ENV,0,10,-2,8,12
628,TGG,TGG,1,3,0,TGG,1,3,-3,Optimised-sequences_ENV.csv,100,100,N,100,100,N,100,100,N,False,TGG,100,100,N,TGG,1,3,100,100,N,ENV,0,10,-3,7,13
629,GTT,GTG,0,2,0,GTG,0,2,-2,Optimised-sequences_ENV.csv,010,010,N,010,010,N,000,000,N,False,GTG,010,010,N,GTG,1,2,010,010,N,ENV,0,10,-2,8,12
630,AAG,AAG,1,3,1,AAA,0,2,-2,Optimised-sequences_ENV.csv,000,000,N,000,000,N,000,000,N,False,AAA,000,000,N,AAA,0,2,000,000,N,ENV,0,10,-2,8,13
631,ACC,ACC,1,3,1,ACT,0,2,-2,Optimised-sequences_ENV.csv,000,000,N,000,000,N,000,000,N,False,ACT,000,000,N,ACT,0,2,000,000,N,ENV,0,10,-2,8,13
632,ATT,ATC,0,2,0,ATC,0,2,-2,Optimised-sequences_ENV.csv,000,000,N,000,000,N,001,001,N,False,ATC,000,000,N,ATC,1,2,000,000,N,ENV,0,10,-2,8,12
633,GGA,GGA,1,3,0,GGA,1,3,-3,Optimised-sequences_ENV.csv,000,000,N,000,000,N,000,000,N,False,GGA,000,000,N,GGA,1,3,000,000,N,ENV,0,10,-3,7,13
634,AGT,TCT,0,1,0,TCT,0,1,-1,Optimised-sequences_ENV.csv,000,000,N,000,000,N,000,000,N,False,TCT,000,000,N,TCT,1,1,000,000,N,ENV,0,10,-1,9,11
635,ACT,ACC,0,2,0,ACC,0,2,-2,Optimised-sequences_ENV.csv,000,000,N,000,000,N,000,000,N,False,ACC,000,000,N,ACC,1,2,000,000,N,ENV,0,10,-2,8,12
636,ACG,ACC,0,2,0,ACC,0,2,-2,Optimised-sequences_ENV.csv,000,000,N,000,000,N,000,000,N,False,ACC,000,000,N,ACC,1,2,000,000,N,ENV,0,10,-2,8,12
637,ATT,ATC,0,2,0,ATC,0,2,-2,Optimised-sequences_ENV.csv,000,000,N,000,000,N,000,000,N,False,ATC,000,000,N,ATC,1,2,000,000,N,ENV,0,10,-2,8,12
638,ATA,ATC,0,2,0,ATC,0,2,-2,Optimised-sequences_ENV.csv,000,000,N,000,000,N,000,000,N,False,ATC,000,000,N,ATC,1,2,000,000,N,ENV,0,10,-2,8,12
639,AAT,AAC,0,2,0,AAC,0,2,-2,Optimised-sequences_ENV.csv,000,000,N,000,000,N,000,000,N,False,AAC,000,000,N,AAC,1,2,000,000,N,ENV,0,10,-2,8,12
640,CTC,CTG,0,2,0,CTG,0,2,-2,Optimised-sequences_ENV.csv,010,010,N,010,010,N,000,000,N,False,CTG,010,010,N,CTG,1,2,010,010,N,ENV,0,10,-2,8,12
641,ATA,ATC,0,2,0,ATC,0,2,-2,Optimised-sequences_ENV.csv,000,000,N,000,000,N,000,000,N,False,ATC,000,000,N,ATC,1,2,000,000,N,ENV,0,10,-2,8,12
642,TTA,CTG,0,1,0,CTG,0,1,-1,Optimised-sequences_ENV.csv,010,010,N,010,010,N,000,000,N,False,CTG,010,010,N,CTG,1,1,010,010,N,ENV,0,10,-1,9,11
643,ATC,ATA,0,2,0,ATA,0,2,-2,Optimised-sequences_ENV.csv,000,000,N,000,000,N,000,000,N,False,ATA,000,000,N,ATA,1,2,000,000,N,ENV,0,10,-2,8,12
644,CTT,CTG,0,2,0,CTG,0,2,-2,Optimised-sequences_ENV.csv,010,010,N,010,010,N,001,00R,Y,False,CTG,010,010,N,CTG,1,2,010,010,N,ENV,0,10,-2,8,12
645,GTG,GTG,1,3,1,GTC,0,2,-2,Optimised-sequences_ENV.csv,010,0RR,Y,000,000,N,010,RRR,Y,False,GTC,000,000,N,GTC,0,2,000,000,N,ENV,0,10,-2,8,13
646,TGC,TGC,1,3,1,TGT,0,2,-2,Optimised-sequences_ENV.csv,100,RR0,Y,100,100,N,100,100,N,False,TGT,100,100,N,TGT,0,2,100,100,N,ENV,0,10,-2,8,13
647,CTG,CTG,1,3,1,CTT,0,2,-2,Optimised-sequences_ENV.csv,010,010,N,000,000,N,010,010,N,False,CTT,000,000,N,CTT,0,2,000,000,N,ENV,0,10,-2,8,13
648,TTT,TTC,0,2,0,TTC,0,2,-2,Optimised-sequences_ENV.csv,000,000,N,000,000,N,000,000,N,False,TTC,000,000,N,TTC,1,2,000,000,N,ENV,0,10,-2,8,12
649,TGT,TGT,1,3,1,TGC,0,2,-2,Optimised-sequences_ENV.csv,100,100,N,100,100,N,100,100,N,False,TGC,100,100,N,TGC,0,2,100,100,N,ENV,0,10,-2,8,13
650,CTG,CTG,1,3,1,CTA,0,2,-2,Optimised-sequences_ENV.csv,010,010,N,000,000,N,010,010,N,False,CTA,000,000,N,CTA,0,2,000,000,N,ENV,0,10,-2,8,13
651,TTG,CTG,0,2,0,CTG,0,2,-2,Optimised-sequences_ENV.csv,010,010,N,010,010,N,010,010,N,False,CTG,010,010,N,CTG,1,2,010,010,N,ENV,0,10,-2,8,12
652,TTA,CTG,0,1,0,CTG,0,1,-1,Optimised-sequences_ENV.csv,010,010,N,010,010,N,000,000,N,False,CTG,010,010,N,CTG,1,1,010,010,N,ENV,0,10,-1,9,11
653,GTC,GTG,0,2,0,GTG,0,2,-2,Optimised-sequences_ENV.csv,010,0RR,Y,010,0RR,Y,000,000,N,True,GTA,000,000,N,GTA,0,2,000,000,N,ENV,0,10,-2,8,12
654,TGC,TGT,0,2,0,TGT,0,2,-2,Optimised-sequences_ENV.csv,100,RR0,Y,100,RR0,Y,100,100,N,False,TGT,100,100,N,TGT,1,2,100,100,N,ENV,0,10,-2,8,12
655,AGG,AGA,0,2,0,AGA,0,2,-2,Optimised-sequences_ENV.csv,000,000,N,000,000,N,000,000,N,False,AGA,000,000,N,AGA,1,2,000,000,N,ENV,0,10,-2,8,12
656,TGT,TGC,0,2,0,TGC,0,2,-2,Optimised-sequences_ENV.csv,100,100,N,100,100,N,100,100,N,False,TGC,100,100,N,TGC,1,2,100,100,N,ENV,0,10,-2,8,12
657,ACC,ACC,1,3,0,ACC,1,3,-3,Optimised-sequences_ENV.csv,000,000,N,000,000,N,000,000,N,False,ACC,000,000,N,ACC,1,3,000,000,N,ENV,0,10,-3,7,13
658,CAA,CAG,0,2,0,CAG,0,2,-2,Optimised-sequences_ENV.csv,000,000,N,000,000,N,000,000,N,False,CAG,000,000,N,CAG,1,2,000,000,N,ENV,0,10,-2,8,12
659,CAG,CAG,1,3,0,CAG,1,3,-3,Optimised-sequences_ENV.csv,000,000,N,000,000,N,000,000,N,False,CAG,000,000,N,CAG,1,3,000,000,N,ENV,0,10,-3,7,13
660,CTC,CTG,0,2,0,CTG,0,2,-2,Optimised-sequences_ENV.csv,010,010,N,010,010,N,000,000,N,False,CTG,010,010,N,CTG,1,2,010,010,N,ENV,0,10,-2,8,12
661,CGA,CGG,0,2,0,CGG,0,2,-2,Optimised-sequences_ENV.csv,000,000,N,000,000,N,000,000,N,False,CGG,000,000,N,CGG,1,2,000,000,N,ENV,0,10,-2,8,12
662,AGA,AGA,1,3,0,AGA,1,3,-3,Optimised-sequences_ENV.csv,000,000,N,000,000,N,000,000,N,False,AGA,000,000,N,AGA,1,3,000,000,N,ENV,0,10,-3,7,13
663,GAC,GAT,0,2,0,GAT,0,2,-2,Optimised-sequences_ENV.csv,000,000,N,000,000,N,000,000,N,False,GAT,000,000,N,GAT,1,2,000,000,N,ENV,0,10,-2,8,12
664,AGC,TCC,0,1,0,TCC,0,1,-1,Optimised-sequences_ENV.csv,000,000,N,000,000,N,000,000,N,False,TCC,000,000,N,TCC,1,1,000,000,N,ENV,0,10,-1,9,11
665,GAC,GAC,1,3,0,GAC,1,3,-3,Optimised-sequences_ENV.csv,000,000,N,000,000,N,000,000,N,False,GAC,000,000,N,GAC,1,3,000,000,N,ENV,0,10,-3,7,13
666,CAT,CAC,0,2,0,CAC,0,2,-2,Optimised-sequences_ENV.csv,000,000,N,000,000,N,000,000,N,False,CAC,000,000,N,CAC,1,2,000,000,N,ENV,0,10,-2,8,12
667,CGA,AGA,0,2,0,AGA,0,2,-2,Optimised-sequences_ENV.csv,000,000,N,000,000,N,000,000,N,False,AGA,000,000,N,AGA,1,2,000,000,N,ENV,0,10,-2,8,12
668,GAA,GAA,1,3,0,GAA,1,3,-3,Optimised-sequences_ENV.csv,000,000,N,000,000,N,000,000,N,False,GAA,000,000,N,GAA,1,3,000,000,N,ENV,0,10,-3,7,13
669,CGG,AGA,0,1,0,AGA,0,1,-1,Optimised-sequences_ENV.csv,000,000,N,000,000,N,000,000,N,False,AGA,000,000,N,AGA,1,1,000,000,N,ENV,0,10,-1,9,11
670,GCC,GCC,1,3,1,GCA,0,2,-2,Optimised-sequences_ENV.csv,000,000,N,000,000,N,000,000,N,False,GCA,000,000,N,GCA,0,2,000,000,N,ENV,0,10,-2,8,13
671,ATG,ATG,1,3,1,ATG,1,3,-3,Optimised-sequences_ENV.csv,010,010,N,010,010,N,010,010,N,False,ATG,010,010,N,ATG,1,3,010,010,N,ENV,0,10,-3,7,13
672,ATG,ATG,1,3,1,ATG,1,3,-3,Optimised-sequences_ENV.csv,010,010,N,010,010,N,010,010,N,False,ATG,010,010,N,ATG,1,3,010,010,N,ENV,0,10,-3,7,13
673,ACG,ACT,0,2,0,ACT,0,2,-2,Optimised-sequences_ENV.csv,000,000,N,000,000,N,000,000,N,False,ACT,000,000,N,ACT,1,2,000,000,N,ENV,0,10,-2,8,12
674,ATG,ATG,1,3,0,ATG,1,3,-3,Optimised-sequences_ENV.csv,010,010,N,010,010,N,010,010,N,False,ATG,010,010,N,ATG,1,3,010,010,N,ENV,0,10,-3,7,13
675,GCG,GCC,0,2,0,GCC,0,2,-2,Optimised-sequences_ENV.csv,000,000,N,000,000,N,000,000,N,False,GCC,000,000,N,GCC,1,2,000,000,N,ENV,0,10,-2,8,12
676,GTT,GTG,0,2,0,GTG,0,2,-2,Optimised-sequences_ENV.csv,010,010,N,010,010,N,000,000,N,False,GTG,010,010,N,GTG,1,2,010,010,N,ENV,0,10,-2,8,12
677,TTG,CTG,0,2,0,CTG,0,2,-2,Optimised-sequences_ENV.csv,010,010,N,010,010,N,010,010,N,False,CTG,010,010,N,CTG,1,2,010,010,N,ENV,0,10,-2,8,12
678,TCG,AGC,0,0,0,AGC,0,0,0,Optimised-sequences_ENV.csv,000,000,N,000,000,N,000,000,N,False,AGC,000,000,N,AGC,1,0,000,000,N,ENV,0,10,0,10,10
679,AAA,AAG,0,2,0,AAG,0,2,-2,Optimised-sequences_ENV.csv,000,000,N,000,000,N,000,000,N,False,AAG,000,000,N,AAG,1,2,000,000,N,ENV,0,10,-2,8,12
680,AGA,AGA,1,3,0,AGA,1,3,-3,Optimised-sequences_ENV.csv,000,000,N,000,000,N,000,000,N,False,AGA,000,000,N,AGA,1,3,000,000,N,ENV,0,10,-3,7,13
681,AAA,AAG,0,2,0,AAG,0,2,-2,Optimised-sequences_ENV.csv,000,000,N,000,000,N,000,000,N,False,AAG,000,000,N,AAG,1,2,000,000,N,ENV,0,10,-2,8,12
682,GGG,GGC,0,2,0,GGC,0,2,-2,Optimised-sequences_ENV.csv,000,000,N,000,000,N,000,000,N,False,GGC,000,000,N,GGC,1,2,000,000,N,ENV,0,10,-2,8,12
683,GGA,GGC,0,2,0,GGC,0,2,-2,Optimised-sequences_ENV.csv,000,000,N,000,000,N,000,000,N,False,GGC,000,000,N,GGC,1,2,000,000,N,ENV,0,10,-2,8,12
684,AAT,AAC,0,2,0,AAC,0,2,-2,Optimised-sequences_ENV.csv,000,000,N,000,000,N,001,00R,Y,False,AAC,000,000,N,AAC,1,2,000,000,N,ENV,0,10,-2,8,12
685,GTG,GTG,1,3,0,GTG,1,3,-3,Optimised-sequences_ENV.csv,010,010,N,010,010,N,010,RRR,Y,False,GTG,010,010,N,GTG,1,3,010,010,N,ENV,0,10,-3,7,13
686,GGG,GGC,0,2,0,GGC,0,2,-2,Optimised-sequences_ENV.csv,000,000,N,000,000,N,000,000,N,False,GGC,000,000,N,GGC,1,2,000,000,N,ENV,0,10,-2,8,12
687,AAA,AAA,1,3,1,AAG,0,2,-2,Optimised-sequences_ENV.csv,000,000,N,000,000,N,000,000,N,False,AAG,000,000,N,AAG,0,2,000,000,N,ENV,0,10,-2,8,13
688,AGC,AGC,1,3,1,TCT,0,0,0,Optimised-sequences_ENV.csv,000,000,N,000,000,N,000,000,N,False,TCT,000,000,N,TCT,0,0,000,000,N,ENV,0,10,0,10,13
689,AAG,AAG,1,3,1,AAA,0,2,-2,Optimised-sequences_ENV.csv,000,000,N,000,000,N,000,000,N,False,AAA,000,000,N,AAA,0,2,000,000,N,ENV,0,10,-2,8,13
690,AGA,CGC,0,1,0,CGC,0,1,-1,Optimised-sequences_ENV.csv,000,000,N,000,000,N,000,000,N,False,CGC,000,000,N,CGC,1,1,000,000,N,ENV,0,10,-1,9,11
691,GAT,GAC,0,2,0,GAC,0,2,-2,Optimised-sequences_ENV.csv,000,000,N,000,000,N,000,000,N,False,GAC,000,000,N,GAC,1,2,000,000,N,ENV,0,10,-2,8,12
692,CAG,CAG,1,3,0,CAG,1,3,-3,Optimised-sequences_ENV.csv,000,000,N,000,000,N,000,000,N,False,CAG,000,000,N,CAG,1,3,000,000,N,ENV,0,10,-3,7,13
693,ATT,ATC,0,2,0,ATC,0,2,-2,Optimised-sequences_ENV.csv,000,000,N,000,000,N,001,001,N,False,ATC,000,000,N,ATC,1,2,000,000,N,ENV,0,10,-2,8,12
694,GTT,GTG,0,2,0,GTG,0,2,-2,Optimised-sequences_ENV.csv,010,010,N,010,010,N,000,000,N,False,GTG,010,010,N,GTG,1,2,010,010,N,ENV,0,10,-2,8,12
695,ACT,ACC,0,2,0,ACC,0,2,-2,Optimised-sequences_ENV.csv,000,000,N,000,000,N,001,00R,Y,False,ACC,000,000,N,ACC,1,2,000,000,N,ENV,0,10,-2,8,12
696,GTG,GTG,1,3,0,GTG,1,3,-3,Optimised-sequences_ENV.csv,010,010,N,010,010,N,010,RRR,Y,False,GTG,010,010,N,GTG,1,3,010,010,N,ENV,0,10,-3,7,13
697,TCT,AGC,0,0,0,AGC,0,0,0,Optimised-sequences_ENV.csv,000,000,N,000,000,N,001,00R,Y,False,AGC,000,000,N,AGC,1,0,000,000,N,ENV,0,10,0,10,10
698,GTG,GTG,1,3,0,GTG,1,3,-3,Optimised-sequences_ENV.csv,010,0RR,Y,010,0RR,Y,010,RRR,Y,True,GTT,000,000,N,GTT,0,2,000,000,N,ENV,0,10,-2,8,13
699,TAG,TGA,0,1,0,TGA,0,1,-1,Optimised-sequences_ENV.csv,100,RR0,Y,100,RR0,Y,000,000,N,False,TGA,100,100,N,TGA,1,1,100,100,N,ENV,0,10,-1,9,11
0,ATG,ATG,1,3,0,ATG,1,3,-3,Optimised-sequences_GAG.csv,010,010,N,010,010,N,010,010,N,False,ATG,010,010,N,ATG,1,3,010,010,N,GAG,0,40,-3,37,43
1,GGG,GGC,0,2,0,GGC,0,2,-2,Optimised-sequences_GAG.csv,000,000,N,000,000,N,000,000,N,False,GGC,000,000,N,GGC,1,2,000,000,N,GAG,0,40,-2,38,42
2,CAA,CAG,0,2,0,CAG,0,2,-2,Optimised-sequences_GAG.csv,000,000,N,000,000,N,000,000,N,False,CAG,000,000,N,CAG,1,2,000,000,N,GAG,0,40,-2,38,42
3,ACT,ACC,0,2,0,ACC,0,2,-2,Optimised-sequences_GAG.csv,000,000,N,000,000,N,000,000,N,False,ACC,000,000,N,ACC,1,2,000,000,N,GAG,0,40,-2,38,42
4,AAA,AAG,0,2,0,AAG,0,2,-2,Optimised-sequences_GAG.csv,000,000,N,000,000,N,000,000,N,False,AAG,000,000,N,AAG,1,2,000,000,N,GAG,0,40,-2,38,42
5,AGT,AGC,0,2,0,AGC,0,2,-2,Optimised-sequences_GAG.csv,000,000,N,000,000,N,000,000,N,False,AGC,000,000,N,AGC,1,2,000,000,N,GAG,0,40,-2,38,42
6,AAA,AAG,0,2,0,AAG,0,2,-2,Optimised-sequences_GAG.csv,000,000,N,000,000,N,000,000,N,False,AAG,000,000,N,AAG,1,2,000,000,N,GAG,0,40,-2,38,42
7,ATT,ATC,0,2,0,ATC,0,2,-2,Optimised-sequences_GAG.csv,000,000,N,000,000,N,000,000,N,False,ATC,000,000,N,ATC,1,2,000,000,N,GAG,0,40,-2,38,42
8,AAA,AAA,1,3,0,AAA,1,3,-3,Optimised-sequences_GAG.csv,000,000,N,000,000,N,000,000,N,False,AAA,000,000,N,AAA,1,3,000,000,N,GAG,0,40,-3,37,43
9,AGT,AGC,0,2,0,AGC,0,2,-2,Optimised-sequences_GAG.csv,000,000,N,000,000,N,000,000,N,False,AGC,000,000,N,AGC,1,2,000,000,N,GAG,0,40,-2,38,42
10,AAA,AAG,0,2,0,AAG,0,2,-2,Optimised-sequences_GAG.csv,000,000,N,000,000,N,000,000,N,False,AAG,000,000,N,AAG,1,2,000,000,N,GAG,0,40,-2,38,42
11,TAT,TAC,0,2,0,TAC,0,2,-2,Optimised-sequences_GAG.csv,000,000,N,000,000,N,001,001,N,False,TAC,000,000,N,TAC,1,2,000,000,N,GAG,0,40,-2,38,42
12,GCC,GCC,1,3,0,GCC,1,3,-3,Optimised-sequences_GAG.csv,000,000,N,000,000,N,000,000,N,False,GCC,000,000,N,GCC,1,3,000,000,N,GAG,0,40,-3,37,43
13,TCT,AGC,0,0,0,AGC,0,0,0,Optimised-sequences_GAG.csv,000,000,N,000,000,N,000,000,N,False,AGC,000,000,N,AGC,1,0,000,000,N,GAG,0,40,0,40,40
14,TAT,TAC,0,2,0,TAC,0,2,-2,Optimised-sequences_GAG.csv,000,000,N,000,000,N,000,000,N,False,TAC,000,000,N,TAC,1,2,000,000,N,GAG,0,40,-2,38,42
15,CTC,CTG,0,2,0,CTG,0,2,-2,Optimised-sequences_GAG.csv,010,010,N,010,010,N,000,000,N,False,CTG,010,010,N,CTG,1,2,010,010,N,GAG,0,40,-2,38,42
16,AGC,AGC,1,3,0,AGC,1,3,-3,Optimised-sequences_GAG.csv,000,000,N,000,000,N,000,000,N,False,AGC,000,000,N,AGC,1,3,000,000,N,GAG,0,40,-3,37,43
17,TTT,TTC,0,2,0,TTC,0,2,-2,Optimised-sequences_GAG.csv,000,000,N,000,000,N,000,000,N,False,TTC,000,000,N,TTC,1,2,000,000,N,GAG,0,40,-2,38,42
18,ATT,ATC,0,2,0,ATC,0,2,-2,Optimised-sequences_GAG.csv,000,000,N,000,000,N,000,000,N,False,ATC,000,000,N,ATC,1,2,000,000,N,GAG,0,40,-2,38,42
19,AAA,AAG,0,2,0,AAG,0,2,-2,Optimised-sequences_GAG.csv,000,000,N,000,000,N,000,000,N,False,AAG,000,000,N,AAG,1,2,000,000,N,GAG,0,40,-2,38,42
20,ATT,ATC,0,2,0,ATC,0,2,-2,Optimised-sequences_GAG.csv,000,000,N,000,000,N,000,000,N,False,ATC,000,000,N,ATC,1,2,000,000,N,GAG,0,40,-2,38,42
21,CTT,CTG,0,2,0,CTG,0,2,-2,Optimised-sequences_GAG.csv,010,010,N,010,010,N,000,000,N,False,CTG,010,010,N,CTG,1,2,010,010,N,GAG,0,40,-2,38,42
22,TTA,CTG,0,1,0,CTG,0,1,-1,Optimised-sequences_GAG.csv,010,010,N,010,010,N,000,000,N,False,CTG,010,010,N,CTG,1,1,010,010,N,GAG,0,40,-1,39,41
23,AAA,AAG,0,2,0,AAG,0,2,-2,Optimised-sequences_GAG.csv,000,000,N,000,000,N,000,000,N,False,AAG,000,000,N,AAG,1,2,000,000,N,GAG,0,40,-2,38,42
24,AGA,AGA,1,3,0,AGA,1,3,-3,Optimised-sequences_GAG.csv,000,000,N,000,000,N,000,000,N,False,AGA,000,000,N,AGA,1,3,000,000,N,GAG,0,40,-3,37,43
25,GGG,GGC,0,2,0,GGC,0,2,-2,Optimised-sequences_GAG.csv,000,000,N,000,000,N,000,000,N,False,GGC,000,000,N,GGC,1,2,000,000,N,GAG,0,40,-2,38,42
26,GGA,GGA,1,3,0,GGA,1,3,-3,Optimised-sequences_GAG.csv,000,000,N,000,000,N,000,000,N,False,GGA,000,000,N,GGA,1,3,000,000,N,GAG,0,40,-3,37,43
27,GTT,GTG,0,2,0,GTG,0,2,-2,Optimised-sequences_GAG.csv,010,010,N,010,010,N,000,000,N,False,GTG,010,010,N,GTG,1,2,010,010,N,GAG,0,40,-2,38,42
28,AAA,AAA,1,3,0,AAA,1,3,-3,Optimised-sequences_GAG.csv,000,000,N,000,000,N,000,000,N,False,AAA,000,000,N,AAA,1,3,000,000,N,GAG,0,40,-3,37,43
29,GTA,GTG,0,2,0,GTG,0,2,-2,Optimised-sequences_GAG.csv,010,010,N,010,010,N,000,000,N,False,GTG,010,010,N,GTG,1,2,010,010,N,GAG,0,40,-2,38,42
30,TCT,AGC,0,0,0,AGC,0,0,0,Optimised-sequences_GAG.csv,000,000,N,000,000,N,000,000,N,False,AGC,000,000,N,AGC,1,0,000,000,N,GAG,0,40,0,40,40
31,ACA,ACC,0,2,0,ACC,0,2,-2,Optimised-sequences_GAG.csv,000,000,N,000,000,N,000,000,N,False,ACC,000,000,N,ACC,1,2,000,000,N,GAG,0,40,-2,38,42
32,AAA,AAG,0,2,0,AAG,0,2,-2,Optimised-sequences_GAG.csv,000,000,N,000,000,N,000,000,N,False,AAG,000,000,N,AAG,1,2,000,000,N,GAG,0,40,-2,38,42
33,AAT,AAT,1,3,0,AAT,1,3,-3,Optimised-sequences_GAG.csv,000,000,N,000,000,N,000,000,N,False,AAT,000,000,N,AAT,1,3,000,000,N,GAG,0,40,-3,37,43
34,CTA,CTG,0,2,0,CTG,0,2,-2,Optimised-sequences_GAG.csv,010,010,N,010,010,N,000,000,N,False,CTG,010,010,N,CTG,1,2,010,010,N,GAG,0,40,-2,38,42
35,ATC,ATC,1,3,1,ATT,0,2,-2,Optimised-sequences_GAG.csv,000,000,N,000,000,N,000,000,N,False,ATT,000,000,N,ATT,0,2,000,000,N,GAG,0,40,-2,38,43
36,AAG,AAG,1,3,1,AAA,0,2,-2,Optimised-sequences_GAG.csv,000,000,N,000,000,N,000,000,N,False,AAA,000,000,N,AAA,0,2,000,000,N,GAG,0,40,-2,38,43
37,CTA,CTC,0,2,0,CTC,0,2,-2,Optimised-sequences_GAG.csv,000,000,N,000,000,N,000,000,N,False,CTC,000,000,N,CTC,1,2,000,000,N,GAG,0,40,-2,38,42
38,TTT,TTC,0,2,0,TTC,0,2,-2,Optimised-sequences_GAG.csv,000,000,N,000,000,N,000,000,N,False,TTC,000,000,N,TTC,1,2,000,000,N,GAG,0,40,-2,38,42
39,CAA,CAG,0,2,0,CAG,0,2,-2,Optimised-sequences_GAG.csv,000,000,N,000,000,N,000,000,N,False,CAG,000,000,N,CAG,1,2,000,000,N,GAG,0,40,-2,38,42
40,ATA,ATC,0,2,0,ATC,0,2,-2,Optimised-sequences_GAG.csv,000,000,N,000,000,N,000,000,N,False,ATC,000,000,N,ATC,1,2,000,000,N,GAG,0,40,-2,38,42
41,ATA,ATC,0,2,0,ATC,0,2,-2,Optimised-sequences_GAG.csv,000,000,N,000,000,N,000,000,N,False,ATC,000,000,N,ATC,1,2,000,000,N,GAG,0,40,-2,38,42
42,GAA,GAG,0,2,0,GAG,0,2,-2,Optimised-sequences_GAG.csv,000,000,N,000,000,N,000,000,N,False,GAG,000,000,N,GAG,1,2,000,000,N,GAG,0,40,-2,38,42
43,CAA,CAG,0,2,0,CAG,0,2,-2,Optimised-sequences_GAG.csv,000,000,N,000,000,N,000,000,N,False,CAG,000,000,N,CAG,1,2,000,000,N,GAG,0,40,-2,38,42
44,TTT,TTT,1,3,1,TTC,0,2,-2,Optimised-sequences_GAG.csv,000,000,N,000,000,N,000,000,N,False,TTC,000,000,N,TTC,0,2,000,000,N,GAG,0,40,-2,38,43
45,TGC,TGC,1,3,1,TGT,0,2,-2,Optimised-sequences_GAG.csv,100,100,N,100,100,N,100,100,N,False,TGT,100,100,N,TGT,0,2,100,100,N,GAG,0,40,-2,38,43
46,CCA,CCC,0,2,0,CCC,0,2,-2,Optimised-sequences_GAG.csv,000,000,N,000,000,N,000,000,N,False,CCC,000,000,N,CCC,1,2,000,000,N,GAG,0,40,-2,38,42
47,TGG,TGG,1,3,0,TGG,1,3,-3,Optimised-sequences_GAG.csv,100,100,N,100,100,N,100,100,N,False,TGG,100,100,N,TGG,1,3,100,100,N,GAG,0,40,-3,37,43
48,TTT,TTC,0,2,0,TTC,0,2,-2,Optimised-sequences_GAG.csv,000,000,N,000,000,N,000,000,N,False,TTC,000,000,N,TTC,1,2,000,000,N,GAG,0,40,-2,38,42
49,CCA,CCT,0,2,0,CCT,0,2,-2,Optimised-sequences_GAG.csv,001,001,N,001,001,N,000,000,N,False,CCT,001,001,N,CCT,1,2,001,001,N,GAG,0,40,-2,38,42
50,GAA,GAG,0,2,0,GAG,0,2,-2,Optimised-sequences_GAG.csv,000,000,N,000,000,N,000,000,N,False,GAG,000,000,N,GAG,1,2,000,000,N,GAG,0,40,-2,38,42
51,CAA,CAG,0,2,0,CAG,0,2,-2,Optimised-sequences_GAG.csv,000,000,N,000,000,N,000,000,N,False,CAG,000,000,N,CAG,1,2,000,000,N,GAG,0,40,-2,38,42
52,GGA,GGC,0,2,0,GGC,0,2,-2,Optimised-sequences_GAG.csv,000,000,N,000,000,N,000,000,N,False,GGC,000,000,N,GGC,1,2,000,000,N,GAG,0,40,-2,38,42
53,ACT,ACC,0,2,0,ACC,0,2,-2,Optimised-sequences_GAG.csv,000,000,N,000,000,N,000,000,N,False,ACC,000,000,N,ACC,1,2,000,000,N,GAG,0,40,-2,38,42
54,TTA,CTG,0,1,0,CTG,0,1,-1,Optimised-sequences_GAG.csv,010,010,N,010,010,N,000,000,N,False,CTG,010,010,N,CTG,1,1,010,010,N,GAG,0,40,-1,39,41
55,GAT,GAT,1,3,0,GAT,1,3,-3,Optimised-sequences_GAG.csv,000,000,N,000,000,N,000,000,N,False,GAT,000,000,N,GAT,1,3,000,000,N,GAG,0,40,-3,37,43
56,CTA,CTG,0,2,0,CTG,0,2,-2,Optimised-sequences_GAG.csv,010,010,N,010,010,N,000,000,N,False,CTG,010,010,N,CTG,1,2,010,010,N,GAG,0,40,-2,38,42
57,AAA,AAG,0,2,0,AAG,0,2,-2,Optimised-sequences_GAG.csv,000,000,N,000,000,N,000,000,N,False,AAG,000,000,N,AAG,1,2,000,000,N,GAG,0,40,-2,38,42
58,GAT,GAC,0,2,0,GAC,0,2,-2,Optimised-sequences_GAG.csv,000,000,N,000,000,N,000,000,N,False,GAC,000,000,N,GAC,1,2,000,000,N,GAG,0,40,-2,38,42
59,TGG,TGG,1,3,0,TGG,1,3,-3,Optimised-sequences_GAG.csv,100,100,N,100,100,N,100,100,N,False,TGG,100,100,N,TGG,1,3,100,100,N,GAG,0,40,-3,37,43
60,AAA,AAG,0,2,0,AAG,0,2,-2,Optimised-sequences_GAG.csv,000,000,N,000,000,N,000,000,N,False,AAG,000,000,N,AAG,1,2,000,000,N,GAG,0,40,-2,38,42
61,AGA,CGG,0,1,0,CGG,0,1,-1,Optimised-sequences_GAG.csv,000,000,N,000,000,N,000,000,N,False,CGG,000,000,N,CGG,1,1,000,000,N,GAG,0,40,-1,39,41
62,ATT,ATC,0,2,0,ATC,0,2,-2,Optimised-sequences_GAG.csv,000,000,N,000,000,N,001,001,N,False,ATC,000,000,N,ATC,1,2,000,000,N,GAG,0,40,-2,38,42
63,GGT,GGC,0,2,0,GGC,0,2,-2,Optimised-sequences_GAG.csv,000,000,N,000,000,N,000,000,N,False,GGC,000,000,N,GGC,1,2,000,000,N,GAG,0,40,-2,38,42
64,AAG,AAA,0,2,0,AAA,0,2,-2,Optimised-sequences_GAG.csv,000,000,N,000,000,N,000,000,N,False,AAA,000,000,N,AAA,1,2,000,000,N,GAG,0,40,-2,38,42
65,GAA,GAA,1,3,0,GAA,1,3,-3,Optimised-sequences_GAG.csv,000,000,N,000,000,N,000,000,N,False,GAA,000,000,N,GAA,1,3,000,000,N,GAG,0,40,-3,37,43
66,CTA,CTG,0,2,0,CTG,0,2,-2,Optimised-sequences_GAG.csv,010,010,N,010,010,N,000,000,N,False,CTG,010,010,N,CTG,1,2,010,010,N,GAG,0,40,-2,38,42
67,AAA,AAG,0,2,0,AAG,0,2,-2,Optimised-sequences_GAG.csv,000,000,N,000,000,N,000,000,N,False,AAG,000,000,N,AAG,1,2,000,000,N,GAG,0,40,-2,38,42
68,CAA,CAG,0,2,0,CAG,0,2,-2,Optimised-sequences_GAG.csv,000,000,N,000,000,N,000,000,N,False,CAG,000,000,N,CAG,1,2,000,000,N,GAG,0,40,-2,38,42
69,GCA,GCC,0,2,0,GCC,0,2,-2,Optimised-sequences_GAG.csv,000,000,N,000,000,N,000,000,N,False,GCC,000,000,N,GCC,1,2,000,000,N,GAG,0,40,-2,38,42
70,GGT,GGC,0,2,0,GGC,0,2,-2,Optimised-sequences_GAG.csv,000,000,N,000,000,N,000,000,N,False,GGC,000,000,N,GGC,1,2,000,000,N,GAG,0,40,-2,38,42
71,AGG,CGG,0,2,0,CGG,0,2,-2,Optimised-sequences_GAG.csv,000,000,N,000,000,N,000,000,N,False,CGG,000,000,N,CGG,1,2,000,000,N,GAG,0,40,-2,38,42
72,AAG,AAG,1,3,0,AAG,1,3,-3,Optimised-sequences_GAG.csv,000,000,N,000,000,N,000,000,N,False,AAG,000,000,N,AAG,1,3,000,000,N,GAG,0,40,-3,37,43
73,GGT,GGC,0,2,0,GGC,0,2,-2,Optimised-sequences_GAG.csv,000,000,N,000,000,N,000,000,N,False,GGC,000,000,N,GGC,1,2,000,000,N,GAG,0,40,-2,38,42
74,AAT,AAC,0,2,0,AAC,0,2,-2,Optimised-sequences_GAG.csv,000,000,N,000,000,N,000,000,N,False,AAC,000,000,N,AAC,1,2,000,000,N,GAG,0,40,-2,38,42
75,ATC,ATC,1,3,0,ATC,1,3,-3,Optimised-sequences_GAG.csv,000,000,N,000,000,N,000,000,N,False,ATC,000,000,N,ATC,1,3,000,000,N,GAG,0,40,-3,37,43
76,ATT,ATC,0,2,0,ATC,0,2,-2,Optimised-sequences_GAG.csv,000,000,N,000,000,N,000,000,N,False,ATC,000,000,N,ATC,1,2,000,000,N,GAG,0,40,-2,38,42
77,CCA,CCT,0,2,0,CCT,0,2,-2,Optimised-sequences_GAG.csv,000,000,N,000,000,N,000,000,N,False,CCT,000,000,N,CCT,1,2,000,000,N,GAG,0,40,-2,38,42
78,CTT,CTT,1,3,1,CTG,0,2,-2,Optimised-sequences_GAG.csv,000,000,N,010,010,N,000,000,N,False,CTG,010,010,N,CTG,0,2,010,010,N,GAG,0,40,-2,38,43
79,ACA,ACA,1,3,1,ACT,0,2,-2,Optimised-sequences_GAG.csv,000,000,N,001,00R,Y,000,000,N,True,ACG,000,000,N,ACG,0,2,000,000,N,GAG,0,40,-2,38,43
80,GTA,GTG,0,2,0,GTG,0,2,-2,Optimised-sequences_GAG.csv,010,0RR,Y,010,RRR,Y,000,000,N,False,GTG,010,0RR,Y,GTA,0,3,000,000,N,GAG,0,40,-3,37,42
81,TGG,TGG,1,3,0,TGG,1,3,-3,Optimised-sequences_GAG.csv,100,RR0,Y,100,100,N,100,100,N,False,TGG,100,RR0,Y,TGG,1,3,100,100,N,GAG,0,40,-3,37,43
82,AAT,AAC,0,2,0,AAC,0,2,-2,Optimised-sequences_GAG.csv,000,000,N,000,000,N,001,001,N,False,AAC,000,000,N,AAC,1,2,000,000,N,GAG,0,40,-2,38,42
83,GAT,GAC,0,2,0,GAC,0,2,-2,Optimised-sequences_GAG.csv,000,000,N,000,000,N,000,000,N,False,GAC,000,000,N,GAC,1,2,000,000,N,GAG,0,40,-2,38,42
84,TGG,TGG,1,3,1,TGG,1,3,-3,Optimised-sequences_GAG.csv,100,100,N,100,100,N,100,100,N,False,TGG,100,100,N,TGG,1,3,100,100,N,GAG,0,40,-3,37,43
85,GCC,GCC,1,3,1,GCA,0,2,-2,Optimised-sequences_GAG.csv,000,000,N,000,000,N,000,000,N,False,GCA,000,000,N,GCA,0,2,000,000,N,GAG,0,40,-2,38,43
86,ATT,ATC,0,2,0,ATC,0,2,-2,Optimised-sequences_GAG.csv,000,000,N,000,000,N,000,000,N,False,ATC,000,000,N,ATC,1,2,000,000,N,GAG,0,40,-2,38,42
87,ATT,ATC,0,2,0,ATC,0,2,-2,Optimised-sequences_GAG.csv,000,000,N,000,000,N,000,000,N,False,ATC,000,000,N,ATC,1,2,000,000,N,GAG,0,40,-2,38,42
88,AAA,AAG,0,2,0,AAG,0,2,-2,Optimised-sequences_GAG.csv,000,000,N,000,000,N,000,000,N,False,AAG,000,000,N,AAG,1,2,000,000,N,GAG,0,40,-2,38,42
89,GCA,GCC,0,2,0,GCC,0,2,-2,Optimised-sequences_GAG.csv,000,000,N,000,000,N,000,000,N,False,GCC,000,000,N,GCC,1,2,000,000,N,GAG,0,40,-2,38,42
90,GCT,GCC,0,2,0,GCC,0,2,-2,Optimised-sequences_GAG.csv,000,000,N,000,000,N,000,000,N,False,GCC,000,000,N,GCC,1,2,000,000,N,GAG,0,40,-2,38,42
91,TTA,CTG,0,1,0,CTG,0,1,-1,Optimised-sequences_GAG.csv,010,010,N,010,010,N,000,000,N,False,CTG,010,010,N,CTG,1,1,010,010,N,GAG,0,40,-1,39,41
92,GAA,GAA,1,3,0,GAA,1,3,-3,Optimised-sequences_GAG.csv,000,000,N,000,000,N,000,000,N,False,GAA,000,000,N,GAA,1,3,000,000,N,GAG,0,40,-3,37,43
93,CCA,CCT,0,2,0,CCT,0,2,-2,Optimised-sequences_GAG.csv,000,000,N,000,000,N,000,000,N,False,CCT,000,000,N,CCT,1,2,000,000,N,GAG,0,40,-2,38,42
94,TTT,TTC,0,2,0,TTC,0,2,-2,Optimised-sequences_GAG.csv,000,000,N,000,000,N,000,000,N,False,TTC,000,000,N,TTC,1,2,000,000,N,GAG,0,40,-2,38,42
95,CAA,CAG,0,2,0,CAG,0,2,-2,Optimised-sequences_GAG.csv,000,000,N,000,000,N,000,000,N,False,CAG,000,000,N,CAG,1,2,000,000,N,GAG,0,40,-2,38,42
96,ACA,ACA,1,3,0,ACA,1,3,-3,Optimised-sequences_GAG.csv,000,000,N,000,000,N,000,000,N,False,ACA,000,000,N,ACA,1,3,000,000,N,GAG,0,40,-3,37,43
97,GAA,GAG,0,2,0,GAG,0,2,-2,Optimised-sequences_GAG.csv,000,000,N,000,000,N,000,000,N,False,GAG,000,000,N,GAG,1,2,000,000,N,GAG,0,40,-2,38,42
98,GAA,GAA,1,3,1,GAG,0,2,-2,Optimised-sequences_GAG.csv,000,000,N,000,000,N,000,000,N,False,GAG,000,000,N,GAG,0,2,000,000,N,GAG,0,40,-2,38,43
99,GAT,GAT,1,3,1,GAC,0,2,-2,Optimised-sequences_GAG.csv,000,000,N,000,000,N,000,000,N,False,GAC,000,000,N,GAC,0,2,000,000,N,GAG,0,40,-2,38,43
100,AGC,AGC,1,3,1,TCG,0,0,0,Optimised-sequences_GAG.csv,000,000,N,000,000,N,000,000,N,False,TCG,000,000,N,TCG,0,0,000,000,N,GAG,0,40,0,40,43
101,GTT,GTG,0,2,0,GTG,0,2,-2,Optimised-sequences_GAG.csv,010,010,N,010,010,N,000,000,N,False,GTG,010,010,N,GTG,1,2,010,010,N,GAG,0,40,-2,38,42
102,TCA,TCT,0,2,0,TCT,0,2,-2,Optimised-sequences_GAG.csv,001,001,N,001,001,N,000,000,N,False,TCT,001,001,N,TCT,1,2,001,001,N,GAG,0,40,-2,38,42
103,GTT,GTC,0,2,0,GTC,0,2,-2,Optimised-sequences_GAG.csv,000,000,N,000,000,N,000,000,N,False,GTC,000,000,N,GTC,1,2,000,000,N,GAG,0,40,-2,38,42
104,TCT,AGC,0,0,0,AGC,0,0,0,Optimised-sequences_GAG.csv,000,000,N,000,000,N,001,001,N,False,AGC,000,000,N,AGC,1,0,000,000,N,GAG,0,40,0,40,40
105,GAT,GAT,1,3,1,GAC,0,2,-2,Optimised-sequences_GAG.csv,001,001,N,000,000,N,001,001,N,False,GAC,000,000,N,GAC,0,2,000,000,N,GAG,0,40,-2,38,43
106,GCC,GCC,1,3,1,GCT,0,2,-2,Optimised-sequences_GAG.csv,000,000,N,000,000,N,000,000,N,False,GCT,000,000,N,GCT,0,2,000,000,N,GAG,0,40,-2,38,43
107,CCT,CCT,1,3,1,CCA,0,2,-2,Optimised-sequences_GAG.csv,001,001,N,000,000,N,001,001,N,False,CCA,000,000,N,CCA,0,2,000,000,N,GAG,0,40,-2,38,43
108,GGA,GGA,1,3,1,GGC,0,2,-2,Optimised-sequences_GAG.csv,000,000,N,000,000,N,000,000,N,False,GGC,000,000,N,GGC,0,2,000,000,N,GAG,0,40,-2,38,43
109,AGC,AGC,1,3,1,TCG,0,0,0,Optimised-sequences_GAG.csv,000,000,N,000,000,N,000,000,N,False,TCG,000,000,N,TCG,0,0,000,000,N,GAG,0,40,0,40,43
110,TGT,TGC,0,2,0,TGC,0,2,-2,Optimised-sequences_GAG.csv,100,100,N,100,100,N,100,100,N,False,TGC,100,100,N,TGC,1,2,100,100,N,GAG,0,40,-2,38,42
111,ATA,ATC,0,2,0,ATC,0,2,-2,Optimised-sequences_GAG.csv,000,000,N,000,000,N,000,000,N,False,ATC,000,000,N,ATC,1,2,000,000,N,GAG,0,40,-2,38,42
112,ATA,ATT,0,2,0,ATT,0,2,-2,Optimised-sequences_GAG.csv,001,001,N,001,001,N,000,000,N,False,ATT,001,001,N,ATT,1,2,001,001,N,GAG,0,40,-2,38,42
113,GAT,GAT,1,3,0,GAT,1,3,-3,Optimised-sequences_GAG.csv,000,000,N,000,000,N,000,000,N,False,GAT,000,000,N,GAT,1,3,000,000,N,GAG,0,40,-3,37,43
114,TGT,TGC,0,2,0,TGC,0,2,-2,Optimised-sequences_GAG.csv,100,100,N,100,100,N,100,100,N,False,TGC,100,100,N,TGC,1,2,100,100,N,GAG,0,40,-2,38,42
115,AAT,AAC,0,2,0,AAC,0,2,-2,Optimised-sequences_GAG.csv,000,000,N,000,000,N,001,001,N,False,AAC,000,000,N,AAC,1,2,000,000,N,GAG,0,40,-2,38,42
116,GAA,GAA,1,3,1,GAG,0,2,-2,Optimised-sequences_GAG.csv,000,000,N,000,000,N,000,000,N,False,GAG,000,000,N,GAG,0,2,000,000,N,GAG,0,40,-2,38,43
117,AAC,AAC,1,3,1,AAT,0,2,-2,Optimised-sequences_GAG.csv,000,000,N,000,000,N,000,000,N,False,AAT,000,000,N,AAT,0,2,000,000,N,GAG,0,40,-2,38,43
118,ACA,ACC,0,2,0,ACC,0,2,-2,Optimised-sequences_GAG.csv,000,000,N,000,000,N,000,000,N,False,ACC,000,000,N,ACC,1,2,000,000,N,GAG,0,40,-2,38,42
119,AGG,AGA,0,2,0,AGA,0,2,-2,Optimised-sequences_GAG.csv,000,000,N,000,000,N,000,000,N,False,AGA,000,000,N,AGA,1,2,000,000,N,GAG,0,40,-2,38,42
120,AAA,AAG,0,2,0,AAG,0,2,-2,Optimised-sequences_GAG.csv,000,000,N,000,000,N,000,000,N,False,AAG,000,000,N,AAG,1,2,000,000,N,GAG,0,40,-2,38,42
121,AAA,AAG,0,2,0,AAG,0,2,-2,Optimised-sequences_GAG.csv,000,000,N,000,000,N,000,000,N,False,AAG,000,000,N,AAG,1,2,000,000,N,GAG,0,40,-2,38,42
122,TCC,AGT,0,0,0,AGT,0,0,0,Optimised-sequences_GAG.csv,000,000,N,000,000,N,000,000,N,False,AGT,000,000,N,AGT,1,0,000,000,N,GAG,0,40,0,40,40
123,CAG,CAG,1,3,0,CAG,1,3,-3,Optimised-sequences_GAG.csv,000,000,N,000,000,N,000,000,N,False,CAG,000,000,N,CAG,1,3,000,000,N,GAG,0,40,-3,37,43
124,AAA,AAG,0,2,0,AAG,0,2,-2,Optimised-sequences_GAG.csv,000,000,N,000,000,N,000,000,N,False,AAG,000,000,N,AAG,1,2,000,000,N,GAG,0,40,-2,38,42
125,GAA,GAA,1,3,0,GAA,1,3,-3,Optimised-sequences_GAG.csv,000,000,N,000,000,N,000,000,N,False,GAA,000,000,N,GAA,1,3,000,000,N,GAG,0,40,-3,37,43
126,ACG,ACC,0,2,0,ACC,0,2,-2,Optimised-sequences_GAG.csv,000,000,N,000,000,N,000,000,N,False,ACC,000,000,N,ACC,1,2,000,000,N,GAG,0,40,-2,38,42
127,GAA,GAG,0,2,0,GAG,0,2,-2,Optimised-sequences_GAG.csv,000,000,N,000,000,N,000,000,N,False,GAG,000,000,N,GAG,1,2,000,000,N,GAG,0,40,-2,38,42
128,GGT,GGC,0,2,0,GGC,0,2,-2,Optimised-sequences_GAG.csv,000,000,N,000,000,N,000,000,N,False,GGC,000,000,N,GGC,1,2,000,000,N,GAG,0,40,-2,38,42
129,TTA,CTG,0,1,0,CTG,0,1,-1,Optimised-sequences_GAG.csv,010,010,N,010,010,N,000,000,N,False,CTG,010,010,N,CTG,1,1,010,010,N,GAG,0,40,-1,39,41
130,CAT,CAC,0,2,0,CAC,0,2,-2,Optimised-sequences_GAG.csv,000,000,N,000,000,N,000,000,N,False,CAC,000,000,N,CAC,1,2,000,000,N,GAG,0,40,-2,38,42
131,TGC,TGC,1,3,0,TGC,1,3,-3,Optimised-sequences_GAG.csv,100,100,N,100,100,N,100,100,N,False,TGC,100,100,N,TGC,1,3,100,100,N,GAG,0,40,-3,37,43
132,GAA,GAG,0,2,0,GAG,0,2,-2,Optimised-sequences_GAG.csv,000,000,N,000,000,N,000,000,N,False,GAG,000,000,N,GAG,1,2,000,000,N,GAG,0,40,-2,38,42
133,TAT,TAC,0,2,0,TAC,0,2,-2,Optimised-sequences_GAG.csv,000,000,N,000,000,N,001,001,N,False,TAC,000,000,N,TAC,1,2,000,000,N,GAG,0,40,-2,38,42
134,GTA,GTG,0,2,0,GTG,0,2,-2,Optimised-sequences_GAG.csv,010,010,N,010,010,N,000,000,N,False,GTG,010,010,N,GTG,1,2,010,010,N,GAG,0,40,-2,38,42
135,GCA,GCA,1,3,0,GCA,1,3,-3,Optimised-sequences_GAG.csv,000,000,N,000,000,N,000,000,N,False,GCA,000,000,N,GCA,1,3,000,000,N,GAG,0,40,-3,37,43
136,GAG,GAA,0,2,0,GAA,0,2,-2,Optimised-sequences_GAG.csv,000,000,N,000,000,N,000,000,N,False,GAA,000,000,N,GAA,1,2,000,000,N,GAG,0,40,-2,38,42
137,CCG,CCT,0,2,0,CCT,0,2,-2,Optimised-sequences_GAG.csv,001,001,N,001,001,N,000,000,N,False,CCT,001,001,N,CCT,1,2,001,001,N,GAG,0,40,-2,38,42
138,GTA,GTC,0,2,0,GTC,0,2,-2,Optimised-sequences_GAG.csv,000,000,N,000,000,N,000,000,N,False,GTC,000,000,N,GTC,1,2,000,000,N,GAG,0,40,-2,38,42
139,ATG,ATG,1,3,0,ATG,1,3,-3,Optimised-sequences_GAG.csv,010,010,N,010,010,N,010,010,N,False,ATG,010,010,N,ATG,1,3,010,010,N,GAG,0,40,-3,37,43
140,GCT,GCC,0,2,0,GCC,0,2,-2,Optimised-sequences_GAG.csv,000,000,N,000,000,N,000,000,N,False,GCC,000,000,N,GCC,1,2,000,000,N,GAG,0,40,-2,38,42
141,CAG,CAG,1,3,0,CAG,1,3,-3,Optimised-sequences_GAG.csv,000,000,N,000,000,N,000,000,N,False,CAG,000,000,N,CAG,1,3,000,000,N,GAG,0,40,-3,37,43
142,TCA,AGC,0,0,0,AGC,0,0,0,Optimised-sequences_GAG.csv,000,000,N,000,000,N,000,000,N,False,AGC,000,000,N,AGC,1,0,000,000,N,GAG,0,40,0,40,40
143,ACG,ACC,0,2,0,ACC,0,2,-2,Optimised-sequences_GAG.csv,000,000,N,000,000,N,000,000,N,False,ACC,000,000,N,ACC,1,2,000,000,N,GAG,0,40,-2,38,42
144,CAA,CAG,0,2,0,CAG,0,2,-2,Optimised-sequences_GAG.csv,000,000,N,000,000,N,000,000,N,False,CAG,000,000,N,CAG,1,2,000,000,N,GAG,0,40,-2,38,42
145,AAT,AAC,0,2,0,AAC,0,2,-2,Optimised-sequences_GAG.csv,000,000,N,000,000,N,001,001,N,False,AAC,000,000,N,AAC,1,2,000,000,N,GAG,0,40,-2,38,42
146,GTT,GTG,0,2,0,GTG,0,2,-2,Optimised-sequences_GAG.csv,010,010,N,010,010,N,001,001,N,False,GTG,010,010,N,GTG,1,2,010,010,N,GAG,0,40,-2,38,42
147,GAC,GAC,1,3,0,GAC,1,3,-3,Optimised-sequences_GAG.csv,000,000,N,000,000,N,000,000,N,False,GAC,000,000,N,GAC,1,3,000,000,N,GAG,0,40,-3,37,43
148,TAT,TAC,0,2,0,TAC,0,2,-2,Optimised-sequences_GAG.csv,000,000,N,000,000,N,000,000,N,False,TAC,000,000,N,TAC,1,2,000,000,N,GAG,0,40,-2,38,42
149,AAT,AAC,0,2,0,AAC,0,2,-2,Optimised-sequences_GAG.csv,000,000,N,000,000,N,000,000,N,False,AAC,000,000,N,AAC,1,2,000,000,N,GAG,0,40,-2,38,42
150,CAA,CAG,0,2,0,CAG,0,2,-2,Optimised-sequences_GAG.csv,000,000,N,000,000,N,000,000,N,False,CAG,000,000,N,CAG,1,2,000,000,N,GAG,0,40,-2,38,42
151,TTA,CTG,0,1,0,CTG,0,1,-1,Optimised-sequences_GAG.csv,010,010,N,010,010,N,000,000,N,False,CTG,010,010,N,CTG,1,1,010,010,N,GAG,0,40,-1,39,41
152,CAG,CAG,1,3,1,CAA,0,2,-2,Optimised-sequences_GAG.csv,000,000,N,000,000,N,000,000,N,False,CAA,000,000,N,CAA,0,2,000,000,N,GAG,0,40,-2,38,43
153,GAG,GAG,1,3,1,GAA,0,2,-2,Optimised-sequences_GAG.csv,000,000,N,000,000,N,000,000,N,False,GAA,000,000,N,GAA,0,2,000,000,N,GAG,0,40,-2,38,43
154,GTG,GTG,1,3,1,GTT,0,2,-2,Optimised-sequences_GAG.csv,010,010,N,000,000,N,010,010,N,False,GTT,000,000,N,GTT,0,2,000,000,N,GAG,0,40,-2,38,43
155,ATA,ATT,0,2,0,ATT,0,2,-2,Optimised-sequences_GAG.csv,000,000,N,000,000,N,000,000,N,False,ATT,000,000,N,ATT,1,2,000,000,N,GAG,0,40,-2,38,42
156,TAT,TAC,0,2,0,TAC,0,2,-2,Optimised-sequences_GAG.csv,000,000,N,000,000,N,000,000,N,False,TAC,000,000,N,TAC,1,2,000,000,N,GAG,0,40,-2,38,42
157,CCT,CCC,0,2,0,CCC,0,2,-2,Optimised-sequences_GAG.csv,000,000,N,000,000,N,001,001,N,False,CCC,000,000,N,CCC,1,2,000,000,N,GAG,0,40,-2,38,42
158,GAA,GAG,0,2,0,GAG,0,2,-2,Optimised-sequences_GAG.csv,000,000,N,000,000,N,000,000,N,False,GAG,000,000,N,GAG,1,2,000,000,N,GAG,0,40,-2,38,42
159,ACG,ACT,0,2,0,ACT,0,2,-2,Optimised-sequences_GAG.csv,000,000,N,000,000,N,000,000,N,False,ACT,000,000,N,ACT,1,2,000,000,N,GAG,0,40,-2,38,42
160,TTA,CTG,0,1,0,CTG,0,1,-1,Optimised-sequences_GAG.csv,010,010,N,010,010,N,000,000,N,False,CTG,010,010,N,CTG,1,1,010,010,N,GAG,0,40,-1,39,41
161,AAA,AAG,0,2,0,AAG,0,2,-2,Optimised-sequences_GAG.csv,000,000,N,000,000,N,000,000,N,False,AAG,000,000,N,AAG,1,2,000,000,N,GAG,0,40,-2,38,42
162,TTA,CTG,0,1,0,CTG,0,1,-1,Optimised-sequences_GAG.csv,010,010,N,010,010,N,000,000,N,False,CTG,010,010,N,CTG,1,1,010,010,N,GAG,0,40,-1,39,41
163,GAA,GAA,1,3,0,GAA,1,3,-3,Optimised-sequences_GAG.csv,000,000,N,000,000,N,000,000,N,False,GAA,000,000,N,GAA,1,3,000,000,N,GAG,0,40,-3,37,43
164,GGA,GGT,0,2,0,GGT,0,2,-2,Optimised-sequences_GAG.csv,000,000,N,000,000,N,000,000,N,False,GGT,000,000,N,GGT,1,2,000,000,N,GAG,0,40,-2,38,42
165,AAA,AAA,1,3,0,AAA,1,3,-3,Optimised-sequences_GAG.csv,000,000,N,000,000,N,000,000,N,False,AAA,000,000,N,AAA,1,3,000,000,N,GAG,0,40,-3,37,43
166,GGT,GGC,0,2,0,GGC,0,2,-2,Optimised-sequences_GAG.csv,000,000,N,000,000,N,000,000,N,False,GGC,000,000,N,GGC,1,2,000,000,N,GAG,0,40,-2,38,42
167,CCA,CCC,0,2,0,CCC,0,2,-2,Optimised-sequences_GAG.csv,000,000,N,000,000,N,000,000,N,False,CCC,000,000,N,CCC,1,2,000,000,N,GAG,0,40,-2,38,42
168,GAA,GAA,1,3,0,GAA,1,3,-3,Optimised-sequences_GAG.csv,000,000,N,000,000,N,000,000,N,False,GAA,000,000,N,GAA,1,3,000,000,N,GAG,0,40,-3,37,43
169,TTA,CTG,0,1,0,CTG,0,1,-1,Optimised-sequences_GAG.csv,010,010,N,010,010,N,000,000,N,False,CTG,010,010,N,CTG,1,1,010,010,N,GAG,0,40,-1,39,41
170,GTG,GTG,1,3,0,GTG,1,3,-3,Optimised-sequences_GAG.csv,010,010,N,010,010,N,010,010,N,False,GTG,010,010,N,GTG,1,3,010,010,N,GAG,0,40,-3,37,43
171,GGG,GGC,0,2,0,GGC,0,2,-2,Optimised-sequences_GAG.csv,000,000,N,000,000,N,000,000,N,False,GGC,000,000,N,GGC,1,2,000,000,N,GAG,0,40,-2,38,42
172,CCA,CCT,0,2,0,CCT,0,2,-2,Optimised-sequences_GAG.csv,000,000,N,000,000,N,000,000,N,False,CCT,000,000,N,CCT,1,2,000,000,N,GAG,0,40,-2,38,42
173,TCA,TCT,0,2,0,TCT,0,2,-2,Optimised-sequences_GAG.csv,001,001,N,001,001,N,000,000,N,False,TCT,001,001,N,TCT,1,2,001,001,N,GAG,0,40,-2,38,42
174,GAG,GAA,0,2,0,GAA,0,2,-2,Optimised-sequences_GAG.csv,000,000,N,000,000,N,000,000,N,False,GAA,000,000,N,GAA,1,2,000,000,N,GAG,0,40,-2,38,42
175,TCT,AGC,0,0,0,AGC,0,0,0,Optimised-sequences_GAG.csv,000,000,N,000,000,N,000,000,N,False,AGC,000,000,N,AGC,1,0,000,000,N,GAG,0,40,0,40,40
176,AAA,AAG,0,2,0,AAG,0,2,-2,Optimised-sequences_GAG.csv,000,000,N,000,000,N,000,000,N,False,AAG,000,000,N,AAG,1,2,000,000,N,GAG,0,40,-2,38,42
177,CCA,CCG,0,2,0,CCG,0,2,-2,Optimised-sequences_GAG.csv,000,000,N,000,000,N,000,000,N,False,CCG,000,000,N,CCG,1,2,000,000,N,GAG,0,40,-2,38,42
178,CGA,CGG,0,2,0,CGG,0,2,-2,Optimised-sequences_GAG.csv,000,000,N,000,000,N,000,000,N,False,CGG,000,000,N,CGG,1,2,000,000,N,GAG,0,40,-2,38,42
179,GGC,GGC,1,3,0,GGC,1,3,-3,Optimised-sequences_GAG.csv,000,000,N,000,000,N,000,000,N,False,GGC,000,000,N,GGC,1,3,000,000,N,GAG,0,40,-3,37,43
180,ACA,ACC,0,2,0,ACC,0,2,-2,Optimised-sequences_GAG.csv,000,000,N,000,000,N,000,000,N,False,ACC,000,000,N,ACC,1,2,000,000,N,GAG,0,40,-2,38,42
181,AGT,AGC,0,2,0,AGC,0,2,-2,Optimised-sequences_GAG.csv,000,000,N,000,000,N,000,000,N,False,AGC,000,000,N,AGC,1,2,000,000,N,GAG,0,40,-2,38,42
182,CCT,CCC,0,2,0,CCC,0,2,-2,Optimised-sequences_GAG.csv,000,000,N,000,000,N,000,000,N,False,CCC,000,000,N,CCC,1,2,000,000,N,GAG,0,40,-2,38,42
183,CTT,CTG,0,2,0,CTG,0,2,-2,Optimised-sequences_GAG.csv,010,010,N,010,010,N,000,000,N,False,CTG,010,010,N,CTG,1,2,010,010,N,GAG,0,40,-2,38,42
184,CCA,CCT,0,2,0,CCT,0,2,-2,Optimised-sequences_GAG.csv,001,001,N,001,001,N,000,000,N,False,CCT,001,001,N,CCT,1,2,001,001,N,GAG,0,40,-2,38,42
185,GCA,GCT,0,2,0,GCT,0,2,-2,Optimised-sequences_GAG.csv,001,001,N,001,001,N,000,000,N,False,GCT,001,001,N,GCT,1,2,001,001,N,GAG,0,40,-2,38,42
186,GGT,GGC,0,2,0,GGC,0,2,-2,Optimised-sequences_GAG.csv,000,000,N,000,000,N,000,000,N,False,GGC,000,000,N,GGC,1,2,000,000,N,GAG,0,40,-2,38,42
187,CAG,CAA,0,2,0,CAA,0,2,-2,Optimised-sequences_GAG.csv,000,000,N,000,000,N,000,000,N,False,CAA,000,000,N,CAA,1,2,000,000,N,GAG,0,40,-2,38,42
188,GTG,GTG,1,3,1,GTT,0,2,-2,Optimised-sequences_GAG.csv,010,010,N,000,000,N,010,010,N,False,GTT,000,000,N,GTT,0,2,000,000,N,GAG,0,40,-2,38,43
189,CCC,CCC,1,3,1,CCA,0,2,-2,Optimised-sequences_GAG.csv,000,000,N,000,000,N,000,000,N,False,CCA,000,000,N,CCA,0,2,000,000,N,GAG,0,40,-2,38,43
190,GTA,GTG,0,2,0,GTG,0,2,-2,Optimised-sequences_GAG.csv,010,010,N,010,010,N,000,000,N,False,GTG,010,010,N,GTG,1,2,010,010,N,GAG,0,40,-2,38,42
191,ACA,ACC,0,2,0,ACC,0,2,-2,Optimised-sequences_GAG.csv,000,000,N,000,000,N,000,000,N,False,ACC,000,000,N,ACC,1,2,000,000,N,GAG,0,40,-2,38,42
192,TTA,CTC,0,1,0,CTC,0,1,-1,Optimised-sequences_GAG.csv,000,000,N,000,000,N,000,000,N,False,CTC,000,000,N,CTC,1,1,000,000,N,GAG,0,40,-1,39,41
193,CAA,CAA,1,3,1,CAG,0,2,-2,Optimised-sequences_GAG.csv,000,000,N,000,000,N,000,000,N,False,CAG,000,000,N,CAG,0,2,000,000,N,GAG,0,40,-2,38,43
194,CCT,CCT,1,3,1,CCA,0,2,-2,Optimised-sequences_GAG.csv,000,000,N,000,000,N,000,000,N,False,CCA,000,000,N,CCA,0,2,000,000,N,GAG,0,40,-2,38,43
195,CAA,CAA,1,3,1,CAG,0,2,-2,Optimised-sequences_GAG.csv,000,000,N,000,000,N,000,000,N,False,CAG,000,000,N,CAG,0,2,000,000,N,GAG,0,40,-2,38,43
196,AAG,AAG,1,3,1,AAA,0,2,-2,Optimised-sequences_GAG.csv,000,000,N,000,000,N,000,000,N,False,AAA,000,000,N,AAA,0,2,000,000,N,GAG,0,40,-2,38,43
197,CAG,CAG,1,3,1,CAA,0,2,-2,Optimised-sequences_GAG.csv,000,000,N,000,000,N,000,000,N,False,CAA,000,000,N,CAA,0,2,000,000,N,GAG,0,40,-2,38,43
198,GTT,GTC,0,2,0,GTC,0,2,-2,Optimised-sequences_GAG.csv,000,000,N,000,000,N,000,000,N,False,GTC,000,000,N,GTC,1,2,000,000,N,GAG,0,40,-2,38,42
199,AAA,AAG,0,2,0,AAG,0,2,-2,Optimised-sequences_GAG.csv,000,000,N,000,000,N,000,000,N,False,AAG,000,000,N,AAG,1,2,000,000,N,GAG,0,40,-2,38,42
200,GAA,GAA,1,3,0,GAA,1,3,-3,Optimised-sequences_GAG.csv,000,000,N,000,000,N,000,000,N,False,GAA,000,000,N,GAA,1,3,000,000,N,GAG,0,40,-3,37,43
201,AAT,AAC,0,2,0,AAC,0,2,-2,Optimised-sequences_GAG.csv,000,000,N,000,000,N,000,000,N,False,AAC,000,000,N,AAC,1,2,000,000,N,GAG,0,40,-2,38,42
202,AAG,AAG,1,3,1,AAA,0,2,-2,Optimised-sequences_GAG.csv,000,000,N,000,000,N,000,000,N,False,AAA,000,000,N,AAA,0,2,000,000,N,GAG,0,40,-2,38,43
203,ACC,ACC,1,3,1,ACG,0,2,-2,Optimised-sequences_GAG.csv,000,000,N,000,000,N,000,000,N,False,ACG,000,000,N,ACG,0,2,000,000,N,GAG,0,40,-2,38,43
204,CAA,CAG,0,2,0,CAG,0,2,-2,Optimised-sequences_GAG.csv,000,000,N,000,000,N,000,000,N,False,CAG,000,000,N,CAG,1,2,000,000,N,GAG,0,40,-2,38,42
205,CCG,CCC,0,2,0,CCC,0,2,-2,Optimised-sequences_GAG.csv,000,000,N,000,000,N,000,000,N,False,CCC,000,000,N,CCC,1,2,000,000,N,GAG,0,40,-2,38,42
206,CCA,CCT,0,2,0,CCT,0,2,-2,Optimised-sequences_GAG.csv,001,00R,Y,001,00R,Y,000,000,N,True,CCA,000,000,N,CCA,0,3,000,000,N,GAG,0,40,-3,37,42
207,GTA,GTG,0,2,0,GTG,0,2,-2,Optimised-sequences_GAG.csv,010,RRR,Y,010,RRR,Y,000,000,N,False,GTG,010,010,N,GTG,1,2,010,010,N,GAG,0,40,-2,38,42
208,GCC,GCC,1,3,1,GCG,0,2,-2,Optimised-sequences_GAG.csv,000,000,N,000,000,N,000,000,N,False,GCG,000,000,N,GCG,0,2,000,000,N,GAG,0,40,-2,38,43
209,TAT,TAT,1,3,1,TAC,0,2,-2,Optimised-sequences_GAG.csv,000,000,N,000,000,N,000,000,N,False,TAC,000,000,N,TAC,0,2,000,000,N,GAG,0,40,-2,38,43
210,CAA,CAG,0,2,0,CAG,0,2,-2,Optimised-sequences_GAG.csv,000,000,N,000,000,N,000,000,N,False,CAG,000,000,N,CAG,1,2,000,000,N,GAG,0,40,-2,38,42
211,TAC,TAC,1,3,1,TAT,0,2,-2,Optimised-sequences_GAG.csv,000,000,N,000,000,N,000,000,N,False,TAT,000,000,N,TAT,0,2,000,000,N,GAG,0,40,-2,38,43
212,TGG,TGG,1,3,1,TGG,1,3,-3,Optimised-sequences_GAG.csv,100,100,N,100,100,N,100,100,N,False,TGG,100,100,N,TGG,1,3,100,100,N,GAG,0,40,-3,37,43
213,CCT,CCT,1,3,1,CCC,0,2,-2,Optimised-sequences_GAG.csv,000,000,N,000,000,N,000,000,N,False,CCC,000,000,N,CCC,0,2,000,000,N,GAG,0,40,-2,38,43
214,CCG,CCC,0,2,0,CCC,0,2,-2,Optimised-sequences_GAG.csv,000,000,N,000,000,N,000,000,N,False,CCC,000,000,N,CCC,1,2,000,000,N,GAG,0,40,-2,38,42
215,GCT,GCC,0,2,0,GCC,0,2,-2,Optimised-sequences_GAG.csv,000,000,N,000,000,N,001,001,N,False,GCC,000,000,N,GCC,1,2,000,000,N,GAG,0,40,-2,38,42
216,GAA,GAG,0,2,0,GAG,0,2,-2,Optimised-sequences_GAG.csv,000,000,N,000,000,N,000,000,N,False,GAG,000,000,N,GAG,1,2,000,000,N,GAG,0,40,-2,38,42
217,CTT,CTA,0,2,0,CTA,0,2,-2,Optimised-sequences_GAG.csv,000,000,N,000,000,N,000,000,N,False,CTA,000,000,N,CTA,1,2,000,000,N,GAG,0,40,-2,38,42
218,CAG,CAG,1,3,1,CAA,0,2,-2,Optimised-sequences_GAG.csv,000,000,N,000,000,N,000,000,N,False,CAA,000,000,N,CAA,0,2,000,000,N,GAG,0,40,-2,38,43
219,TAT,TAT,1,3,1,TAC,0,2,-2,Optimised-sequences_GAG.csv,000,000,N,000,000,N,000,000,N,False,TAC,000,000,N,TAC,0,2,000,000,N,GAG,0,40,-2,38,43
220,CGG,AGA,0,1,0,AGA,0,1,-1,Optimised-sequences_GAG.csv,000,000,N,000,000,N,000,000,N,False,AGA,000,000,N,AGA,1,1,000,000,N,GAG,0,40,-1,39,41
221,CCA,CCT,0,2,0,CCT,0,2,-2,Optimised-sequences_GAG.csv,000,000,N,000,000,N,000,000,N,False,CCT,000,000,N,CCT,1,2,000,000,N,GAG,0,40,-2,38,42
222,CCC,CCA,0,2,0,CCA,0,2,-2,Optimised-sequences_GAG.csv,000,000,N,000,000,N,000,000,N,False,CCA,000,000,N,CCA,1,2,000,000,N,GAG,0,40,-2,38,42
223,CCA,CCT,0,2,0,CCT,0,2,-2,Optimised-sequences_GAG.csv,001,001,N,001,001,N,000,000,N,False,CCT,001,001,N,CCT,1,2,001,001,N,GAG,0,40,-2,38,42
224,GAA,GAG,0,2,0,GAG,0,2,-2,Optimised-sequences_GAG.csv,000,000,N,000,000,N,000,000,N,False,GAG,000,000,N,GAG,1,2,000,000,N,GAG,0,40,-2,38,42
225,AGT,AGC,0,2,0,AGC,0,2,-2,Optimised-sequences_GAG.csv,000,000,N,000,000,N,000,000,N,False,AGC,000,000,N,AGC,1,2,000,000,N,GAG,0,40,-2,38,42
226,CAG,CAG,1,3,0,CAG,1,3,-3,Optimised-sequences_GAG.csv,000,000,N,000,000,N,000,000,N,False,CAG,000,000,N,CAG,1,3,000,000,N,GAG,0,40,-3,37,43
227,TAT,TAC,0,2,0,TAC,0,2,-2,Optimised-sequences_GAG.csv,000,000,N,000,000,N,001,001,N,False,TAC,000,000,N,TAC,1,2,000,000,N,GAG,0,40,-2,38,42
228,GGA,GGA,1,3,0,GGA,1,3,-3,Optimised-sequences_GAG.csv,000,000,N,000,000,N,000,000,N,False,GGA,000,000,N,GGA,1,3,000,000,N,GAG,0,40,-3,37,43
229,TAT,TAC,0,2,0,TAC,0,2,-2,Optimised-sequences_GAG.csv,000,000,N,000,000,N,000,000,N,False,TAC,000,000,N,TAC,1,2,000,000,N,GAG,0,40,-2,38,42
230,CCA,CCC,0,2,0,CCC,0,2,-2,Optimised-sequences_GAG.csv,000,000,N,000,000,N,000,000,N,False,CCC,000,000,N,CCC,1,2,000,000,N,GAG,0,40,-2,38,42
231,GGA,GGC,0,2,0,GGC,0,2,-2,Optimised-sequences_GAG.csv,000,000,N,000,000,N,000,000,N,False,GGC,000,000,N,GGC,1,2,000,000,N,GAG,0,40,-2,38,42
232,ATG,ATG,1,3,0,ATG,1,3,-3,Optimised-sequences_GAG.csv,010,010,N,010,010,N,010,010,N,False,ATG,010,010,N,ATG,1,3,010,010,N,GAG,0,40,-3,37,43
233,CCC,CCT,0,2,0,CCT,0,2,-2,Optimised-sequences_GAG.csv,000,000,N,000,000,N,000,000,N,False,CCT,000,000,N,CCT,1,2,000,000,N,GAG,0,40,-2,38,42
234,CCA,CCA,1,3,0,CCA,1,3,-3,Optimised-sequences_GAG.csv,000,000,N,000,000,N,000,000,N,False,CCA,000,000,N,CCA,1,3,000,000,N,GAG,0,40,-3,37,43
235,GCA,GCT,0,2,0,GCT,0,2,-2,Optimised-sequences_GAG.csv,000,000,N,000,000,N,000,000,N,False,GCT,000,000,N,GCT,1,2,000,000,N,GAG,0,40,-2,38,42
236,CCA,CCT,0,2,0,CCT,0,2,-2,Optimised-sequences_GAG.csv,000,000,N,000,000,N,000,000,N,False,CCT,000,000,N,CCT,1,2,000,000,N,GAG,0,40,-2,38,42
237,CAG,CAA,0,2,0,CAA,0,2,-2,Optimised-sequences_GAG.csv,000,000,N,000,000,N,000,000,N,False,CAA,000,000,N,CAA,1,2,000,000,N,GAG,0,40,-2,38,42
238,GGC,GGA,0,2,0,GGA,0,2,-2,Optimised-sequences_GAG.csv,000,000,N,000,000,N,000,000,N,False,GGA,000,000,N,GGA,1,2,000,000,N,GAG,0,40,-2,38,42
239,AGG,CGC,0,1,0,CGC,0,1,-1,Optimised-sequences_GAG.csv,000,000,N,000,000,N,000,000,N,False,CGC,000,000,N,CGC,1,1,000,000,N,GAG,0,40,-1,39,41
240,GCG,GCC,0,2,0,GCC,0,2,-2,Optimised-sequences_GAG.csv,000,000,N,000,000,N,000,000,N,False,GCC,000,000,N,GCC,1,2,000,000,N,GAG,0,40,-2,38,42
241,CCA,CCT,0,2,0,CCT,0,2,-2,Optimised-sequences_GAG.csv,000,000,N,000,000,N,000,000,N,False,CCT,000,000,N,CCT,1,2,000,000,N,GAG,0,40,-2,38,42
242,TAC,TAC,1,3,1,TAT,0,2,-2,Optimised-sequences_GAG.csv,000,000,N,000,000,N,000,000,N,False,TAT,000,000,N,TAT,0,2,000,000,N,GAG,0,40,-2,38,43
243,CCT,CCT,1,3,1,CCG,0,2,-2,Optimised-sequences_GAG.csv,000,000,N,000,000,N,000,000,N,False,CCG,000,000,N,CCG,0,2,000,000,N,GAG,0,40,-2,38,43
244,CAG,CAG,1,3,1,CAA,0,2,-2,Optimised-sequences_GAG.csv,000,000,N,000,000,N,000,000,N,False,CAA,000,000,N,CAA,0,2,000,000,N,GAG,0,40,-2,38,43
245,CCG,CCT,0,2,0,CCT,0,2,-2,Optimised-sequences_GAG.csv,000,000,N,000,000,N,000,000,N,False,CCT,000,000,N,CCT,1,2,000,000,N,GAG,0,40,-2,38,42
246,CCC,CCC,1,3,0,CCC,1,3,-3,Optimised-sequences_GAG.csv,000,000,N,000,000,N,000,000,N,False,CCC,000,000,N,CCC,1,3,000,000,N,GAG,0,40,-3,37,43
247,ACT,ACC,0,2,0,ACC,0,2,-2,Optimised-sequences_GAG.csv,000,000,N,000,000,N,000,000,N,False,ACC,000,000,N,ACC,1,2,000,000,N,GAG,0,40,-2,38,42
248,AGG,AGA,0,2,0,AGA,0,2,-2,Optimised-sequences_GAG.csv,000,000,N,000,000,N,000,000,N,False,AGA,000,000,N,AGA,1,2,000,000,N,GAG,0,40,-2,38,42
249,AGA,AGA,1,3,0,AGA,1,3,-3,Optimised-sequences_GAG.csv,000,000,N,000,000,N,000,000,N,False,AGA,000,000,N,AGA,1,3,000,000,N,GAG,0,40,-3,37,43
250,CTT,CTG,0,2,0,CTG,0,2,-2,Optimised-sequences_GAG.csv,010,010,N,010,010,N,000,000,N,False,CTG,010,010,N,CTG,1,2,010,010,N,GAG,0,40,-2,38,42
251,AAT,AAC,0,2,0,AAC,0,2,-2,Optimised-sequences_GAG.csv,000,000,N,000,000,N,000,000,N,False,AAC,000,000,N,AAC,1,2,000,000,N,GAG,0,40,-2,38,42
252,CCT,CCC,0,2,0,CCC,0,2,-2,Optimised-sequences_GAG.csv,000,000,N,000,000,N,000,000,N,False,CCC,000,000,N,CCC,1,2,000,000,N,GAG,0,40,-2,38,42
253,ACG,ACC,0,2,0,ACC,0,2,-2,Optimised-sequences_GAG.csv,000,000,N,000,000,N,000,000,N,False,ACC,000,000,N,ACC,1,2,000,000,N,GAG,0,40,-2,38,42
254,GCA,GCC,0,2,0,GCC,0,2,-2,Optimised-sequences_GAG.csv,000,000,N,000,000,N,000,000,N,False,GCC,000,000,N,GCC,1,2,000,000,N,GAG,0,40,-2,38,42
255,CCA,CCT,0,2,0,CCT,0,2,-2,Optimised-sequences_GAG.csv,000,000,N,000,000,N,000,000,N,False,CCT,000,000,N,CCT,1,2,000,000,N,GAG,0,40,-2,38,42
256,CCT,CCA,0,2,0,CCA,0,2,-2,Optimised-sequences_GAG.csv,000,000,N,000,000,N,000,000,N,False,CCA,000,000,N,CCA,1,2,000,000,N,GAG,0,40,-2,38,42
257,AGT,AGC,0,2,0,AGC,0,2,-2,Optimised-sequences_GAG.csv,000,000,N,000,000,N,000,000,N,False,AGC,000,000,N,AGC,1,2,000,000,N,GAG,0,40,-2,38,42
258,AGA,AGA,1,3,1,CGA,0,2,-2,Optimised-sequences_GAG.csv,000,000,N,000,000,N,000,000,N,False,CGA,000,000,N,CGA,0,2,000,000,N,GAG,0,40,-2,38,43
259,CAG,CAG,1,3,1,CAA,0,2,-2,Optimised-sequences_GAG.csv,000,000,N,000,000,N,000,000,N,False,CAA,000,000,N,CAA,0,2,000,000,N,GAG,0,40,-2,38,43
260,GGT,GGC,0,2,0,GGC,0,2,-2,Optimised-sequences_GAG.csv,000,000,N,000,000,N,000,000,N,False,GGC,000,000,N,GGC,1,2,000,000,N,GAG,0,40,-2,38,42
261,AGT,TCT,0,1,0,TCT,0,1,-1,Optimised-sequences_GAG.csv,001,001,N,001,001,N,001,001,N,False,TCT,001,001,N,TCT,1,1,001,001,N,GAG,0,40,-1,39,41
262,GAA,GAA,1,3,0,GAA,1,3,-3,Optimised-sequences_GAG.csv,000,000,N,000,000,N,000,000,N,False,GAA,000,000,N,GAA,1,3,000,000,N,GAG,0,40,-3,37,43
263,TTA,CTG,0,1,0,CTG,0,1,-1,Optimised-sequences_GAG.csv,010,010,N,010,010,N,000,000,N,False,CTG,010,010,N,CTG,1,1,010,010,N,GAG,0,40,-1,39,41
264,CAT,CAC,0,2,0,CAC,0,2,-2,Optimised-sequences_GAG.csv,000,000,N,000,000,N,001,001,N,False,CAC,000,000,N,CAC,1,2,000,000,N,GAG,0,40,-2,38,42
265,GAA,GAG,0,2,0,GAG,0,2,-2,Optimised-sequences_GAG.csv,000,000,N,000,000,N,000,000,N,False,GAG,000,000,N,GAG,1,2,000,000,N,GAG,0,40,-2,38,42
266,ATT,ATC,0,2,0,ATC,0,2,-2,Optimised-sequences_GAG.csv,000,000,N,000,000,N,000,000,N,False,ATC,000,000,N,ATC,1,2,000,000,N,GAG,0,40,-2,38,42
267,ATT,ATC,0,2,0,ATC,0,2,-2,Optimised-sequences_GAG.csv,000,000,N,000,000,N,001,001,N,False,ATC,000,000,N,ATC,1,2,000,000,N,GAG,0,40,-2,38,42
268,GAT,GAT,1,3,0,GAT,1,3,-3,Optimised-sequences_GAG.csv,000,000,N,000,000,N,000,000,N,False,GAT,000,000,N,GAT,1,3,000,000,N,GAG,0,40,-3,37,43
269,AAA,AAG,0,2,0,AAG,0,2,-2,Optimised-sequences_GAG.csv,000,000,N,000,000,N,000,000,N,False,AAG,000,000,N,AAG,1,2,000,000,N,GAG,0,40,-2,38,42
270,TCA,TCC,0,2,0,TCC,0,2,-2,Optimised-sequences_GAG.csv,000,000,N,000,000,N,000,000,N,False,TCC,000,000,N,TCC,1,2,000,000,N,GAG,0,40,-2,38,42
271,AGA,CGG,0,1,0,CGG,0,1,-1,Optimised-sequences_GAG.csv,000,000,N,000,000,N,000,000,N,False,CGG,000,000,N,CGG,1,1,000,000,N,GAG,0,40,-1,39,41
272,AAG,AAG,1,3,0,AAG,1,3,-3,Optimised-sequences_GAG.csv,000,000,N,000,000,N,000,000,N,False,AAG,000,000,N,AAG,1,3,000,000,N,GAG,0,40,-3,37,43
273,GAA,GAG,0,2,0,GAG,0,2,-2,Optimised-sequences_GAG.csv,000,000,N,000,000,N,000,000,N,False,GAG,000,000,N,GAG,1,2,000,000,N,GAG,0,40,-2,38,42
274,GGA,GGC,0,2,0,GGC,0,2,-2,Optimised-sequences_GAG.csv,000,000,N,000,000,N,000,000,N,False,GGC,000,000,N,GGC,1,2,000,000,N,GAG,0,40,-2,38,42
275,GAT,GAC,0,2,0,GAC,0,2,-2,Optimised-sequences_GAG.csv,000,000,N,000,000,N,000,000,N,False,GAC,000,000,N,GAC,1,2,000,000,N,GAG,0,40,-2,38,42
276,ACT,ACC,0,2,0,ACC,0,2,-2,Optimised-sequences_GAG.csv,000,000,N,000,000,N,001,001,N,False,ACC,000,000,N,ACC,1,2,000,000,N,GAG,0,40,-2,38,42
277,GAG,GAG,1,3,0,GAG,1,3,-3,Optimised-sequences_GAG.csv,000,000,N,000,000,N,000,000,N,False,GAG,000,000,N,GAG,1,3,000,000,N,GAG,0,40,-3,37,43
278,GCA,GCC,0,2,0,GCC,0,2,-2,Optimised-sequences_GAG.csv,000,000,N,000,000,N,000,000,N,False,GCC,000,000,N,GCC,1,2,000,000,N,GAG,0,40,-2,38,42
279,TGG,TGG,1,3,0,TGG,1,3,-3,Optimised-sequences_GAG.csv,100,100,N,100,100,N,100,100,N,False,TGG,100,100,N,TGG,1,3,100,100,N,GAG,0,40,-3,37,43
280,CAA,CAG,0,2,0,CAG,0,2,-2,Optimised-sequences_GAG.csv,000,000,N,000,000,N,000,000,N,False,CAG,000,000,N,CAG,1,2,000,000,N,GAG,0,40,-2,38,42
281,TTC,TTC,1,3,0,TTC,1,3,-3,Optimised-sequences_GAG.csv,000,000,N,000,000,N,000,000,N,False,TTC,000,000,N,TTC,1,3,000,000,N,GAG,0,40,-3,37,43
282,CCA,CCC,0,2,0,CCC,0,2,-2,Optimised-sequences_GAG.csv,000,000,N,000,000,N,000,000,N,False,CCC,000,000,N,CCC,1,2,000,000,N,GAG,0,40,-2,38,42
283,GTA,GTG,0,2,0,GTG,0,2,-2,Optimised-sequences_GAG.csv,010,010,N,010,010,N,000,000,N,False,GTG,010,010,N,GTG,1,2,010,010,N,GAG,0,40,-2,38,42
284,ACG,ACA,0,2,0,ACA,0,2,-2,Optimised-sequences_GAG.csv,000,000,N,000,000,N,000,000,N,False,ACA,000,000,N,ACA,1,2,000,000,N,GAG,0,40,-2,38,42
285,TTA,TTG,0,2,0,TTG,0,2,-2,Optimised-sequences_GAG.csv,010,010,N,010,010,N,000,000,N,False,TTG,010,010,N,TTG,1,2,010,010,N,GAG,0,40,-2,38,42
286,GAA,GAA,1,3,0,GAA,1,3,-3,Optimised-sequences_GAG.csv,000,000,N,000,000,N,000,000,N,False,GAA,000,000,N,GAA,1,3,000,000,N,GAG,0,40,-3,37,43
287,CCG,CCT,0,2,0,CCT,0,2,-2,Optimised-sequences_GAG.csv,000,000,N,000,000,N,000,000,N,False,CCT,000,000,N,CCT,1,2,000,000,N,GAG,0,40,-2,38,42
288,ATG,ATG,1,3,0,ATG,1,3,-3,Optimised-sequences_GAG.csv,010,010,N,010,010,N,010,010,N,False,ATG,010,010,N,ATG,1,3,010,010,N,GAG,0,40,-3,37,43
289,CCA,CCC,0,2,0,CCC,0,2,-2,Optimised-sequences_GAG.csv,000,000,N,000,000,N,000,000,N,False,CCC,000,000,N,CCC,1,2,000,000,N,GAG,0,40,-2,38,42
290,CCT,CCC,0,2,0,CCC,0,2,-2,Optimised-sequences_GAG.csv,000,000,N,000,000,N,001,001,N,False,CCC,000,000,N,CCC,1,2,000,000,N,GAG,0,40,-2,38,42
291,GGA,GGC,0,2,0,GGC,0,2,-2,Optimised-sequences_GAG.csv,000,000,N,000,000,N,000,000,N,False,GGC,000,000,N,GGC,1,2,000,000,N,GAG,0,40,-2,38,42
292,GAA,GAG,0,2,0,GAG,0,2,-2,Optimised-sequences_GAG.csv,000,000,N,000,000,N,000,000,N,False,GAG,000,000,N,GAG,1,2,000,000,N,GAG,0,40,-2,38,42
293,GGA,GGC,0,2,0,GGC,0,2,-2,Optimised-sequences_GAG.csv,000,000,N,000,000,N,000,000,N,False,GGC,000,000,N,GGC,1,2,000,000,N,GAG,0,40,-2,38,42
294,GCC,GCC,1,3,0,GCC,1,3,-3,Optimised-sequences_GAG.csv,000,000,N,000,000,N,000,000,N,False,GCC,000,000,N,GCC,1,3,000,000,N,GAG,0,40,-3,37,43
295,CAA,CAG,0,2,0,CAG,0,2,-2,Optimised-sequences_GAG.csv,000,000,N,000,000,N,000,000,N,False,CAG,000,000,N,CAG,1,2,000,000,N,GAG,0,40,-2,38,42
296,GAG,GAG,1,3,1,GAA,0,2,-2,Optimised-sequences_GAG.csv,000,000,N,000,000,N,000,000,N,False,GAA,000,000,N,GAA,0,2,000,000,N,GAG,0,40,-2,38,43
297,GGA,GGA,1,3,1,GGT,0,2,-2,Optimised-sequences_GAG.csv,000,000,N,001,001,N,000,000,N,False,GGT,001,001,N,GGT,0,2,001,001,N,GAG,0,40,-2,38,43
298,GAG,GAG,1,3,1,GAA,0,2,-2,Optimised-sequences_GAG.csv,000,000,N,000,000,N,000,000,N,False,GAA,000,000,N,GAA,0,2,000,000,N,GAG,0,40,-2,38,43
299,CCT,CCT,1,3,1,CCA,0,2,-2,Optimised-sequences_GAG.csv,000,000,N,000,000,N,000,000,N,False,CCA,000,000,N,CCA,0,2,000,000,N,GAG,0,40,-2,38,43
300,CCC,CCT,0,2,0,CCT,0,2,-2,Optimised-sequences_GAG.csv,000,000,N,000,000,N,000,000,N,False,CCT,000,000,N,CCT,1,2,000,000,N,GAG,0,40,-2,38,42
301,ACA,ACA,1,3,1,ACT,0,2,-2,Optimised-sequences_GAG.csv,000,000,N,001,00R,Y,000,000,N,True,ACA,000,000,N,ACA,1,3,000,000,N,GAG,0,40,-3,37,43
302,GTT,GTT,1,3,1,GTG,0,2,-2,Optimised-sequences_GAG.csv,001,001,N,010,RRR,Y,001,001,N,False,GTG,010,010,N,GTG,0,2,010,010,N,GAG,0,40,-2,38,43
303,GAG,GAG,1,3,1,GAA,0,2,-2,Optimised-sequences_GAG.csv,000,000,N,000,000,N,000,000,N,False,GAA,000,000,N,GAA,0,2,000,000,N,GAG,0,40,-2,38,43
304,GCC,GCC,1,3,1,GCG,0,2,-2,Optimised-sequences_GAG.csv,000,000,N,000,000,N,000,000,N,False,GCG,000,000,N,GCG,0,2,000,000,N,GAG,0,40,-2,38,43
305,AGA,AGA,1,3,1,CGA,0,2,-2,Optimised-sequences_GAG.csv,000,000,N,000,000,N,000,000,N,False,CGA,000,000,N,CGA,0,2,000,000,N,GAG,0,40,-2,38,43
306,TAC,TAC,1,3,1,TAT,0,2,-2,Optimised-sequences_GAG.csv,000,000,N,000,000,N,000,000,N,False,TAT,000,000,N,TAT,0,2,000,000,N,GAG,0,40,-2,38,43
307,AAG,AAG,1,3,1,AAA,0,2,-2,Optimised-sequences_GAG.csv,000,000,N,000,000,N,000,000,N,False,AAA,000,000,N,AAA,0,2,000,000,N,GAG,0,40,-2,38,43
308,TCT,AGC,0,0,0,AGC,0,0,0,Optimised-sequences_GAG.csv,000,000,N,000,000,N,000,000,N,False,AGC,000,000,N,AGC,1,0,000,000,N,GAG,0,40,0,40,40
309,TTT,TTC,0,2,0,TTC,0,2,-2,Optimised-sequences_GAG.csv,000,000,N,000,000,N,000,000,N,False,TTC,000,000,N,TTC,1,2,000,000,N,GAG,0,40,-2,38,42
310,TCG,TCC,0,2,0,TCC,0,2,-2,Optimised-sequences_GAG.csv,000,000,N,000,000,N,000,000,N,False,TCC,000,000,N,TCC,1,2,000,000,N,GAG,0,40,-2,38,42
311,ATA,ATC,0,2,0,ATC,0,2,-2,Optimised-sequences_GAG.csv,000,000,N,000,000,N,000,000,N,False,ATC,000,000,N,ATC,1,2,000,000,N,GAG,0,40,-2,38,42
312,AAA,AAG,0,2,0,AAG,0,2,-2,Optimised-sequences_GAG.csv,000,000,N,000,000,N,000,000,N,False,AAG,000,000,N,AAG,1,2,000,000,N,GAG,0,40,-2,38,42
313,ATG,ATG,1,3,0,ATG,1,3,-3,Optimised-sequences_GAG.csv,010,010,N,010,010,N,010,010,N,False,ATG,010,010,N,ATG,1,3,010,010,N,GAG,0,40,-3,37,43
314,CTA,CTG,0,2,0,CTG,0,2,-2,Optimised-sequences_GAG.csv,010,010,N,010,010,N,000,000,N,False,CTG,010,010,N,CTG,1,2,010,010,N,GAG,0,40,-2,38,42
315,AAA,AAA,1,3,1,AAG,0,2,-2,Optimised-sequences_GAG.csv,000,000,N,000,000,N,000,000,N,False,AAG,000,000,N,AAG,0,2,000,000,N,GAG,0,40,-2,38,43
316,GAT,GAT,1,3,1,GAC,0,2,-2,Optimised-sequences_GAG.csv,000,000,N,000,000,N,000,000,N,False,GAC,000,000,N,GAC,0,2,000,000,N,GAG,0,40,-2,38,43
317,ATG,ATG,1,3,1,ATG,1,3,-3,Optimised-sequences_GAG.csv,010,010,N,010,010,N,010,010,N,False,ATG,010,010,N,ATG,1,3,010,010,N,GAG,0,40,-3,37,43
318,AAA,AAA,1,3,1,AAG,0,2,-2,Optimised-sequences_GAG.csv,000,000,N,000,000,N,000,000,N,False,AAG,000,000,N,AAG,0,2,000,000,N,GAG,0,40,-2,38,43
319,GAG,GAA,0,2,0,GAA,0,2,-2,Optimised-sequences_GAG.csv,000,000,N,000,000,N,000,000,N,False,GAA,000,000,N,GAA,1,2,000,000,N,GAG,0,40,-2,38,42
320,GGA,GGC,0,2,0,GGC,0,2,-2,Optimised-sequences_GAG.csv,000,000,N,000,000,N,000,000,N,False,GGC,000,000,N,GGC,1,2,000,000,N,GAG,0,40,-2,38,42
321,GTA,GTG,0,2,0,GTG,0,2,-2,Optimised-sequences_GAG.csv,010,010,N,010,010,N,000,000,N,False,GTG,010,010,N,GTG,1,2,010,010,N,GAG,0,40,-2,38,42
322,AAA,AAA,1,3,1,AAG,0,2,-2,Optimised-sequences_GAG.csv,000,000,N,000,000,N,000,000,N,False,AAG,000,000,N,AAG,0,2,000,000,N,GAG,0,40,-2,38,43
323,CAG,CAG,1,3,1,CAA,0,2,-2,Optimised-sequences_GAG.csv,000,000,N,000,000,N,000,000,N,False,CAA,000,000,N,CAA,0,2,000,000,N,GAG,0,40,-2,38,43
324,TAT,TAC,0,2,0,TAC,0,2,-2,Optimised-sequences_GAG.csv,000,000,N,000,000,N,001,001,N,False,TAC,000,000,N,TAC,1,2,000,000,N,GAG,0,40,-2,38,42
325,GGA,GGC,0,2,0,GGC,0,2,-2,Optimised-sequences_GAG.csv,000,000,N,000,000,N,000,000,N,False,GGC,000,000,N,GGC,1,2,000,000,N,GAG,0,40,-2,38,42
326,CCC,CCT,0,2,0,CCT,0,2,-2,Optimised-sequences_GAG.csv,000,000,N,000,000,N,000,000,N,False,CCT,000,000,N,CCT,1,2,000,000,N,GAG,0,40,-2,38,42
327,AAC,AAC,1,3,0,AAC,1,3,-3,Optimised-sequences_GAG.csv,000,000,N,000,000,N,000,000,N,False,AAC,000,000,N,AAC,1,3,000,000,N,GAG,0,40,-3,37,43
328,TCC,AGC,0,1,0,AGC,0,1,-1,Optimised-sequences_GAG.csv,000,000,N,000,000,N,000,000,N,False,AGC,000,000,N,AGC,1,1,000,000,N,GAG,0,40,-1,39,41
329,CCT,CCT,1,3,0,CCT,1,3,-3,Optimised-sequences_GAG.csv,000,000,N,000,000,N,000,000,N,False,CCT,000,000,N,CCT,1,3,000,000,N,GAG,0,40,-3,37,43
330,TAT,TAC,0,2,0,TAC,0,2,-2,Optimised-sequences_GAG.csv,000,000,N,000,000,N,000,000,N,False,TAC,000,000,N,TAC,1,2,000,000,N,GAG,0,40,-2,38,42
331,ATG,ATG,1,3,0,ATG,1,3,-3,Optimised-sequences_GAG.csv,010,010,N,010,010,N,010,010,N,False,ATG,010,010,N,ATG,1,3,010,010,N,GAG,0,40,-3,37,43
332,AGG,AGA,0,2,0,AGA,0,2,-2,Optimised-sequences_GAG.csv,000,000,N,000,000,N,000,000,N,False,AGA,000,000,N,AGA,1,2,000,000,N,GAG,0,40,-2,38,42
333,ACA,ACA,1,3,0,ACA,1,3,-3,Optimised-sequences_GAG.csv,000,000,N,000,000,N,000,000,N,False,ACA,000,000,N,ACA,1,3,000,000,N,GAG,0,40,-3,37,43
334,TTA,CTG,0,1,0,CTG,0,1,-1,Optimised-sequences_GAG.csv,010,010,N,010,010,N,000,000,N,False,CTG,010,010,N,CTG,1,1,010,010,N,GAG,0,40,-1,39,41
335,TTA,CTG,0,1,0,CTG,0,1,-1,Optimised-sequences_GAG.csv,010,010,N,010,010,N,000,000,N,False,CTG,010,010,N,CTG,1,1,010,010,N,GAG,0,40,-1,39,41
336,GAT,GAC,0,2,0,GAC,0,2,-2,Optimised-sequences_GAG.csv,000,000,N,000,000,N,000,000,N,False,GAC,000,000,N,GAC,1,2,000,000,N,GAG,0,40,-2,38,42
337,TCC,TCT,0,2,0,TCT,0,2,-2,Optimised-sequences_GAG.csv,000,000,N,000,000,N,000,000,N,False,TCT,000,000,N,TCT,1,2,000,000,N,GAG,0,40,-2,38,42
338,ATT,ATC,0,2,0,ATC,0,2,-2,Optimised-sequences_GAG.csv,000,000,N,000,000,N,001,001,N,False,ATC,000,000,N,ATC,1,2,000,000,N,GAG,0,40,-2,38,42
339,GCT,GCC,0,2,0,GCC,0,2,-2,Optimised-sequences_GAG.csv,000,000,N,000,000,N,000,000,N,False,GCC,000,000,N,GCC,1,2,000,000,N,GAG,0,40,-2,38,42
340,CAT,CAC,0,2,0,CAC,0,2,-2,Optimised-sequences_GAG.csv,000,000,N,000,000,N,001,001,N,False,CAC,000,000,N,CAC,1,2,000,000,N,GAG,0,40,-2,38,42
341,GGA,GGC,0,2,0,GGC,0,2,-2,Optimised-sequences_GAG.csv,000,000,N,000,000,N,000,000,N,False,GGC,000,000,N,GGC,1,2,000,000,N,GAG,0,40,-2,38,42
342,CAT,CAC,0,2,0,CAC,0,2,-2,Optimised-sequences_GAG.csv,000,000,N,000,000,N,000,000,N,False,CAC,000,000,N,CAC,1,2,000,000,N,GAG,0,40,-2,38,42
343,AGA,AGA,1,3,0,AGA,1,3,-3,Optimised-sequences_GAG.csv,000,000,N,000,000,N,000,000,N,False,AGA,000,000,N,AGA,1,3,000,000,N,GAG,0,40,-3,37,43
344,CTC,CTG,0,2,0,CTG,0,2,-2,Optimised-sequences_GAG.csv,010,010,N,010,010,N,000,000,N,False,CTG,010,010,N,CTG,1,2,010,010,N,GAG,0,40,-2,38,42
345,ATT,ATC,0,2,0,ATC,0,2,-2,Optimised-sequences_GAG.csv,000,000,N,000,000,N,000,000,N,False,ATC,000,000,N,ATC,1,2,000,000,N,GAG,0,40,-2,38,42
346,CCT,CCC,0,2,0,CCC,0,2,-2,Optimised-sequences_GAG.csv,000,000,N,000,000,N,000,000,N,False,CCC,000,000,N,CCC,1,2,000,000,N,GAG,0,40,-2,38,42
347,TAT,TAC,0,2,0,TAC,0,2,-2,Optimised-sequences_GAG.csv,000,000,N,000,000,N,001,001,N,False,TAC,000,000,N,TAC,1,2,000,000,N,GAG,0,40,-2,38,42
348,GAT,GAC,0,2,0,GAC,0,2,-2,Optimised-sequences_GAG.csv,000,000,N,000,000,N,000,000,N,False,GAC,000,000,N,GAC,1,2,000,000,N,GAG,0,40,-2,38,42
349,TGG,TGG,1,3,0,TGG,1,3,-3,Optimised-sequences_GAG.csv,100,100,N,100,100,N,100,100,N,False,TGG,100,100,N,TGG,1,3,100,100,N,GAG,0,40,-3,37,43
350,GAG,GAA,0,2,0,GAA,0,2,-2,Optimised-sequences_GAG.csv,000,000,N,000,000,N,000,000,N,False,GAA,000,000,N,GAA,1,2,000,000,N,GAG,0,40,-2,38,42
351,ATT,ATC,0,2,0,ATC,0,2,-2,Optimised-sequences_GAG.csv,000,000,N,000,000,N,000,000,N,False,ATC,000,000,N,ATC,1,2,000,000,N,GAG,0,40,-2,38,42
352,CTG,CTG,1,3,0,CTG,1,3,-3,Optimised-sequences_GAG.csv,010,010,N,010,010,N,010,010,N,False,CTG,010,010,N,CTG,1,3,010,010,N,GAG,0,40,-3,37,43
353,GCA,GCC,0,2,0,GCC,0,2,-2,Optimised-sequences_GAG.csv,000,000,N,000,000,N,000,000,N,False,GCC,000,000,N,GCC,1,2,000,000,N,GAG,0,40,-2,38,42
354,AAA,AAG,0,2,0,AAG,0,2,-2,Optimised-sequences_GAG.csv,000,000,N,000,000,N,000,000,N,False,AAG,000,000,N,AAG,1,2,000,000,N,GAG,0,40,-2,38,42
355,TCG,TCT,0,2,0,TCT,0,2,-2,Optimised-sequences_GAG.csv,000,000,N,000,000,N,000,000,N,False,TCT,000,000,N,TCT,1,2,000,000,N,GAG,0,40,-2,38,42
356,TCT,TCT,1,3,1,AGC,0,0,0,Optimised-sequences_GAG.csv,000,000,N,000,000,N,000,000,N,False,AGC,000,000,N,AGC,0,0,000,000,N,GAG,0,40,0,40,43
357,CTC,CTC,1,3,1,CTT,0,2,-2,Optimised-sequences_GAG.csv,000,000,N,000,000,N,000,000,N,False,CTT,000,000,N,CTT,0,2,000,000,N,GAG,0,40,-2,38,43
358,TCA,TCT,0,2,0,TCT,0,2,-2,Optimised-sequences_GAG.csv,000,000,N,000,000,N,000,000,N,False,TCT,000,000,N,TCT,1,2,000,000,N,GAG,0,40,-2,38,42
359,CCC,CCT,0,2,0,CCT,0,2,-2,Optimised-sequences_GAG.csv,000,000,N,000,000,N,000,000,N,False,CCT,000,000,N,CCT,1,2,000,000,N,GAG,0,40,-2,38,42
360,TCT,AGT,0,1,0,AGT,0,1,-1,Optimised-sequences_GAG.csv,000,000,N,000,000,N,000,000,N,False,AGT,000,000,N,AGT,1,1,000,000,N,GAG,0,40,-1,39,41
361,CAA,CAG,0,2,0,CAG,0,2,-2,Optimised-sequences_GAG.csv,000,000,N,000,000,N,000,000,N,False,CAG,000,000,N,CAG,1,2,000,000,N,GAG,0,40,-2,38,42
362,TTT,TTC,0,2,0,TTC,0,2,-2,Optimised-sequences_GAG.csv,000,000,N,000,000,N,000,000,N,False,TTC,000,000,N,TTC,1,2,000,000,N,GAG,0,40,-2,38,42
363,TTA,CTG,0,1,0,CTG,0,1,-1,Optimised-sequences_GAG.csv,010,010,N,010,010,N,000,000,N,False,CTG,010,010,N,CTG,1,1,010,010,N,GAG,0,40,-1,39,41
364,CAA,CAG,0,2,0,CAG,0,2,-2,Optimised-sequences_GAG.csv,000,000,N,000,000,N,000,000,N,False,CAG,000,000,N,CAG,1,2,000,000,N,GAG,0,40,-2,38,42
365,TTT,TTC,0,2,0,TTC,0,2,-2,Optimised-sequences_GAG.csv,000,000,N,000,000,N,000,000,N,False,TTC,000,000,N,TTC,1,2,000,000,N,GAG,0,40,-2,38,42
366,AAG,AAG,1,3,0,AAG,1,3,-3,Optimised-sequences_GAG.csv,000,000,N,000,000,N,000,000,N,False,AAG,000,000,N,AAG,1,3,000,000,N,GAG,0,40,-3,37,43
367,ACT,ACC,0,2,0,ACC,0,2,-2,Optimised-sequences_GAG.csv,000,000,N,000,000,N,000,000,N,False,ACC,000,000,N,ACC,1,2,000,000,N,GAG,0,40,-2,38,42
368,TGG,TGG,1,3,1,TGG,1,3,-3,Optimised-sequences_GAG.csv,100,100,N,100,100,N,100,100,N,False,TGG,100,100,N,TGG,1,3,100,100,N,GAG,0,40,-3,37,43
369,TGG,TGG,1,3,1,TGG,1,3,-3,Optimised-sequences_GAG.csv,100,100,N,100,100,N,100,100,N,False,TGG,100,100,N,TGG,1,3,100,100,N,GAG,0,40,-3,37,43
370,ATT,ATC,0,2,0,ATC,0,2,-2,Optimised-sequences_GAG.csv,000,000,N,000,000,N,001,001,N,False,ATC,000,000,N,ATC,1,2,000,000,N,GAG,0,40,-2,38,42
371,GAT,GAC,0,2,0,GAC,0,2,-2,Optimised-sequences_GAG.csv,000,000,N,000,000,N,001,001,N,False,GAC,000,000,N,GAC,1,2,000,000,N,GAG,0,40,-2,38,42
372,GGG,GGC,0,2,0,GGC,0,2,-2,Optimised-sequences_GAG.csv,000,000,N,000,000,N,000,000,N,False,GGC,000,000,N,GGC,1,2,000,000,N,GAG,0,40,-2,38,42
373,GTA,GTC,0,2,0,GTC,0,2,-2,Optimised-sequences_GAG.csv,000,000,N,000,000,N,000,000,N,False,GTC,000,000,N,GTC,1,2,000,000,N,GAG,0,40,-2,38,42
374,CAA,CAG,0,2,0,CAG,0,2,-2,Optimised-sequences_GAG.csv,000,000,N,000,000,N,000,000,N,False,CAG,000,000,N,CAG,1,2,000,000,N,GAG,0,40,-2,38,42
375,GAA,GAG,0,2,0,GAG,0,2,-2,Optimised-sequences_GAG.csv,000,000,N,000,000,N,000,000,N,False,GAG,000,000,N,GAG,1,2,000,000,N,GAG,0,40,-2,38,42
376,CAG,CAG,1,3,0,CAG,1,3,-3,Optimised-sequences_GAG.csv,000,000,N,000,000,N,000,000,N,False,CAG,000,000,N,CAG,1,3,000,000,N,GAG,0,40,-3,37,43
377,GTC,GTG,0,2,0,GTG,0,2,-2,Optimised-sequences_GAG.csv,010,010,N,010,010,N,000,000,N,False,GTG,010,010,N,GTG,1,2,010,010,N,GAG,0,40,-2,38,42
378,CGA,CGG,0,2,0,CGG,0,2,-2,Optimised-sequences_GAG.csv,000,000,N,000,000,N,000,000,N,False,CGG,000,000,N,CGG,1,2,000,000,N,GAG,0,40,-2,38,42
379,AGA,CGG,0,1,0,CGG,0,1,-1,Optimised-sequences_GAG.csv,000,000,N,000,000,N,000,000,N,False,CGG,000,000,N,CGG,1,1,000,000,N,GAG,0,40,-1,39,41
380,AAT,AAC,0,2,0,AAC,0,2,-2,Optimised-sequences_GAG.csv,000,000,N,000,000,N,000,000,N,False,AAC,000,000,N,AAC,1,2,000,000,N,GAG,0,40,-2,38,42
381,AGG,AGA,0,2,0,AGA,0,2,-2,Optimised-sequences_GAG.csv,000,000,N,000,000,N,000,000,N,False,AGA,000,000,N,AGA,1,2,000,000,N,GAG,0,40,-2,38,42
382,GCT,GCC,0,2,0,GCC,0,2,-2,Optimised-sequences_GAG.csv,000,000,N,000,000,N,001,001,N,False,GCC,000,000,N,GCC,1,2,000,000,N,GAG,0,40,-2,38,42
383,GCC,GCT,0,2,0,GCT,0,2,-2,Optimised-sequences_GAG.csv,000,000,N,000,000,N,000,000,N,False,GCT,000,000,N,GCT,1,2,000,000,N,GAG,0,40,-2,38,42
384,AAT,AAT,1,3,1,AAC,0,2,-2,Optimised-sequences_GAG.csv,000,000,N,000,000,N,000,000,N,False,AAC,000,000,N,AAC,0,2,000,000,N,GAG,0,40,-2,38,43
385,CCT,CCT,1,3,1,CCG,0,2,-2,Optimised-sequences_GAG.csv,000,000,N,000,000,N,000,000,N,False,CCG,000,000,N,CCG,0,2,000,000,N,GAG,0,40,-2,38,43
386,CCA,CCT,0,2,0,CCT,0,2,-2,Optimised-sequences_GAG.csv,001,00R,Y,001,00R,Y,000,000,N,True,CCC,000,000,N,CCC,0,2,000,000,N,GAG,0,40,-2,38,42
387,GTT,GTG,0,2,0,GTG,0,2,-2,Optimised-sequences_GAG.csv,010,RRR,Y,010,RRR,Y,000,000,N,False,GTG,010,010,N,GTG,1,2,010,010,N,GAG,0,40,-2,38,42
388,AAC,AAC,1,3,0,AAC,1,3,-3,Optimised-sequences_GAG.csv,000,000,N,000,000,N,000,000,N,False,AAC,000,000,N,AAC,1,3,000,000,N,GAG,0,40,-3,37,43
389,ATA,ATC,0,2,0,ATC,0,2,-2,Optimised-sequences_GAG.csv,000,000,N,000,000,N,000,000,N,False,ATC,000,000,N,ATC,1,2,000,000,N,GAG,0,40,-2,38,42
390,GAT,GAC,0,2,0,GAC,0,2,-2,Optimised-sequences_GAG.csv,000,000,N,000,000,N,001,001,N,False,GAC,000,000,N,GAC,1,2,000,000,N,GAG,0,40,-2,38,42
391,GCA,GCC,0,2,0,GCC,0,2,-2,Optimised-sequences_GAG.csv,000,000,N,000,000,N,000,000,N,False,GCC,000,000,N,GCC,1,2,000,000,N,GAG,0,40,-2,38,42
392,GAT,GAC,0,2,0,GAC,0,2,-2,Optimised-sequences_GAG.csv,000,000,N,000,000,N,000,000,N,False,GAC,000,000,N,GAC,1,2,000,000,N,GAG,0,40,-2,38,42
393,CAA,CAG,0,2,0,CAG,0,2,-2,Optimised-sequences_GAG.csv,000,000,N,000,000,N,000,000,N,False,CAG,000,000,N,CAG,1,2,000,000,N,GAG,0,40,-2,38,42
394,CTA,CTG,0,2,0,CTG,0,2,-2,Optimised-sequences_GAG.csv,010,010,N,010,010,N,000,000,N,False,CTG,010,010,N,CTG,1,2,010,010,N,GAG,0,40,-2,38,42
395,TTA,CTG,0,1,0,CTG,0,1,-1,Optimised-sequences_GAG.csv,010,010,N,010,010,N,000,000,N,False,CTG,010,010,N,CTG,1,1,010,010,N,GAG,0,40,-1,39,41
396,GGA,GGC,0,2,0,GGC,0,2,-2,Optimised-sequences_GAG.csv,000,000,N,000,000,N,000,000,N,False,GGC,000,000,N,GGC,1,2,000,000,N,GAG,0,40,-2,38,42
397,ATA,ATC,0,2,0,ATC,0,2,-2,Optimised-sequences_GAG.csv,000,000,N,000,000,N,000,000,N,False,ATC,000,000,N,ATC,1,2,000,000,N,GAG,0,40,-2,38,42
398,GGT,GGC,0,2,0,GGC,0,2,-2,Optimised-sequences_GAG.csv,000,000,N,000,000,N,000,000,N,False,GGC,000,000,N,GGC,1,2,000,000,N,GAG,0,40,-2,38,42
399,CAA,CAG,0,2,0,CAG,0,2,-2,Optimised-sequences_GAG.csv,000,000,N,000,000,N,000,000,N,False,CAG,000,000,N,CAG,1,2,000,000,N,GAG,0,40,-2,38,42
400,AAT,AAT,1,3,1,AAC,0,2,-2,Optimised-sequences_GAG.csv,000,000,N,000,000,N,000,000,N,False,AAC,000,000,N,AAC,0,2,000,000,N,GAG,0,40,-2,38,43
401,TGG,TGG,1,3,1,TGG,1,3,-3,Optimised-sequences_GAG.csv,100,100,N,100,100,N,100,100,N,False,TGG,100,100,N,TGG,1,3,100,100,N,GAG,0,40,-3,37,43
402,AGT,AGC,0,2,0,AGC,0,2,-2,Optimised-sequences_GAG.csv,000,000,N,000,000,N,000,000,N,False,AGC,000,000,N,AGC,1,2,000,000,N,GAG,0,40,-2,38,42
403,ACT,ACC,0,2,0,ACC,0,2,-2,Optimised-sequences_GAG.csv,000,000,N,000,000,N,000,000,N,False,ACC,000,000,N,ACC,1,2,000,000,N,GAG,0,40,-2,38,42
404,ATT,ATC,0,2,0,ATC,0,2,-2,Optimised-sequences_GAG.csv,000,000,N,000,000,N,000,000,N,False,ATC,000,000,N,ATC,1,2,000,000,N,GAG,0,40,-2,38,42
405,AGT,AGC,0,2,0,AGC,0,2,-2,Optimised-sequences_GAG.csv,000,000,N,000,000,N,000,000,N,False,AGC,000,000,N,AGC,1,2,000,000,N,GAG,0,40,-2,38,42
406,CAA,CAG,0,2,0,CAG,0,2,-2,Optimised-sequences_GAG.csv,000,000,N,000,000,N,000,000,N,False,CAG,000,000,N,CAG,1,2,000,000,N,GAG,0,40,-2,38,42
407,CAA,CAG,0,2,0,CAG,0,2,-2,Optimised-sequences_GAG.csv,000,000,N,000,000,N,000,000,N,False,CAG,000,000,N,CAG,1,2,000,000,N,GAG,0,40,-2,38,42
408,GCA,GCC,0,2,0,GCC,0,2,-2,Optimised-sequences_GAG.csv,000,000,N,000,000,N,000,000,N,False,GCC,000,000,N,GCC,1,2,000,000,N,GAG,0,40,-2,38,42
409,TTA,CTG,0,1,0,CTG,0,1,-1,Optimised-sequences_GAG.csv,010,010,N,010,010,N,000,000,N,False,CTG,010,010,N,CTG,1,1,010,010,N,GAG,0,40,-1,39,41
410,ATG,ATG,1,3,0,ATG,1,3,-3,Optimised-sequences_GAG.csv,010,010,N,010,010,N,010,010,N,False,ATG,010,010,N,ATG,1,3,010,010,N,GAG,0,40,-3,37,43
411,CAA,CAG,0,2,0,CAG,0,2,-2,Optimised-sequences_GAG.csv,000,000,N,000,000,N,000,000,N,False,CAG,000,000,N,CAG,1,2,000,000,N,GAG,0,40,-2,38,42
412,AAT,AAT,1,3,1,AAC,0,2,-2,Optimised-sequences_GAG.csv,001,001,N,000,000,N,001,001,N,False,AAC,000,000,N,AAC,0,2,000,000,N,GAG,0,40,-2,38,43
413,GAG,GAG,1,3,1,GAA,0,2,-2,Optimised-sequences_GAG.csv,000,000,N,000,000,N,000,000,N,False,GAA,000,000,N,GAA,0,2,000,000,N,GAG,0,40,-2,38,43
414,GCC,GCC,1,3,1,GCG,0,2,-2,Optimised-sequences_GAG.csv,000,000,N,000,000,N,000,000,N,False,GCG,000,000,N,GCG,0,2,000,000,N,GAG,0,40,-2,38,43
415,ATT,ATC,0,2,0,ATC,0,2,-2,Optimised-sequences_GAG.csv,000,000,N,000,000,N,001,001,N,False,ATC,000,000,N,ATC,1,2,000,000,N,GAG,0,40,-2,38,42
416,GAG,GAG,1,3,0,GAG,1,3,-3,Optimised-sequences_GAG.csv,000,000,N,000,000,N,000,000,N,False,GAG,000,000,N,GAG,1,3,000,000,N,GAG,0,40,-3,37,43
417,CAA,CAG,0,2,0,CAG,0,2,-2,Optimised-sequences_GAG.csv,000,000,N,000,000,N,000,000,N,False,CAG,000,000,N,CAG,1,2,000,000,N,GAG,0,40,-2,38,42
418,GTT,GTG,0,2,0,GTG,0,2,-2,Optimised-sequences_GAG.csv,010,010,N,010,010,N,000,000,N,False,GTG,010,010,N,GTG,1,2,010,010,N,GAG,0,40,-2,38,42
419,AGA,AGG,0,2,0,AGG,0,2,-2,Optimised-sequences_GAG.csv,000,000,N,000,000,N,000,000,N,False,AGG,000,000,N,AGG,1,2,000,000,N,GAG,0,40,-2,38,42
420,GCT,GCC,0,2,0,GCC,0,2,-2,Optimised-sequences_GAG.csv,000,000,N,000,000,N,000,000,N,False,GCC,000,000,N,GCC,1,2,000,000,N,GAG,0,40,-2,38,42
421,ATC,ATC,1,3,1,ATT,0,2,-2,Optimised-sequences_GAG.csv,000,000,N,000,000,N,000,000,N,False,ATT,000,000,N,ATT,0,2,000,000,N,GAG,0,40,-2,38,43
422,TGC,TGC,1,3,1,TGT,0,2,-2,Optimised-sequences_GAG.csv,100,100,N,100,100,N,100,100,N,False,TGT,100,100,N,TGT,0,2,100,100,N,GAG,0,40,-2,38,43
423,CTT,CTG,0,2,0,CTG,0,2,-2,Optimised-sequences_GAG.csv,010,010,N,010,010,N,000,000,N,False,CTG,010,010,N,CTG,1,2,010,010,N,GAG,0,40,-2,38,42
424,AGA,AGA,1,3,0,AGA,1,3,-3,Optimised-sequences_GAG.csv,000,000,N,000,000,N,000,000,N,False,AGA,000,000,N,AGA,1,3,000,000,N,GAG,0,40,-3,37,43
425,GCC,GCA,0,2,0,GCA,0,2,-2,Optimised-sequences_GAG.csv,000,000,N,000,000,N,000,000,N,False,GCA,000,000,N,GCA,1,2,000,000,N,GAG,0,40,-2,38,42
426,TGG,TGG,1,3,0,TGG,1,3,-3,Optimised-sequences_GAG.csv,100,100,N,100,100,N,100,100,N,False,TGG,100,100,N,TGG,1,3,100,100,N,GAG,0,40,-3,37,43
427,GAA,GAG,0,2,0,GAG,0,2,-2,Optimised-sequences_GAG.csv,000,000,N,000,000,N,000,000,N,False,GAG,000,000,N,GAG,1,2,000,000,N,GAG,0,40,-2,38,42
428,AAA,AAA,1,3,1,AAG,0,2,-2,Optimised-sequences_GAG.csv,000,000,N,000,000,N,000,000,N,False,AAG,000,000,N,AAG,0,2,000,000,N,GAG,0,40,-2,38,43
429,ATC,ATC,1,3,1,ATT,0,2,-2,Optimised-sequences_GAG.csv,000,000,N,000,000,N,000,000,N,False,ATT,000,000,N,ATT,0,2,000,000,N,GAG,0,40,-2,38,43
430,CAA,CAA,1,3,1,CAG,0,2,-2,Optimised-sequences_GAG.csv,000,000,N,000,000,N,000,000,N,False,CAG,000,000,N,CAG,0,2,000,000,N,GAG,0,40,-2,38,43
431,GAC,GAC,1,3,1,GAT,0,2,-2,Optimised-sequences_GAG.csv,000,000,N,000,000,N,000,000,N,False,GAT,000,000,N,GAT,0,2,000,000,N,GAG,0,40,-2,38,43
432,CCA,CCC,0,2,0,CCC,0,2,-2,Optimised-sequences_GAG.csv,000,000,N,000,000,N,000,000,N,False,CCC,000,000,N,CCC,1,2,000,000,N,GAG,0,40,-2,38,42
433,GGA,GGC,0,2,0,GGC,0,2,-2,Optimised-sequences_GAG.csv,000,000,N,000,000,N,000,000,N,False,GGC,000,000,N,GGC,1,2,000,000,N,GAG,0,40,-2,38,42
434,AGT,AGC,0,2,0,AGC,0,2,-2,Optimised-sequences_GAG.csv,000,000,N,000,000,N,000,000,N,False,AGC,000,000,N,AGC,1,2,000,000,N,GAG,0,40,-2,38,42
435,ACC,ACA,0,2,0,ACA,0,2,-2,Optimised-sequences_GAG.csv,000,000,N,000,000,N,000,000,N,False,ACA,000,000,N,ACA,1,2,000,000,N,GAG,0,40,-2,38,42
436,TGC,TGC,1,3,0,TGC,1,3,-3,Optimised-sequences_GAG.csv,100,100,N,100,100,N,100,100,N,False,TGC,100,100,N,TGC,1,3,100,100,N,GAG,0,40,-3,37,43
437,CCC,CCT,0,2,0,CCT,0,2,-2,Optimised-sequences_GAG.csv,000,000,N,000,000,N,000,000,N,False,CCT,000,000,N,CCT,1,2,000,000,N,GAG,0,40,-2,38,42
438,TCA,AGC,0,0,0,AGC,0,0,0,Optimised-sequences_GAG.csv,000,000,N,000,000,N,000,000,N,False,AGC,000,000,N,AGC,1,0,000,000,N,GAG,0,40,0,40,40
439,TTT,TTC,0,2,0,TTC,0,2,-2,Optimised-sequences_GAG.csv,000,000,N,000,000,N,000,000,N,False,TTC,000,000,N,TTC,1,2,000,000,N,GAG,0,40,-2,38,42
440,AAT,AAC,0,2,0,AAC,0,2,-2,Optimised-sequences_GAG.csv,000,000,N,000,000,N,000,000,N,False,AAC,000,000,N,AAC,1,2,000,000,N,GAG,0,40,-2,38,42
441,ACA,ACC,0,2,0,ACC,0,2,-2,Optimised-sequences_GAG.csv,000,000,N,000,000,N,000,000,N,False,ACC,000,000,N,ACC,1,2,000,000,N,GAG,0,40,-2,38,42
442,GTA,GTG,0,2,0,GTG,0,2,-2,Optimised-sequences_GAG.csv,010,010,N,010,010,N,000,000,N,False,GTG,010,010,N,GTG,1,2,010,010,N,GAG,0,40,-2,38,42
443,AGA,CGG,0,1,0,CGG,0,1,-1,Optimised-sequences_GAG.csv,000,000,N,000,000,N,000,000,N,False,CGG,000,000,N,CGG,1,1,000,000,N,GAG,0,40,-1,39,41
444,CAA,CAG,0,2,0,CAG,0,2,-2,Optimised-sequences_GAG.csv,000,000,N,000,000,N,000,000,N,False,CAG,000,000,N,CAG,1,2,000,000,N,GAG,0,40,-2,38,42
445,GGT,GGC,0,2,0,GGC,0,2,-2,Optimised-sequences_GAG.csv,000,000,N,000,000,N,000,000,N,False,GGC,000,000,N,GGC,1,2,000,000,N,GAG,0,40,-2,38,42
446,TCA,AGC,0,0,0,AGC,0,0,0,Optimised-sequences_GAG.csv,000,000,N,000,000,N,000,000,N,False,AGC,000,000,N,AGC,1,0,000,000,N,GAG,0,40,0,40,40
447,AAA,AAG,0,2,0,AAG,0,2,-2,Optimised-sequences_GAG.csv,000,000,N,000,000,N,000,000,N,False,AAG,000,000,N,AAG,1,2,000,000,N,GAG,0,40,-2,38,42
448,GAG,GAA,0,2,0,GAA,0,2,-2,Optimised-sequences_GAG.csv,000,000,N,000,000,N,000,000,N,False,GAA,000,000,N,GAA,1,2,000,000,N,GAG,0,40,-2,38,42
449,CCC,CCA,0,2,0,CCA,0,2,-2,Optimised-sequences_GAG.csv,000,000,N,000,000,N,000,000,N,False,CCA,000,000,N,CCA,1,2,000,000,N,GAG,0,40,-2,38,42
450,TAT,TAT,1,3,1,TAC,0,2,-2,Optimised-sequences_GAG.csv,000,000,N,000,000,N,000,000,N,False,TAC,000,000,N,TAC,0,2,000,000,N,GAG,0,40,-2,38,43
451,CCT,CCT,1,3,1,CCG,0,2,-2,Optimised-sequences_GAG.csv,001,001,N,000,000,N,001,001,N,False,CCG,000,000,N,CCG,0,2,000,000,N,GAG,0,40,-2,38,43
452,GAT,GAC,0,2,0,GAC,0,2,-2,Optimised-sequences_GAG.csv,000,000,N,000,000,N,000,000,N,False,GAC,000,000,N,GAC,1,2,000,000,N,GAG,0,40,-2,38,42
453,TTT,TTC,0,2,0,TTC,0,2,-2,Optimised-sequences_GAG.csv,000,000,N,000,000,N,001,00R,Y,False,TTC,000,000,N,TTC,1,2,000,000,N,GAG,0,40,-2,38,42
454,GTG,GTG,1,3,0,GTG,1,3,-3,Optimised-sequences_GAG.csv,010,010,N,010,010,N,010,RRR,Y,False,GTG,010,010,N,GTG,1,3,010,010,N,GAG,0,40,-3,37,43
455,GCA,GCC,0,2,0,GCC,0,2,-2,Optimised-sequences_GAG.csv,000,000,N,000,000,N,000,000,N,False,GCC,000,000,N,GCC,1,2,000,000,N,GAG,0,40,-2,38,42
456,AGG,CGG,0,2,0,CGG,0,2,-2,Optimised-sequences_GAG.csv,000,000,N,000,000,N,000,000,N,False,CGG,000,000,N,CGG,1,2,000,000,N,GAG,0,40,-2,38,42
457,CTC,CTG,0,2,0,CTG,0,2,-2,Optimised-sequences_GAG.csv,010,010,N,010,010,N,000,000,N,False,CTG,010,010,N,CTG,1,2,010,010,N,GAG,0,40,-2,38,42
458,CAA,CAG,0,2,0,CAG,0,2,-2,Optimised-sequences_GAG.csv,000,000,N,000,000,N,000,000,N,False,CAG,000,000,N,CAG,1,2,000,000,N,GAG,0,40,-2,38,42
459,GAT,GAC,0,2,0,GAC,0,2,-2,Optimised-sequences_GAG.csv,000,000,N,000,000,N,001,001,N,False,GAC,000,000,N,GAC,1,2,000,000,N,GAG,0,40,-2,38,42
460,GTT,GTG,0,2,0,GTG,0,2,-2,Optimised-sequences_GAG.csv,010,010,N,010,010,N,001,001,N,False,GTG,010,010,N,GTG,1,2,010,010,N,GAG,0,40,-2,38,42
461,GCT,GCC,0,2,0,GCC,0,2,-2,Optimised-sequences_GAG.csv,000,000,N,000,000,N,000,000,N,False,GCC,000,000,N,GCC,1,2,000,000,N,GAG,0,40,-2,38,42
462,CAA,CAG,0,2,0,CAG,0,2,-2,Optimised-sequences_GAG.csv,000,000,N,000,000,N,000,000,N,False,CAG,000,000,N,CAG,1,2,000,000,N,GAG,0,40,-2,38,42
463,AAG,AAG,1,3,0,AAG,1,3,-3,Optimised-sequences_GAG.csv,000,000,N,000,000,N,000,000,N,False,AAG,000,000,N,AAG,1,3,000,000,N,GAG,0,40,-3,37,43
464,TCA,TCC,0,2,0,TCC,0,2,-2,Optimised-sequences_GAG.csv,000,000,N,000,000,N,000,000,N,False,TCC,000,000,N,TCC,1,2,000,000,N,GAG,0,40,-2,38,42
465,ATT,ATC,0,2,0,ATC,0,2,-2,Optimised-sequences_GAG.csv,000,000,N,000,000,N,001,001,N,False,ATC,000,000,N,ATC,1,2,000,000,N,GAG,0,40,-2,38,42
466,GCC,GCC,1,3,1,GCA,0,2,-2,Optimised-sequences_GAG.csv,000,000,N,000,000,N,000,000,N,False,GCA,000,000,N,GCA,0,2,000,000,N,GAG,0,40,-2,38,43
467,GAT,GAT,1,3,1,GAC,0,2,-2,Optimised-sequences_GAG.csv,001,001,N,000,000,N,001,001,N,False,GAC,000,000,N,GAC,0,2,000,000,N,GAG,0,40,-2,38,43
468,GAA,GAG,0,2,0,GAG,0,2,-2,Optimised-sequences_GAG.csv,000,000,N,000,000,N,000,000,N,False,GAG,000,000,N,GAG,1,2,000,000,N,GAG,0,40,-2,38,42
469,AAA,AAG,0,2,0,AAG,0,2,-2,Optimised-sequences_GAG.csv,000,000,N,000,000,N,000,000,N,False,AAG,000,000,N,AAG,1,2,000,000,N,GAG,0,40,-2,38,42
470,GCC,GCC,1,3,0,GCC,1,3,-3,Optimised-sequences_GAG.csv,000,000,N,000,000,N,000,000,N,False,GCC,000,000,N,GCC,1,3,000,000,N,GAG,0,40,-3,37,43
471,CGT,AGA,0,1,0,AGA,0,1,-1,Optimised-sequences_GAG.csv,000,000,N,000,000,N,000,000,N,False,AGA,000,000,N,AGA,1,1,000,000,N,GAG,0,40,-1,39,41
472,AAG,AAA,0,2,0,AAA,0,2,-2,Optimised-sequences_GAG.csv,000,000,N,000,000,N,000,000,N,False,AAA,000,000,N,AAA,1,2,000,000,N,GAG,0,40,-2,38,42
473,GTC,GTG,0,2,0,GTG,0,2,-2,Optimised-sequences_GAG.csv,010,010,N,010,010,N,000,000,N,False,GTG,010,010,N,GTG,1,2,010,010,N,GAG,0,40,-2,38,42
474,ATA,ATC,0,2,0,ATC,0,2,-2,Optimised-sequences_GAG.csv,000,000,N,000,000,N,000,000,N,False,ATC,000,000,N,ATC,1,2,000,000,N,GAG,0,40,-2,38,42
475,GTG,GTG,1,3,0,GTG,1,3,-3,Optimised-sequences_GAG.csv,010,010,N,010,010,N,010,010,N,False,GTG,010,010,N,GTG,1,3,010,010,N,GAG,0,40,-3,37,43
476,GAG,GAA,0,2,0,GAA,0,2,-2,Optimised-sequences_GAG.csv,000,000,N,000,000,N,000,000,N,False,GAA,000,000,N,GAA,1,2,000,000,N,GAG,0,40,-2,38,42
477,TTG,CTG,0,2,0,CTG,0,2,-2,Optimised-sequences_GAG.csv,010,010,N,010,010,N,010,010,N,False,CTG,010,010,N,CTG,1,2,010,010,N,GAG,0,40,-2,38,42
478,ATG,ATG,1,3,0,ATG,1,3,-3,Optimised-sequences_GAG.csv,010,010,N,010,010,N,010,010,N,False,ATG,010,010,N,ATG,1,3,010,010,N,GAG,0,40,-3,37,43
479,GCA,GCT,0,2,0,GCT,0,2,-2,Optimised-sequences_GAG.csv,000,000,N,000,000,N,000,000,N,False,GCT,000,000,N,GCT,1,2,000,000,N,GAG,0,40,-2,38,42
480,TAT,TAC,0,2,0,TAC,0,2,-2,Optimised-sequences_GAG.csv,000,000,N,000,000,N,001,001,N,False,TAC,000,000,N,TAC,1,2,000,000,N,GAG,0,40,-2,38,42
481,GAA,GAG,0,2,0,GAG,0,2,-2,Optimised-sequences_GAG.csv,000,000,N,000,000,N,000,000,N,False,GAG,000,000,N,GAG,1,2,000,000,N,GAG,0,40,-2,38,42
482,AAC,AAC,1,3,1,AAT,0,2,-2,Optimised-sequences_GAG.csv,000,000,N,001,001,N,000,000,N,False,AAT,001,001,N,AAT,0,2,001,001,N,GAG,0,40,-2,38,43
483,GCC,GCC,1,3,1,GCT,0,2,-2,Optimised-sequences_GAG.csv,000,000,N,000,000,N,000,000,N,False,GCT,000,000,N,GCT,0,2,000,000,N,GAG,0,40,-2,38,43
484,AAT,AAT,1,3,1,AAC,0,2,-2,Optimised-sequences_GAG.csv,000,000,N,000,000,N,000,000,N,False,AAC,000,000,N,AAC,0,2,000,000,N,GAG,0,40,-2,38,43
485,CCT,CCT,1,3,1,CCA,0,2,-2,Optimised-sequences_GAG.csv,001,001,N,000,000,N,001,001,N,False,CCA,000,000,N,CCA,0,2,000,000,N,GAG,0,40,-2,38,43
486,GAG,GAG,1,3,1,GAA,0,2,-2,Optimised-sequences_GAG.csv,000,000,N,000,000,N,000,000,N,False,GAA,000,000,N,GAA,0,2,000,000,N,GAG,0,40,-2,38,43
487,TGT,TGC,0,2,0,TGC,0,2,-2,Optimised-sequences_GAG.csv,100,100,N,100,100,N,100,100,N,False,TGC,100,100,N,TGC,1,2,100,100,N,GAG,0,40,-2,38,42
488,CAA,CAG,0,2,0,CAG,0,2,-2,Optimised-sequences_GAG.csv,000,000,N,000,000,N,000,000,N,False,CAG,000,000,N,CAG,1,2,000,000,N,GAG,0,40,-2,38,42
489,TCA,TCC,0,2,0,TCC,0,2,-2,Optimised-sequences_GAG.csv,000,000,N,000,000,N,000,000,N,False,TCC,000,000,N,TCC,1,2,000,000,N,GAG,0,40,-2,38,42
490,GCC,GCC,1,3,0,GCC,1,3,-3,Optimised-sequences_GAG.csv,000,000,N,000,000,N,000,000,N,False,GCC,000,000,N,GCC,1,3,000,000,N,GAG,0,40,-3,37,43
491,ATT,ATC,0,2,0,ATC,0,2,-2,Optimised-sequences_GAG.csv,000,000,N,000,000,N,000,000,N,False,ATC,000,000,N,ATC,1,2,000,000,N,GAG,0,40,-2,38,42
492,AAG,AAG,1,3,0,AAG,1,3,-3,Optimised-sequences_GAG.csv,000,000,N,000,000,N,000,000,N,False,AAG,000,000,N,AAG,1,3,000,000,N,GAG,0,40,-3,37,43
493,CCA,CCC,0,2,0,CCC,0,2,-2,Optimised-sequences_GAG.csv,000,000,N,000,000,N,000,000,N,False,CCC,000,000,N,CCC,1,2,000,000,N,GAG,0,40,-2,38,42
494,TTA,CTG,0,1,0,CTG,0,1,-1,Optimised-sequences_GAG.csv,010,010,N,010,010,N,000,000,N,False,CTG,010,010,N,CTG,1,1,010,010,N,GAG,0,40,-1,39,41
495,AAA,AAA,1,3,0,AAA,1,3,-3,Optimised-sequences_GAG.csv,000,000,N,000,000,N,000,000,N,False,AAA,000,000,N,AAA,1,3,000,000,N,GAG,0,40,-3,37,43
496,GGA,GGC,0,2,0,GGC,0,2,-2,Optimised-sequences_GAG.csv,000,000,N,000,000,N,000,000,N,False,GGC,000,000,N,GGC,1,2,000,000,N,GAG,0,40,-2,38,42
497,AAG,AAG,1,3,0,AAG,1,3,-3,Optimised-sequences_GAG.csv,000,000,N,000,000,N,000,000,N,False,AAG,000,000,N,AAG,1,3,000,000,N,GAG,0,40,-3,37,43
498,GTT,GTG,0,2,0,GTG,0,2,-2,Optimised-sequences_GAG.csv,010,010,N,010,010,N,000,000,N,False,GTG,010,010,N,GTG,1,2,010,010,N,GAG,0,40,-2,38,42
499,CCT,CCA,0,2,0,CCA,0,2,-2,Optimised-sequences_GAG.csv,000,000,N,000,000,N,001,001,N,False,CCA,000,000,N,CCA,1,2,000,000,N,GAG,0,40,-2,38,42
500,GCA,GCT,0,2,0,GCT,0,2,-2,Optimised-sequences_GAG.csv,001,001,N,001,001,N,000,000,N,False,GCT,001,001,N,GCT,1,2,001,001,N,GAG,0,40,-2,38,42
501,GGA,GGC,0,2,0,GGC,0,2,-2,Optimised-sequences_GAG.csv,000,000,N,000,000,N,000,000,N,False,GGC,000,000,N,GGC,1,2,000,000,N,GAG,0,40,-2,38,42
502,TCA,AGC,0,0,0,AGC,0,0,0,Optimised-sequences_GAG.csv,000,000,N,000,000,N,000,000,N,False,AGC,000,000,N,AGC,1,0,000,000,N,GAG,0,40,0,40,40
503,GAT,GAT,1,3,0,GAT,1,3,-3,Optimised-sequences_GAG.csv,001,00R,Y,001,00R,Y,001,001,N,True,GAC,000,000,N,GAC,0,2,000,000,N,GAG,0,40,-2,38,43
504,GTA,GTG,0,2,0,GTG,0,2,-2,Optimised-sequences_GAG.csv,010,RRR,Y,010,RRR,Y,000,000,N,False,GTG,010,010,N,GTG,1,2,010,010,N,GAG,0,40,-2,38,42
505,ATC,ATC,1,3,0,ATC,1,3,-3,Optimised-sequences_GAG.csv,000,000,N,000,000,N,000,000,N,False,ATC,000,000,N,ATC,1,3,000,000,N,GAG,0,40,-3,37,43
506,TCA,TCT,0,2,0,TCT,0,2,-2,Optimised-sequences_GAG.csv,001,001,N,001,001,N,000,000,N,False,TCT,001,001,N,TCT,1,2,001,001,N,GAG,0,40,-2,38,42
507,GAA,GAG,0,2,0,GAG,0,2,-2,Optimised-sequences_GAG.csv,000,000,N,000,000,N,000,000,N,False,GAG,000,000,N,GAG,1,2,000,000,N,GAG,0,40,-2,38,42
508,TAT,TAC,0,2,0,TAC,0,2,-2,Optimised-sequences_GAG.csv,000,000,N,000,000,N,001,001,N,False,TAC,000,000,N,TAC,1,2,000,000,N,GAG,0,40,-2,38,42
509,GTA,GTG,0,2,0,GTG,0,2,-2,Optimised-sequences_GAG.csv,010,010,N,010,010,N,000,000,N,False,GTG,010,010,N,GTG,1,2,010,010,N,GAG,0,40,-2,38,42
510,AAA,AAG,0,2,0,AAG,0,2,-2,Optimised-sequences_GAG.csv,000,000,N,000,000,N,000,000,N,False,AAG,000,000,N,AAG,1,2,000,000,N,GAG,0,40,-2,38,42
511,GCC,GCC,1,3,0,GCC,1,3,-3,Optimised-sequences_GAG.csv,000,000,N,000,000,N,000,000,N,False,GCC,000,000,N,GCC,1,3,000,000,N,GAG,0,40,-3,37,43
512,TGT,TGC,0,2,0,TGC,0,2,-2,Optimised-sequences_GAG.csv,100,100,N,100,100,N,101,RRR,Y,False,TGC,100,100,N,TGC,1,2,100,100,N,GAG,0,40,-2,38,42
513,GAT,GAC,0,2,0,GAC,0,2,-2,Optimised-sequences_GAG.csv,000,000,N,000,000,N,001,R01,Y,False,GAC,000,000,N,GAC,1,2,000,000,N,GAG,0,40,-2,38,42
514,GGA,GGA,1,3,1,GGC,0,2,-2,Optimised-sequences_GAG.csv,000,000,N,000,000,N,000,000,N,False,GGC,000,000,N,GGC,0,2,000,000,N,GAG,0,40,-2,38,43
515,ATC,ATC,1,3,1,ATT,0,2,-2,Optimised-sequences_GAG.csv,000,000,N,001,001,N,000,000,N,False,ATT,001,001,N,ATT,0,2,001,001,N,GAG,0,40,-2,38,43
516,GGA,GGC,0,2,0,GGC,0,2,-2,Optimised-sequences_GAG.csv,000,000,N,000,000,N,000,000,N,False,GGC,000,000,N,GGC,1,2,000,000,N,GAG,0,40,-2,38,42
517,GGA,GGT,0,2,0,GGT,0,2,-2,Optimised-sequences_GAG.csv,001,001,N,001,001,N,000,000,N,False,GGT,001,001,N,GGT,1,2,001,001,N,GAG,0,40,-2,38,42
518,GCT,GCT,1,3,1,GCA,0,2,-2,Optimised-sequences_GAG.csv,000,000,N,000,000,N,000,000,N,False,GCA,000,000,N,GCA,0,2,000,000,N,GAG,0,40,-2,38,43
519,ATG,ATG,1,3,1,ATG,1,3,-3,Optimised-sequences_GAG.csv,010,010,N,010,010,N,010,010,N,False,ATG,010,010,N,ATG,1,3,010,010,N,GAG,0,40,-3,37,43
520,CAT,CAC,0,2,0,CAC,0,2,-2,Optimised-sequences_GAG.csv,000,000,N,000,000,N,000,000,N,False,CAC,000,000,N,CAC,1,2,000,000,N,GAG,0,40,-2,38,42
521,AAA,AAG,0,2,0,AAG,0,2,-2,Optimised-sequences_GAG.csv,000,000,N,000,000,N,000,000,N,False,AAG,000,000,N,AAG,1,2,000,000,N,GAG,0,40,-2,38,42
522,GCT,GCT,1,3,1,GCA,0,2,-2,Optimised-sequences_GAG.csv,000,000,N,000,000,N,000,000,N,False,GCA,000,000,N,GCA,0,2,000,000,N,GAG,0,40,-2,38,43
523,ATG,ATG,1,3,1,ATG,1,3,-3,Optimised-sequences_GAG.csv,010,010,N,010,010,N,010,010,N,False,ATG,010,010,N,ATG,1,3,010,010,N,GAG,0,40,-3,37,43
524,CTT,CTG,0,2,0,CTG,0,2,-2,Optimised-sequences_GAG.csv,010,010,N,010,010,N,000,000,N,False,CTG,010,010,N,CTG,1,2,010,010,N,GAG,0,40,-2,38,42
525,ATG,ATG,1,3,0,ATG,1,3,-3,Optimised-sequences_GAG.csv,010,010,N,010,010,N,010,010,N,False,ATG,010,010,N,ATG,1,3,010,010,N,GAG,0,40,-3,37,43
526,GCT,GCC,0,2,0,GCC,0,2,-2,Optimised-sequences_GAG.csv,000,000,N,000,000,N,000,000,N,False,GCC,000,000,N,GCC,1,2,000,000,N,GAG,0,40,-2,38,42
527,CAA,CAG,0,2,0,CAG,0,2,-2,Optimised-sequences_GAG.csv,000,000,N,000,000,N,000,000,N,False,CAG,000,000,N,CAG,1,2,000,000,N,GAG,0,40,-2,38,42
528,GCA,GCC,0,2,0,GCC,0,2,-2,Optimised-sequences_GAG.csv,000,000,N,000,000,N,000,000,N,False,GCC,000,000,N,GCC,1,2,000,000,N,GAG,0,40,-2,38,42
529,ATA,ATT,0,2,0,ATT,0,2,-2,Optimised-sequences_GAG.csv,000,000,N,000,000,N,000,000,N,False,ATT,000,000,N,ATT,1,2,000,000,N,GAG,0,40,-2,38,42
530,ACA,ACA,1,3,1,ACT,0,2,-2,Optimised-sequences_GAG.csv,000,000,N,001,001,N,000,000,N,False,ACT,001,001,N,ACT,0,2,001,001,N,GAG,0,40,-2,38,43
531,GGA,GGA,1,3,1,GGC,0,2,-2,Optimised-sequences_GAG.csv,000,000,N,000,000,N,000,000,N,False,GGC,000,000,N,GGC,0,2,000,000,N,GAG,0,40,-2,38,43
532,GTT,GTG,0,2,0,GTG,0,2,-2,Optimised-sequences_GAG.csv,010,010,N,010,010,N,001,001,N,False,GTG,010,010,N,GTG,1,2,010,010,N,GAG,0,40,-2,38,42
533,GTT,GTG,0,2,0,GTG,0,2,-2,Optimised-sequences_GAG.csv,010,010,N,010,010,N,000,000,N,False,GTG,010,010,N,GTG,1,2,010,010,N,GAG,0,40,-2,38,42
534,TTA,CTG,0,1,0,CTG,0,1,-1,Optimised-sequences_GAG.csv,010,010,N,010,010,N,000,000,N,False,CTG,010,010,N,CTG,1,1,010,010,N,GAG,0,40,-1,39,41
535,GGA,GGC,0,2,0,GGC,0,2,-2,Optimised-sequences_GAG.csv,000,000,N,000,000,N,000,000,N,False,GGC,000,000,N,GGC,1,2,000,000,N,GAG,0,40,-2,38,42
536,GGA,GGC,0,2,0,GGC,0,2,-2,Optimised-sequences_GAG.csv,000,000,N,000,000,N,000,000,N,False,GGC,000,000,N,GGC,1,2,000,000,N,GAG,0,40,-2,38,42
537,CAA,CAG,0,2,0,CAG,0,2,-2,Optimised-sequences_GAG.csv,000,000,N,000,000,N,000,000,N,False,CAG,000,000,N,CAG,1,2,000,000,N,GAG,0,40,-2,38,42
538,GTT,GTA,0,2,0,GTA,0,2,-2,Optimised-sequences_GAG.csv,000,000,N,000,000,N,000,000,N,False,GTA,000,000,N,GTA,1,2,000,000,N,GAG,0,40,-2,38,42
539,AGA,CGG,0,1,0,CGG,0,1,-1,Optimised-sequences_GAG.csv,000,000,N,000,000,N,000,000,N,False,CGG,000,000,N,CGG,1,1,000,000,N,GAG,0,40,-1,39,41
540,ACA,ACC,0,2,0,ACC,0,2,-2,Optimised-sequences_GAG.csv,000,000,N,000,000,N,000,000,N,False,ACC,000,000,N,ACC,1,2,000,000,N,GAG,0,40,-2,38,42
541,TTT,TTC,0,2,0,TTC,0,2,-2,Optimised-sequences_GAG.csv,000,000,N,000,000,N,001,001,N,False,TTC,000,000,N,TTC,1,2,000,000,N,GAG,0,40,-2,38,42
542,GGA,GGC,0,2,0,GGC,0,2,-2,Optimised-sequences_GAG.csv,000,000,N,000,000,N,000,000,N,False,GGC,000,000,N,GGC,1,2,000,000,N,GAG,0,40,-2,38,42
543,GGA,GGA,1,3,0,GGA,1,3,-3,Optimised-sequences_GAG.csv,000,000,N,000,000,N,000,000,N,False,GGA,000,000,N,GGA,1,3,000,000,N,GAG,0,40,-3,37,43
544,AAA,AAG,0,2,0,AAG,0,2,-2,Optimised-sequences_GAG.csv,000,000,N,000,000,N,000,000,N,False,AAG,000,000,N,AAG,1,2,000,000,N,GAG,0,40,-2,38,42
545,TGT,TGC,0,2,0,TGC,0,2,-2,Optimised-sequences_GAG.csv,100,100,N,100,100,N,100,100,N,False,TGC,100,100,N,TGC,1,2,100,100,N,GAG,0,40,-2,38,42
546,TAT,TAC,0,2,0,TAC,0,2,-2,Optimised-sequences_GAG.csv,000,000,N,000,000,N,000,000,N,False,TAC,000,000,N,TAC,1,2,000,000,N,GAG,0,40,-2,38,42
547,AAT,AAC,0,2,0,AAC,0,2,-2,Optimised-sequences_GAG.csv,000,000,N,000,000,N,000,000,N,False,AAC,000,000,N,AAC,1,2,000,000,N,GAG,0,40,-2,38,42
548,TGT,TGT,1,3,0,TGT,1,3,-3,Optimised-sequences_GAG.csv,101,RRR,Y,101,RRR,Y,101,RRR,Y,True,TGC,100,100,N,TGC,0,2,100,100,N,GAG,0,40,-2,38,43
549,GGT,GGC,0,2,0,GGC,0,2,-2,Optimised-sequences_GAG.csv,000,R00,Y,000,R00,Y,000,R00,Y,False,GGC,000,000,N,GGC,1,2,000,000,N,GAG,0,40,-2,38,42
550,CAA,CAG,0,2,0,CAG,0,2,-2,Optimised-sequences_GAG.csv,000,000,N,000,000,N,000,000,N,False,CAG,000,000,N,CAG,1,2,000,000,N,GAG,0,40,-2,38,42
551,ATT,ATC,0,2,0,ATC,0,2,-2,Optimised-sequences_GAG.csv,000,000,N,000,000,N,001,001,N,False,ATC,000,000,N,ATC,1,2,000,000,N,GAG,0,40,-2,38,42
552,GGT,GGC,0,2,0,GGC,0,2,-2,Optimised-sequences_GAG.csv,000,000,N,000,000,N,000,000,N,False,GGC,000,000,N,GGC,1,2,000,000,N,GAG,0,40,-2,38,42
553,CAC,CAT,0,2,0,CAT,0,2,-2,Optimised-sequences_GAG.csv,000,000,N,000,000,N,000,000,N,False,CAT,000,000,N,CAT,1,2,000,000,N,GAG,0,40,-2,38,42
554,TTA,CTG,0,1,0,CTG,0,1,-1,Optimised-sequences_GAG.csv,010,010,N,010,010,N,000,000,N,False,CTG,010,010,N,CTG,1,1,010,010,N,GAG,0,40,-1,39,41
555,AAA,AAG,0,2,0,AAG,0,2,-2,Optimised-sequences_GAG.csv,000,000,N,000,000,N,000,000,N,False,AAG,000,000,N,AAG,1,2,000,000,N,GAG,0,40,-2,38,42
556,AAG,AAA,0,2,0,AAA,0,2,-2,Optimised-sequences_GAG.csv,000,000,N,000,000,N,000,000,N,False,AAA,000,000,N,AAA,1,2,000,000,N,GAG,0,40,-2,38,42
557,AAT,AAC,0,2,0,AAC,0,2,-2,Optimised-sequences_GAG.csv,000,000,N,000,000,N,000,000,N,False,AAC,000,000,N,AAC,1,2,000,000,N,GAG,0,40,-2,38,42
558,TGC,TGT,0,2,0,TGT,0,2,-2,Optimised-sequences_GAG.csv,100,100,N,100,100,N,100,100,N,False,TGT,100,100,N,TGT,1,2,100,100,N,GAG,0,40,-2,38,42
559,CCA,CCC,0,2,0,CCC,0,2,-2,Optimised-sequences_GAG.csv,000,000,N,000,000,N,000,000,N,False,CCC,000,000,N,CCC,1,2,000,000,N,GAG,0,40,-2,38,42
560,GTC,GTG,0,2,0,GTG,0,2,-2,Optimised-sequences_GAG.csv,010,010,N,010,010,N,000,000,N,False,GTG,010,010,N,GTG,1,2,010,010,N,GAG,0,40,-2,38,42
561,TTA,CTG,0,1,0,CTG,0,1,-1,Optimised-sequences_GAG.csv,010,010,N,010,010,N,000,000,N,False,CTG,010,010,N,CTG,1,1,010,010,N,GAG,0,40,-1,39,41
562,AAC,AAC,1,3,0,AAC,1,3,-3,Optimised-sequences_GAG.csv,000,000,N,000,000,N,000,000,N,False,AAC,000,000,N,AAC,1,3,000,000,N,GAG,0,40,-3,37,43
563,AAA,AAG,0,2,0,AAG,0,2,-2,Optimised-sequences_GAG.csv,000,000,N,000,000,N,000,000,N,False,AAG,000,000,N,AAG,1,2,000,000,N,GAG,0,40,-2,38,42
564,CAG,CAA,0,2,0,CAA,0,2,-2,Optimised-sequences_GAG.csv,000,000,N,000,000,N,000,000,N,False,CAA,000,000,N,CAA,1,2,000,000,N,GAG,0,40,-2,38,42
565,AAT,AAC,0,2,0,AAC,0,2,-2,Optimised-sequences_GAG.csv,000,000,N,000,000,N,000,000,N,False,AAC,000,000,N,AAC,1,2,000,000,N,GAG,0,40,-2,38,42
566,ATA,ATC,0,2,0,ATC,0,2,-2,Optimised-sequences_GAG.csv,000,000,N,000,000,N,000,000,N,False,ATC,000,000,N,ATC,1,2,000,000,N,GAG,0,40,-2,38,42
567,ACT,ACA,0,2,0,ACA,0,2,-2,Optimised-sequences_GAG.csv,000,000,N,000,000,N,000,000,N,False,ACA,000,000,N,ACA,1,2,000,000,N,GAG,0,40,-2,38,42
568,ATT,ATC,0,2,0,ATC,0,2,-2,Optimised-sequences_GAG.csv,000,000,N,000,000,N,000,000,N,False,ATC,000,000,N,ATC,1,2,000,000,N,GAG,0,40,-2,38,42
569,CAA,CAG,0,2,0,CAG,0,2,-2,Optimised-sequences_GAG.csv,000,000,N,000,000,N,000,000,N,False,CAG,000,000,N,CAG,1,2,000,000,N,GAG,0,40,-2,38,42
570,GCA,GCT,0,2,0,GCT,0,2,-2,Optimised-sequences_GAG.csv,000,000,N,000,000,N,000,000,N,False,GCT,000,000,N,GCT,1,2,000,000,N,GAG,0,40,-2,38,42
571,ACT,ACA,0,2,0,ACA,0,2,-2,Optimised-sequences_GAG.csv,000,000,N,000,000,N,000,000,N,False,ACA,000,000,N,ACA,1,2,000,000,N,GAG,0,40,-2,38,42
572,ACA,ACC,0,2,0,ACC,0,2,-2,Optimised-sequences_GAG.csv,000,000,N,000,000,N,000,000,N,False,ACC,000,000,N,ACC,1,2,000,000,N,GAG,0,40,-2,38,42
573,ACA,ACA,1,3,0,ACA,1,3,-3,Optimised-sequences_GAG.csv,000,000,N,000,000,N,000,000,N,False,ACA,000,000,N,ACA,1,3,000,000,N,GAG,0,40,-3,37,43
574,GGT,GGC,0,2,0,GGC,0,2,-2,Optimised-sequences_GAG.csv,000,000,N,000,000,N,000,000,N,False,GGC,000,000,N,GGC,1,2,000,000,N,GAG,0,40,-2,38,42
575,AGA,AGA,1,3,1,CGC,0,1,-1,Optimised-sequences_GAG.csv,000,000,N,000,000,N,000,000,N,False,CGC,000,000,N,CGC,0,1,000,000,N,GAG,0,40,-1,39,43
576,GAG,GAG,1,3,1,GAA,0,2,-2,Optimised-sequences_GAG.csv,000,000,N,000,000,N,000,000,N,False,GAA,000,000,N,GAA,0,2,000,000,N,GAG,0,40,-2,38,43
577,CCA,CCT,0,2,0,CCT,0,2,-2,Optimised-sequences_GAG.csv,000,000,N,000,000,N,000,000,N,False,CCT,000,000,N,CCT,1,2,000,000,N,GAG,0,40,-2,38,42
578,CCT,CCA,0,2,0,CCA,0,2,-2,Optimised-sequences_GAG.csv,000,000,N,000,000,N,001,001,N,False,CCA,000,000,N,CCA,1,2,000,000,N,GAG,0,40,-2,38,42
579,GAC,GAC,1,3,0,GAC,1,3,-3,Optimised-sequences_GAG.csv,000,000,N,000,000,N,000,000,N,False,GAC,000,000,N,GAC,1,3,000,000,N,GAG,0,40,-3,37,43
580,TTA,CTG,0,1,0,CTG,0,1,-1,Optimised-sequences_GAG.csv,010,0RR,Y,010,0RR,Y,000,000,N,True,CTC,000,000,N,CTC,0,1,000,000,N,GAG,0,40,-1,39,41
581,TGT,TGC,0,2,0,TGC,0,2,-2,Optimised-sequences_GAG.csv,100,RR0,Y,100,RR0,Y,100,100,N,False,TGC,100,100,N,TGC,1,2,100,100,N,GAG,0,40,-2,38,42
582,CCA,CCA,1,3,1,CCG,0,2,-2,Optimised-sequences_GAG.csv,000,000,N,000,000,N,000,000,N,False,CCG,000,000,N,CCG,0,2,000,000,N,GAG,0,40,-2,38,43
583,AGA,AGA,1,3,1,CGC,0,1,-1,Optimised-sequences_GAG.csv,000,000,N,000,000,N,000,000,N,False,CGC,000,000,N,CGC,0,1,000,000,N,GAG,0,40,-1,39,43
584,TGT,TGT,1,3,1,TGC,0,2,-2,Optimised-sequences_GAG.csv,100,100,N,100,100,N,100,100,N,False,TGC,100,100,N,TGC,0,2,100,100,N,GAG,0,40,-2,38,43
585,AAA,AAA,1,3,1,AAG,0,2,-2,Optimised-sequences_GAG.csv,000,000,N,000,000,N,000,000,N,False,AAG,000,000,N,AAG,0,2,000,000,N,GAG,0,40,-2,38,43
586,AAA,AAG,0,2,0,AAG,0,2,-2,Optimised-sequences_GAG.csv,000,000,N,000,000,N,000,000,N,False,AAG,000,000,N,AAG,1,2,000,000,N,GAG,0,40,-2,38,42
587,GGA,GGC,0,2,0,GGC,0,2,-2,Optimised-sequences_GAG.csv,000,000,N,000,000,N,000,000,N,False,GGC,000,000,N,GGC,1,2,000,000,N,GAG,0,40,-2,38,42
588,AAA,AAG,0,2,0,AAG,0,2,-2,Optimised-sequences_GAG.csv,000,000,N,000,000,N,000,000,N,False,AAG,000,000,N,AAG,1,2,000,000,N,GAG,0,40,-2,38,42
589,CAT,CAC,0,2,0,CAC,0,2,-2,Optimised-sequences_GAG.csv,000,000,N,000,000,N,000,000,N,False,CAC,000,000,N,CAC,1,2,000,000,N,GAG,0,40,-2,38,42
590,TGG,TGG,1,3,1,TGG,1,3,-3,Optimised-sequences_GAG.csv,100,100,N,100,100,N,100,100,N,False,TGG,100,100,N,TGG,1,3,100,100,N,GAG,0,40,-3,37,43
591,GCT,GCT,1,3,1,GCA,0,2,-2,Optimised-sequences_GAG.csv,000,000,N,000,000,N,000,000,N,False,GCA,000,000,N,GCA,0,2,000,000,N,GAG,0,40,-2,38,43
592,AGT,AGC,0,2,0,AGC,0,2,-2,Optimised-sequences_GAG.csv,000,000,N,000,000,N,000,000,N,False,AGC,000,000,N,AGC,1,2,000,000,N,GAG,0,40,-2,38,42
593,CAA,CAG,0,2,0,CAG,0,2,-2,Optimised-sequences_GAG.csv,000,000,N,000,000,N,000,000,N,False,CAG,000,000,N,CAG,1,2,000,000,N,GAG,0,40,-2,38,42
594,TGT,TGT,1,3,0,TGT,1,3,-3,Optimised-sequences_GAG.csv,100,100,N,100,100,N,100,100,N,False,TGT,100,100,N,TGT,1,3,100,100,N,GAG,0,40,-3,37,43
595,CGT,AGA,0,1,0,AGA,0,1,-1,Optimised-sequences_GAG.csv,000,000,N,000,000,N,000,000,N,False,AGA,000,000,N,AGA,1,1,000,000,N,GAG,0,40,-1,39,41
596,TCT,AGC,0,0,0,AGC,0,0,0,Optimised-sequences_GAG.csv,000,000,N,000,000,N,000,000,N,False,AGC,000,000,N,AGC,1,0,000,000,N,GAG,0,40,0,40,40
597,AAA,AAA,1,3,0,AAA,1,3,-3,Optimised-sequences_GAG.csv,000,000,N,000,000,N,000,000,N,False,AAA,000,000,N,AAA,1,3,000,000,N,GAG,0,40,-3,37,43
598,TTT,TTC,0,2,0,TTC,0,2,-2,Optimised-sequences_GAG.csv,000,000,N,000,000,N,001,001,N,False,TTC,000,000,N,TTC,1,2,000,000,N,GAG,0,40,-2,38,42
599,GAT,GAC,0,2,0,GAC,0,2,-2,Optimised-sequences_GAG.csv,000,000,N,000,000,N,000,000,N,False,GAC,000,000,N,GAC,1,2,000,000,N,GAG,0,40,-2,38,42
600,AAA,AAG,0,2,0,AAG,0,2,-2,Optimised-sequences_GAG.csv,000,000,N,000,000,N,000,000,N,False,AAG,000,000,N,AAG,1,2,000,000,N,GAG,0,40,-2,38,42
601,AAT,AAT,1,3,0,AAT,1,3,-3,Optimised-sequences_GAG.csv,001,001,N,001,001,N,001,001,N,False,AAT,001,001,N,AAT,1,3,001,001,N,GAG,0,40,-3,37,43
602,GGG,GGT,0,2,0,GGT,0,2,-2,Optimised-sequences_GAG.csv,000,000,N,000,000,N,000,000,N,False,GGT,000,000,N,GGT,1,2,000,000,N,GAG,0,40,-2,38,42
603,CAA,CAG,0,2,0,CAG,0,2,-2,Optimised-sequences_GAG.csv,000,000,N,000,000,N,000,000,N,False,CAG,000,000,N,CAG,1,2,000,000,N,GAG,0,40,-2,38,42
604,CCA,CCT,0,2,0,CCT,0,2,-2,Optimised-sequences_GAG.csv,000,000,N,000,000,N,000,000,N,False,CCT,000,000,N,CCT,1,2,000,000,N,GAG,0,40,-2,38,42
605,TTG,CTG,0,2,0,CTG,0,2,-2,Optimised-sequences_GAG.csv,010,010,N,010,010,N,010,010,N,False,CTG,010,010,N,CTG,1,2,010,010,N,GAG,0,40,-2,38,42
606,TCG,TCC,0,2,0,TCC,0,2,-2,Optimised-sequences_GAG.csv,000,000,N,000,000,N,000,000,N,False,TCC,000,000,N,TCC,1,2,000,000,N,GAG,0,40,-2,38,42
607,GGA,GGC,0,2,0,GGC,0,2,-2,Optimised-sequences_GAG.csv,000,000,N,000,000,N,000,000,N,False,GGC,000,000,N,GGC,1,2,000,000,N,GAG,0,40,-2,38,42
608,AAC,AAC,1,3,1,AAT,0,2,-2,Optimised-sequences_GAG.csv,000,000,N,001,001,N,000,000,N,False,AAT,001,001,N,AAT,0,2,001,001,N,GAG,0,40,-2,38,43
609,GAG,GAG,1,3,1,GAA,0,2,-2,Optimised-sequences_GAG.csv,000,000,N,000,000,N,000,000,N,False,GAA,000,000,N,GAA,0,2,000,000,N,GAG,0,40,-2,38,43
610,CAA,CAA,1,3,1,CAG,0,2,-2,Optimised-sequences_GAG.csv,000,000,N,000,000,N,000,000,N,False,CAG,000,000,N,CAG,0,2,000,000,N,GAG,0,40,-2,38,43
611,AGG,AGA,0,2,0,AGA,0,2,-2,Optimised-sequences_GAG.csv,000,000,N,000,000,N,000,000,N,False,AGA,000,000,N,AGA,1,2,000,000,N,GAG,0,40,-2,38,42
612,GGC,GGC,1,3,1,GGA,0,2,-2,Optimised-sequences_GAG.csv,000,000,N,000,000,N,000,000,N,False,GGA,000,000,N,GGA,0,2,000,000,N,GAG,0,40,-2,38,43
613,CAG,CAG,1,3,1,CAA,0,2,-2,Optimised-sequences_GAG.csv,000,000,N,000,000,N,000,000,N,False,CAA,000,000,N,CAA,0,2,000,000,N,GAG,0,40,-2,38,43
614,CCT,CCA,0,2,0,CCA,0,2,-2,Optimised-sequences_GAG.csv,000,000,N,000,000,N,000,000,N,False,CCA,000,000,N,CCA,1,2,000,000,N,GAG,0,40,-2,38,42
615,CAG,CAA,0,2,0,CAA,0,2,-2,Optimised-sequences_GAG.csv,000,000,N,000,000,N,000,000,N,False,CAA,000,000,N,CAA,1,2,000,000,N,GAG,0,40,-2,38,42
616,GCC,GCC,1,3,0,GCC,1,3,-3,Optimised-sequences_GAG.csv,000,000,N,000,000,N,000,000,N,False,GCC,000,000,N,GCC,1,3,000,000,N,GAG,0,40,-3,37,43
617,CCA,CCC,0,2,0,CCC,0,2,-2,Optimised-sequences_GAG.csv,000,000,N,000,000,N,000,000,N,False,CCC,000,000,N,CCC,1,2,000,000,N,GAG,0,40,-2,38,42
618,CAA,CAA,1,3,0,CAA,1,3,-3,Optimised-sequences_GAG.csv,000,000,N,000,000,N,000,000,N,False,CAA,000,000,N,CAA,1,3,000,000,N,GAG,0,40,-3,37,43
619,CAA,CAG,0,2,0,CAG,0,2,-2,Optimised-sequences_GAG.csv,000,000,N,000,000,N,000,000,N,False,CAG,000,000,N,CAG,1,2,000,000,N,GAG,0,40,-2,38,42
620,ACT,ACC,0,2,0,ACC,0,2,-2,Optimised-sequences_GAG.csv,000,000,N,000,000,N,001,001,N,False,ACC,000,000,N,ACC,1,2,000,000,N,GAG,0,40,-2,38,42
621,GGG,GGC,0,2,0,GGC,0,2,-2,Optimised-sequences_GAG.csv,000,000,N,000,000,N,000,000,N,False,GGC,000,000,N,GGC,1,2,000,000,N,GAG,0,40,-2,38,42
622,GCA,GCT,0,2,0,GCT,0,2,-2,Optimised-sequences_GAG.csv,000,000,N,000,000,N,000,000,N,False,GCT,000,000,N,GCT,1,2,000,000,N,GAG,0,40,-2,38,42
623,TTC,TTT,0,2,0,TTT,0,2,-2,Optimised-sequences_GAG.csv,000,000,N,000,000,N,000,000,N,False,TTT,000,000,N,TTT,1,2,000,000,N,GAG,0,40,-2,38,42
624,CCA,CCT,0,2,0,CCT,0,2,-2,Optimised-sequences_GAG.csv,000,000,N,000,000,N,000,000,N,False,CCT,000,000,N,CCT,1,2,000,000,N,GAG,0,40,-2,38,42
625,ATT,ATC,0,2,0,ATC,0,2,-2,Optimised-sequences_GAG.csv,000,000,N,000,000,N,000,000,N,False,ATC,000,000,N,ATC,1,2,000,000,N,GAG,0,40,-2,38,42
626,CAG,CAG,1,3,0,CAG,1,3,-3,Optimised-sequences_GAG.csv,000,000,N,000,000,N,000,000,N,False,CAG,000,000,N,CAG,1,3,000,000,N,GAG,0,40,-3,37,43
627,CCA,CCC,0,2,0,CCC,0,2,-2,Optimised-sequences_GAG.csv,000,000,N,000,000,N,000,000,N,False,CCC,000,000,N,CCC,1,2,000,000,N,GAG,0,40,-2,38,42
628,TTT,TTC,0,2,0,TTC,0,2,-2,Optimised-sequences_GAG.csv,000,000,N,000,000,N,001,001,N,False,TTC,000,000,N,TTC,1,2,000,000,N,GAG,0,40,-2,38,42
629,GTT,GTG,0,2,0,GTG,0,2,-2,Optimised-sequences_GAG.csv,010,010,N,010,010,N,000,000,N,False,GTG,010,010,N,GTG,1,2,010,010,N,GAG,0,40,-2,38,42
630,CCT,CCT,1,3,1,CCA,0,2,-2,Optimised-sequences_GAG.csv,000,000,N,000,000,N,000,000,N,False,CCA,000,000,N,CCA,0,2,000,000,N,GAG,0,40,-2,38,43
631,CAG,CAG,1,3,1,CAA,0,2,-2,Optimised-sequences_GAG.csv,000,000,N,000,000,N,000,000,N,False,CAA,000,000,N,CAA,0,2,000,000,N,GAG,0,40,-2,38,43
632,GGT,GGA,0,2,0,GGA,0,2,-2,Optimised-sequences_GAG.csv,000,000,N,000,000,N,000,000,N,False,GGA,000,000,N,GGA,1,2,000,000,N,GAG,0,40,-2,38,42
633,TTT,TTT,1,3,1,TTC,0,2,-2,Optimised-sequences_GAG.csv,000,000,N,000,000,N,000,000,N,False,TTC,000,000,N,TTC,0,2,000,000,N,GAG,0,40,-2,38,43
634,CAG,CAG,1,3,1,CAA,0,2,-2,Optimised-sequences_GAG.csv,000,000,N,000,000,N,000,000,N,False,CAA,000,000,N,CAA,0,2,000,000,N,GAG,0,40,-2,38,43
635,GGA,GGC,0,2,0,GGC,0,2,-2,Optimised-sequences_GAG.csv,000,000,N,000,000,N,000,000,N,False,GGC,000,000,N,GGC,1,2,000,000,N,GAG,0,40,-2,38,42
636,CAA,CAG,0,2,0,CAG,0,2,-2,Optimised-sequences_GAG.csv,000,000,N,000,000,N,000,000,N,False,CAG,000,000,N,CAG,1,2,000,000,N,GAG,0,40,-2,38,42
637,CAA,CAG,0,2,0,CAG,0,2,-2,Optimised-sequences_GAG.csv,000,000,N,000,000,N,000,000,N,False,CAG,000,000,N,CAG,1,2,000,000,N,GAG,0,40,-2,38,42
638,CCC,CCT,0,2,0,CCT,0,2,-2,Optimised-sequences_GAG.csv,000,000,N,000,000,N,000,000,N,False,CCT,000,000,N,CCT,1,2,000,000,N,GAG,0,40,-2,38,42
639,CCA,CCT,0,2,0,CCT,0,2,-2,Optimised-sequences_GAG.csv,000,000,N,000,000,N,000,000,N,False,CCT,000,000,N,CCT,1,2,000,000,N,GAG,0,40,-2,38,42
640,CTG,CTG,1,3,0,CTG,1,3,-3,Optimised-sequences_GAG.csv,010,010,N,010,010,N,010,010,N,False,CTG,010,010,N,CTG,1,3,010,010,N,GAG,0,40,-3,37,43
641,TCC,AGC,0,1,0,AGC,0,1,-1,Optimised-sequences_GAG.csv,000,000,N,000,000,N,000,000,N,False,AGC,000,000,N,AGC,1,1,000,000,N,GAG,0,40,-1,39,41
642,CAA,CAG,0,2,0,CAG,0,2,-2,Optimised-sequences_GAG.csv,000,000,N,000,000,N,000,000,N,False,CAG,000,000,N,CAG,1,2,000,000,N,GAG,0,40,-2,38,42
643,GTG,GTG,1,3,1,GTA,0,2,-2,Optimised-sequences_GAG.csv,010,010,N,000,000,N,010,010,N,False,GTA,000,000,N,GTA,0,2,000,000,N,GAG,0,40,-2,38,43
644,TTT,TTT,1,3,1,TTC,0,2,-2,Optimised-sequences_GAG.csv,000,000,N,000,000,N,000,000,N,False,TTC,000,000,N,TTC,0,2,000,000,N,GAG,0,40,-2,38,43
645,CAG,CAG,1,3,1,CAA,0,2,-2,Optimised-sequences_GAG.csv,000,000,N,000,000,N,000,000,N,False,CAA,000,000,N,CAA,0,2,000,000,N,GAG,0,40,-2,38,43
646,GGA,GGA,1,3,1,GGT,0,2,-2,Optimised-sequences_GAG.csv,000,000,N,000,000,N,000,000,N,False,GGT,000,000,N,GGT,0,2,000,000,N,GAG,0,40,-2,38,43
647,ATA,ATT,0,2,0,ATT,0,2,-2,Optimised-sequences_GAG.csv,000,000,N,000,000,N,000,000,N,False,ATT,000,000,N,ATT,1,2,000,000,N,GAG,0,40,-2,38,42
648,AGC,TCT,0,0,0,TCT,0,0,0,Optimised-sequences_GAG.csv,000,000,N,000,000,N,000,000,N,False,TCT,000,000,N,TCT,1,0,000,000,N,GAG,0,40,0,40,40
649,CAG,CAG,1,3,0,CAG,1,3,-3,Optimised-sequences_GAG.csv,000,000,N,000,000,N,000,000,N,False,CAG,000,000,N,CAG,1,3,000,000,N,GAG,0,40,-3,37,43
650,TTA,CTG,0,1,0,CTG,0,1,-1,Optimised-sequences_GAG.csv,010,010,N,010,010,N,000,000,N,False,CTG,010,010,N,CTG,1,1,010,010,N,GAG,0,40,-1,39,41
651,CCA,CCC,0,2,0,CCC,0,2,-2,Optimised-sequences_GAG.csv,000,000,N,000,000,N,000,000,N,False,CCC,000,000,N,CCC,1,2,000,000,N,GAG,0,40,-2,38,42
652,CAA,CAA,1,3,1,CAG,0,2,-2,Optimised-sequences_GAG.csv,000,000,N,000,000,N,000,000,N,False,CAG,000,000,N,CAG,0,2,000,000,N,GAG,0,40,-2,38,43
653,TAC,TAC,1,3,1,TAT,0,2,-2,Optimised-sequences_GAG.csv,000,000,N,000,000,N,000,000,N,False,TAT,000,000,N,TAT,0,2,000,000,N,GAG,0,40,-2,38,43
654,AAC,AAC,1,3,1,AAT,0,2,-2,Optimised-sequences_GAG.csv,000,000,N,000,000,N,000,000,N,False,AAT,000,000,N,AAT,0,2,000,000,N,GAG,0,40,-2,38,43
655,AAT,AAC,0,2,0,AAC,0,2,-2,Optimised-sequences_GAG.csv,000,000,N,000,000,N,000,000,N,False,AAC,000,000,N,AAC,1,2,000,000,N,GAG,0,40,-2,38,42
656,TGT,TGC,0,2,0,TGC,0,2,-2,Optimised-sequences_GAG.csv,100,100,N,100,100,N,100,100,N,False,TGC,100,100,N,TGC,1,2,100,100,N,GAG,0,40,-2,38,42
657,CCC,CCT,0,2,0,CCT,0,2,-2,Optimised-sequences_GAG.csv,000,000,N,000,000,N,000,000,N,False,CCT,000,000,N,CCT,1,2,000,000,N,GAG,0,40,-2,38,42
658,CCG,CCT,0,2,0,CCT,0,2,-2,Optimised-sequences_GAG.csv,000,000,N,000,000,N,000,000,N,False,CCT,000,000,N,CCT,1,2,000,000,N,GAG,0,40,-2,38,42
659,CCA,CCC,0,2,0,CCC,0,2,-2,Optimised-sequences_GAG.csv,000,000,N,000,000,N,000,000,N,False,CCC,000,000,N,CCC,1,2,000,000,N,GAG,0,40,-2,38,42
660,CAA,CAG,0,2,0,CAG,0,2,-2,Optimised-sequences_GAG.csv,000,000,N,000,000,N,000,000,N,False,CAG,000,000,N,CAG,1,2,000,000,N,GAG,0,40,-2,38,42
661,GCG,GCT,0,2,0,GCT,0,2,-2,Optimised-sequences_GAG.csv,001,001,N,001,001,N,000,000,N,False,GCT,001,001,N,GCT,1,2,001,001,N,GAG,0,40,-2,38,42
662,GCA,GCC,0,2,0,GCC,0,2,-2,Optimised-sequences_GAG.csv,000,000,N,000,000,N,000,000,N,False,GCC,000,000,N,GCC,1,2,000,000,N,GAG,0,40,-2,38,42
663,GTG,GTG,1,3,1,GTT,0,2,-2,Optimised-sequences_GAG.csv,010,010,N,000,000,N,010,010,N,False,GTT,000,000,N,GTT,0,2,000,000,N,GAG,0,40,-2,38,43
664,CAG,CAG,1,3,1,CAA,0,2,-2,Optimised-sequences_GAG.csv,000,000,N,000,000,N,000,000,N,False,CAA,000,000,N,CAA,0,2,000,000,N,GAG,0,40,-2,38,43
665,CAG,CAG,1,3,1,CAA,0,2,-2,Optimised-sequences_GAG.csv,000,000,N,000,000,N,000,000,N,False,CAA,000,000,N,CAA,0,2,000,000,N,GAG,0,40,-2,38,43
666,TAG,TGA,0,1,0,TGA,0,1,-1,Optimised-sequences_GAG.csv,100,100,N,100,100,N,000,000,N,False,TGA,100,100,N,TGA,1,1,100,100,N,GAG,0,40,-1,39,41
0,AAT,AAC,0,2,0,AAC,0,2,-2,Optimised-sequences_POL.csv,000,000,N,000,000,N,000,000,N,False,AAC,000,000,N,AAC,1,2,000,000,N,POL,0,20,-2,18,22
1,AAA,AAG,0,2,0,AAG,0,2,-2,Optimised-sequences_POL.csv,000,000,N,000,000,N,000,000,N,False,AAG,000,000,N,AAG,1,2,000,000,N,POL,0,20,-2,18,22
2,TCA,AGC,0,0,0,AGC,0,0,0,Optimised-sequences_POL.csv,000,000,N,000,000,N,000,000,N,False,AGC,000,000,N,AGC,1,0,000,000,N,POL,0,20,0,20,20
3,AGA,AGA,1,3,1,CGG,0,1,-1,Optimised-sequences_POL.csv,000,000,N,000,000,N,000,000,N,False,CGG,000,000,N,CGG,0,1,000,000,N,POL,0,20,-1,19,23
4,AAG,AAG,1,3,1,AAA,0,2,-2,Optimised-sequences_POL.csv,000,000,N,000,000,N,000,000,N,False,AAA,000,000,N,AAA,0,2,000,000,N,POL,0,20,-2,18,23
5,AGA,AGA,1,3,1,CGC,0,1,-1,Optimised-sequences_POL.csv,000,000,N,000,000,N,000,000,N,False,CGC,000,000,N,CGC,0,1,000,000,N,POL,0,20,-1,19,23
6,AGG,CGG,0,2,0,CGG,0,2,-2,Optimised-sequences_POL.csv,000,000,N,000,000,N,000,000,N,False,CGG,000,000,N,CGG,1,2,000,000,N,POL,0,20,-2,18,22
7,AAT,AAT,1,3,0,AAT,1,3,-3,Optimised-sequences_POL.csv,000,000,N,000,000,N,000,000,N,False,AAT,000,000,N,AAT,1,3,000,000,N,POL,0,20,-3,17,23
8,AGG,AGA,0,2,0,AGA,0,2,-2,Optimised-sequences_POL.csv,000,000,N,000,000,N,000,000,N,False,AGA,000,000,N,AGA,1,2,000,000,N,POL,0,20,-2,18,22
9,GTA,GTG,0,2,0,GTG,0,2,-2,Optimised-sequences_POL.csv,010,010,N,010,010,N,000,000,N,False,GTG,010,010,N,GTG,1,2,010,010,N,POL,0,20,-2,18,22
10,TCC,TCC,1,3,1,TCG,0,2,-2,Optimised-sequences_POL.csv,000,000,N,000,000,N,000,000,N,False,TCG,000,000,N,TCG,0,2,000,000,N,POL,0,20,-2,18,23
11,TTT,TTT,1,3,1,TTC,0,2,-2,Optimised-sequences_POL.csv,000,000,N,000,000,N,000,000,N,False,TTC,000,000,N,TTC,0,2,000,000,N,POL,0,20,-2,18,23
12,TTA,CTG,0,1,0,CTG,0,1,-1,Optimised-sequences_POL.csv,010,010,N,010,010,N,000,000,N,False,CTG,010,010,N,CTG,1,1,010,010,N,POL,0,20,-1,19,21
13,GGG,GGA,0,2,0,GGA,0,2,-2,Optimised-sequences_POL.csv,000,000,N,000,000,N,000,000,N,False,GGA,000,000,N,GGA,1,2,000,000,N,POL,0,20,-2,18,22
14,GCG,GCC,0,2,0,GCC,0,2,-2,Optimised-sequences_POL.csv,000,000,N,000,000,N,000,000,N,False,GCC,000,000,N,GCC,1,2,000,000,N,POL,0,20,-2,18,22
15,GCC,GCC,1,3,0,GCC,1,3,-3,Optimised-sequences_POL.csv,000,000,N,000,000,N,000,000,N,False,GCC,000,000,N,GCC,1,3,000,000,N,POL,0,20,-3,17,23
16,ACT,ACC,0,2,0,ACC,0,2,-2,Optimised-sequences_POL.csv,000,000,N,000,000,N,001,001,N,False,ACC,000,000,N,ACC,1,2,000,000,N,POL,0,20,-2,18,22
17,GTA,GTG,0,2,0,GTG,0,2,-2,Optimised-sequences_POL.csv,010,010,N,010,010,N,000,000,N,False,GTG,010,010,N,GTG,1,2,010,010,N,POL,0,20,-2,18,22
18,GAG,GAA,0,2,0,GAA,0,2,-2,Optimised-sequences_POL.csv,000,000,N,000,000,N,000,000,N,False,GAA,000,000,N,GAA,1,2,000,000,N,POL,0,20,-2,18,22
19,CCT,CCG,0,2,0,CCG,0,2,-2,Optimised-sequences_POL.csv,000,000,N,000,000,N,000,000,N,False,CCG,000,000,N,CCG,1,2,000,000,N,POL,0,20,-2,18,22
20,CCT,CCT,1,3,0,CCT,1,3,-3,Optimised-sequences_POL.csv,000,000,N,000,000,N,000,000,N,False,CCT,000,000,N,CCT,1,3,000,000,N,POL,0,20,-3,17,23
21,AAA,AAG,0,2,0,AAG,0,2,-2,Optimised-sequences_POL.csv,000,000,N,000,000,N,000,000,N,False,AAG,000,000,N,AAG,1,2,000,000,N,POL,0,20,-2,18,22
22,CCC,CCT,0,2,0,CCT,0,2,-2,Optimised-sequences_POL.csv,000,000,N,000,000,N,000,000,N,False,CCT,000,000,N,CCT,1,2,000,000,N,POL,0,20,-2,18,22
23,ATA,ATC,0,2,0,ATC,0,2,-2,Optimised-sequences_POL.csv,000,000,N,000,000,N,000,000,N,False,ATC,000,000,N,ATC,1,2,000,000,N,POL,0,20,-2,18,22
24,CCA,CCA,1,3,1,CCT,0,2,-2,Optimised-sequences_POL.csv,000,000,N,000,000,N,000,000,N,False,CCT,000,000,N,CCT,0,2,000,000,N,POL,0,20,-2,18,23
25,TTA,TTA,1,3,1,TTG,0,2,-2,Optimised-sequences_POL.csv,000,000,N,010,010,N,000,000,N,False,TTG,010,010,N,TTG,0,2,010,010,N,POL,0,20,-2,18,23
26,ACT,ACC,0,2,0,ACC,0,2,-2,Optimised-sequences_POL.csv,000,000,N,000,000,N,000,000,N,False,ACC,000,000,N,ACC,1,2,000,000,N,POL,0,20,-2,18,22
27,TGG,TGG,1,3,0,TGG,1,3,-3,Optimised-sequences_POL.csv,100,100,N,100,100,N,100,100,N,False,TGG,100,100,N,TGG,1,3,100,100,N,POL,0,20,-3,17,23
28,AAA,AAG,0,2,0,AAG,0,2,-2,Optimised-sequences_POL.csv,000,000,N,000,000,N,000,000,N,False,AAG,000,000,N,AAG,1,2,000,000,N,POL,0,20,-2,18,22
29,ACA,ACC,0,2,0,ACC,0,2,-2,Optimised-sequences_POL.csv,000,000,N,000,000,N,000,000,N,False,ACC,000,000,N,ACC,1,2,000,000,N,POL,0,20,-2,18,22
30,GAA,GAG,0,2,0,GAG,0,2,-2,Optimised-sequences_POL.csv,000,000,N,000,000,N,000,000,N,False,GAG,000,000,N,GAG,1,2,000,000,N,POL,0,20,-2,18,22
31,AAA,AAA,1,3,0,AAA,1,3,-3,Optimised-sequences_POL.csv,000,000,N,000,000,N,000,000,N,False,AAA,000,000,N,AAA,1,3,000,000,N,POL,0,20,-3,17,23
32,CCG,CCC,0,2,0,CCC,0,2,-2,Optimised-sequences_POL.csv,000,000,N,000,000,N,000,000,N,False,CCC,000,000,N,CCC,1,2,000,000,N,POL,0,20,-2,18,22
33,GTG,GTG,1,3,1,GTT,0,2,-2,Optimised-sequences_POL.csv,010,0RR,Y,000,000,N,010,0RR,Y,False,GTT,000,000,N,GTT,0,2,000,000,N,POL,0,20,-2,18,23
34,TGG,TGG,1,3,1,TGG,1,3,-3,Optimised-sequences_POL.csv,100,RR0,Y,100,100,N,100,RR0,Y,False,TGG,100,100,N,TGG,1,3,100,100,N,POL,0,20,-3,17,23
35,GTA,GTG,0,2,0,GTG,0,2,-2,Optimised-sequences_POL.csv,010,010,N,010,010,N,000,000,N,False,GTG,010,010,N,GTG,1,2,010,010,N,POL,0,20,-2,18,22
36,AAT,AAC,0,2,0,AAC,0,2,-2,Optimised-sequences_POL.csv,000,000,N,000,000,N,000,000,N,False,AAC,000,000,N,AAC,1,2,000,000,N,POL,0,20,-2,18,22
37,CAG,CAG,1,3,1,CAA,0,2,-2,Optimised-sequences_POL.csv,000,000,N,000,000,N,000,000,N,False,CAA,000,000,N,CAA,0,2,000,000,N,POL,0,20,-2,18,23
38,TGG,TGG,1,3,1,TGG,1,3,-3,Optimised-sequences_POL.csv,100,100,N,100,100,N,100,100,N,False,TGG,100,100,N,TGG,1,3,100,100,N,POL,0,20,-3,17,23
39,CCG,CCT,0,2,0,CCT,0,2,-2,Optimised-sequences_POL.csv,000,000,N,000,000,N,000,000,N,False,CCT,000,000,N,CCT,1,2,000,000,N,POL,0,20,-2,18,22
40,CTA,CTG,0,2,0,CTG,0,2,-2,Optimised-sequences_POL.csv,010,010,N,010,010,N,000,000,N,False,CTG,010,010,N,CTG,1,2,010,010,N,POL,0,20,-2,18,22
41,CCA,CCT,0,2,0,CCT,0,2,-2,Optimised-sequences_POL.csv,000,000,N,000,000,N,000,000,N,False,CCT,000,000,N,CCT,1,2,000,000,N,POL,0,20,-2,18,22
42,AAA,AAA,1,3,0,AAA,1,3,-3,Optimised-sequences_POL.csv,000,000,N,000,000,N,000,000,N,False,AAA,000,000,N,AAA,1,3,000,000,N,POL,0,20,-3,17,23
43,CAA,CAG,0,2,0,CAG,0,2,-2,Optimised-sequences_POL.csv,000,000,N,000,000,N,000,000,N,False,CAG,000,000,N,CAG,1,2,000,000,N,POL,0,20,-2,18,22
44,AAA,AAG,0,2,0,AAG,0,2,-2,Optimised-sequences_POL.csv,000,000,N,000,000,N,000,000,N,False,AAG,000,000,N,AAG,1,2,000,000,N,POL,0,20,-2,18,22
45,CTG,CTT,0,2,0,CTT,0,2,-2,Optimised-sequences_POL.csv,001,001,N,001,001,N,010,010,N,False,CTT,001,001,N,CTT,1,2,001,001,N,POL,0,20,-2,18,22
46,GAG,GAA,0,2,0,GAA,0,2,-2,Optimised-sequences_POL.csv,000,000,N,000,000,N,000,000,N,False,GAA,000,000,N,GAA,1,2,000,000,N,POL,0,20,-2,18,22
47,GCT,GCC,0,2,0,GCC,0,2,-2,Optimised-sequences_POL.csv,000,000,N,000,000,N,000,000,N,False,GCC,000,000,N,GCC,1,2,000,000,N,POL,0,20,-2,18,22
48,TTA,CTC,0,1,0,CTC,0,1,-1,Optimised-sequences_POL.csv,000,000,N,000,000,N,000,000,N,False,CTC,000,000,N,CTC,1,1,000,000,N,POL,0,20,-1,19,21
49,CAT,CAC,0,2,0,CAC,0,2,-2,Optimised-sequences_POL.csv,000,000,N,000,000,N,000,000,N,False,CAC,000,000,N,CAC,1,2,000,000,N,POL,0,20,-2,18,22
50,TTA,CTG,0,1,0,CTG,0,1,-1,Optimised-sequences_POL.csv,010,010,N,010,010,N,000,000,N,False,CTG,010,010,N,CTG,1,1,010,010,N,POL,0,20,-1,19,21
51,TTA,CTG,0,1,0,CTG,0,1,-1,Optimised-sequences_POL.csv,010,010,N,010,010,N,000,000,N,False,CTG,010,010,N,CTG,1,1,010,010,N,POL,0,20,-1,19,21
52,GCA,GCT,0,2,0,GCT,0,2,-2,Optimised-sequences_POL.csv,000,000,N,000,000,N,000,000,N,False,GCT,000,000,N,GCT,1,2,000,000,N,POL,0,20,-2,18,22
53,AAT,AAC,0,2,0,AAC,0,2,-2,Optimised-sequences_POL.csv,000,000,N,000,000,N,001,001,N,False,AAC,000,000,N,AAC,1,2,000,000,N,POL,0,20,-2,18,22
54,GAA,GAG,0,2,0,GAG,0,2,-2,Optimised-sequences_POL.csv,000,000,N,000,000,N,000,000,N,False,GAG,000,000,N,GAG,1,2,000,000,N,POL,0,20,-2,18,22
55,CAG,CAG,1,3,0,CAG,1,3,-3,Optimised-sequences_POL.csv,000,000,N,000,000,N,000,000,N,False,CAG,000,000,N,CAG,1,3,000,000,N,POL,0,20,-3,17,23
56,TTA,CTG,0,1,0,CTG,0,1,-1,Optimised-sequences_POL.csv,010,010,N,010,010,N,000,000,N,False,CTG,010,010,N,CTG,1,1,010,010,N,POL,0,20,-1,19,21
57,GAA,GAA,1,3,1,GAG,0,2,-2,Optimised-sequences_POL.csv,000,000,N,000,000,N,000,000,N,False,GAG,000,000,N,GAG,0,2,000,000,N,POL,0,20,-2,18,23
58,AAG,AAG,1,3,1,AAA,0,2,-2,Optimised-sequences_POL.csv,000,000,N,000,000,N,000,000,N,False,AAA,000,000,N,AAA,0,2,000,000,N,POL,0,20,-2,18,23
59,GGT,GGC,0,2,0,GGC,0,2,-2,Optimised-sequences_POL.csv,000,000,N,000,000,N,000,000,N,False,GGC,000,000,N,GGC,1,2,000,000,N,POL,0,20,-2,18,22
60,CAT,CAC,0,2,0,CAC,0,2,-2,Optimised-sequences_POL.csv,000,000,N,000,000,N,000,000,N,False,CAC,000,000,N,CAC,1,2,000,000,N,POL,0,20,-2,18,22
61,ATT,ATC,0,2,0,ATC,0,2,-2,Optimised-sequences_POL.csv,000,000,N,000,000,N,001,001,N,False,ATC,000,000,N,ATC,1,2,000,000,N,POL,0,20,-2,18,22
62,GAG,GAG,1,3,1,GAA,0,2,-2,Optimised-sequences_POL.csv,000,000,N,000,000,N,000,000,N,False,GAA,000,000,N,GAA,0,2,000,000,N,POL,0,20,-2,18,23
63,CCT,CCT,1,3,1,CCG,0,2,-2,Optimised-sequences_POL.csv,000,000,N,000,000,N,000,000,N,False,CCG,000,000,N,CCG,0,2,000,000,N,POL,0,20,-2,18,23
64,TCG,AGC,0,0,0,AGC,0,0,0,Optimised-sequences_POL.csv,000,000,N,000,000,N,000,000,N,False,AGC,000,000,N,AGC,1,0,000,000,N,POL,0,20,0,20,20
65,TTC,TTC,1,3,0,TTC,1,3,-3,Optimised-sequences_POL.csv,000,000,N,000,000,N,000,000,N,False,TTC,000,000,N,TTC,1,3,000,000,N,POL,0,20,-3,17,23
66,TCA,TCT,0,2,0,TCT,0,2,-2,Optimised-sequences_POL.csv,000,000,N,000,000,N,000,000,N,False,TCT,000,000,N,TCT,1,2,000,000,N,POL,0,20,-2,18,22
67,CCT,CCT,1,3,1,CCA,0,2,-2,Optimised-sequences_POL.csv,000,000,N,000,000,N,000,000,N,False,CCA,000,000,N,CCA,0,2,000,000,N,POL,0,20,-2,18,23
68,TGG,TGG,1,3,1,TGG,1,3,-3,Optimised-sequences_POL.csv,100,100,N,100,100,N,100,100,N,False,TGG,100,100,N,TGG,1,3,100,100,N,POL,0,20,-3,17,23
69,AAT,AAC,0,2,0,AAC,0,2,-2,Optimised-sequences_POL.csv,000,000,N,000,000,N,000,000,N,False,AAC,000,000,N,AAC,1,2,000,000,N,POL,0,20,-2,18,22
70,TCT,AGC,0,0,0,AGC,0,0,0,Optimised-sequences_POL.csv,000,000,N,000,000,N,000,000,N,False,AGC,000,000,N,AGC,1,0,000,000,N,POL,0,20,0,20,20
71,CCT,CCT,1,3,1,CCA,0,2,-2,Optimised-sequences_POL.csv,001,00R,Y,000,000,N,001,00R,Y,False,CCA,000,000,N,CCA,0,2,000,000,N,POL,0,20,-2,18,23
72,GTG,GTG,1,3,1,GTT,0,2,-2,Optimised-sequences_POL.csv,010,RRR,Y,000,000,N,010,RRR,Y,False,GTT,000,000,N,GTT,0,2,000,000,N,POL,0,20,-2,18,23
73,TTT,TTT,1,3,1,TTC,0,2,-2,Optimised-sequences_POL.csv,001,00R,Y,000,000,N,001,001,N,False,TTC,000,000,N,TTC,0,2,000,000,N,POL,0,20,-2,18,23
74,GTA,GTG,0,2,0,GTG,0,2,-2,Optimised-sequences_POL.csv,010,RRR,Y,010,010,N,000,000,N,False,GTG,010,010,N,GTG,1,2,010,010,N,POL,0,20,-2,18,22
75,ATT,ATC,0,2,0,ATC,0,2,-2,Optimised-sequences_POL.csv,000,000,N,000,000,N,000,000,N,False,ATC,000,000,N,ATC,1,2,000,000,N,POL,0,20,-2,18,22
76,CAG,CAG,1,3,0,CAG,1,3,-3,Optimised-sequences_POL.csv,000,000,N,000,000,N,000,000,N,False,CAG,000,000,N,CAG,1,3,000,000,N,POL,0,20,-3,17,23
77,AAG,AAA,0,2,0,AAA,0,2,-2,Optimised-sequences_POL.csv,000,000,N,000,000,N,000,000,N,False,AAA,000,000,N,AAA,1,2,000,000,N,POL,0,20,-2,18,22
78,AAA,AAG,0,2,0,AAG,0,2,-2,Optimised-sequences_POL.csv,000,000,N,000,000,N,000,000,N,False,AAG,000,000,N,AAG,1,2,000,000,N,POL,0,20,-2,18,22
79,TCA,AGC,0,0,0,AGC,0,0,0,Optimised-sequences_POL.csv,000,000,N,000,000,N,000,000,N,False,AGC,000,000,N,AGC,1,0,000,000,N,POL,0,20,0,20,20
80,GGC,GGC,1,3,0,GGC,1,3,-3,Optimised-sequences_POL.csv,000,000,N,000,000,N,000,000,N,False,GGC,000,000,N,GGC,1,3,000,000,N,POL,0,20,-3,17,23
81,AAA,AAG,0,2,0,AAG,0,2,-2,Optimised-sequences_POL.csv,000,000,N,000,000,N,000,000,N,False,AAG,000,000,N,AAG,1,2,000,000,N,POL,0,20,-2,18,22
82,TGG,TGG,1,3,0,TGG,1,3,-3,Optimised-sequences_POL.csv,100,100,N,100,100,N,100,100,N,False,TGG,100,100,N,TGG,1,3,100,100,N,POL,0,20,-3,17,23
83,CGT,CGG,0,2,0,CGG,0,2,-2,Optimised-sequences_POL.csv,000,000,N,000,000,N,000,000,N,False,CGG,000,000,N,CGG,1,2,000,000,N,POL,0,20,-2,18,22
84,ATG,ATG,1,3,0,ATG,1,3,-3,Optimised-sequences_POL.csv,010,010,N,010,010,N,010,010,N,False,ATG,010,010,N,ATG,1,3,010,010,N,POL,0,20,-3,17,23
85,TTA,CTG,0,1,0,CTG,0,1,-1,Optimised-sequences_POL.csv,010,010,N,010,010,N,000,000,N,False,CTG,010,010,N,CTG,1,1,010,010,N,POL,0,20,-1,19,21
86,ACT,ACA,0,2,0,ACA,0,2,-2,Optimised-sequences_POL.csv,000,000,N,000,000,N,001,001,N,False,ACA,000,000,N,ACA,1,2,000,000,N,POL,0,20,-2,18,22
87,GAC,GAC,1,3,0,GAC,1,3,-3,Optimised-sequences_POL.csv,000,000,N,000,000,N,000,000,N,False,GAC,000,000,N,GAC,1,3,000,000,N,POL,0,20,-3,17,23
88,TTA,CTG,0,1,0,CTG,0,1,-1,Optimised-sequences_POL.csv,010,010,N,010,010,N,000,000,N,False,CTG,010,010,N,CTG,1,1,010,010,N,POL,0,20,-1,19,21
89,AGG,AGA,0,2,0,AGA,0,2,-2,Optimised-sequences_POL.csv,000,000,N,000,000,N,000,000,N,False,AGA,000,000,N,AGA,1,2,000,000,N,POL,0,20,-2,18,22
90,GCT,GCT,1,3,0,GCT,1,3,-3,Optimised-sequences_POL.csv,001,00R,Y,001,00R,Y,001,001,N,True,GCC,000,000,N,GCC,0,2,000,000,N,POL,0,20,-2,18,23
91,GTA,GTG,0,2,0,GTG,0,2,-2,Optimised-sequences_POL.csv,010,RRR,Y,010,RRR,Y,000,000,N,False,GTG,010,010,N,GTG,1,2,010,010,N,POL,0,20,-2,18,22
92,AAC,AAC,1,3,0,AAC,1,3,-3,Optimised-sequences_POL.csv,000,000,N,000,000,N,000,000,N,False,AAC,000,000,N,AAC,1,3,000,000,N,POL,0,20,-3,17,23
93,GCC,GCG,0,2,0,GCG,0,2,-2,Optimised-sequences_POL.csv,000,000,N,000,000,N,000,000,N,False,GCG,000,000,N,GCG,1,2,000,000,N,POL,0,20,-2,18,22
94,GTA,GTG,0,2,0,GTG,0,2,-2,Optimised-sequences_POL.csv,010,010,N,010,010,N,000,000,N,False,GTG,010,010,N,GTG,1,2,010,010,N,POL,0,20,-2,18,22
95,ATT,ATC,0,2,0,ATC,0,2,-2,Optimised-sequences_POL.csv,000,000,N,000,000,N,000,000,N,False,ATC,000,000,N,ATC,1,2,000,000,N,POL,0,20,-2,18,22
96,CAA,CAG,0,2,0,CAG,0,2,-2,Optimised-sequences_POL.csv,000,000,N,000,000,N,000,000,N,False,CAG,000,000,N,CAG,1,2,000,000,N,POL,0,20,-2,18,22
97,CCC,CCC,1,3,1,CCT,0,2,-2,Optimised-sequences_POL.csv,000,000,N,000,000,N,000,000,N,False,CCT,000,000,N,CCT,0,2,000,000,N,POL,0,20,-2,18,23
98,ATG,ATG,1,3,1,ATG,1,3,-3,Optimised-sequences_POL.csv,010,010,N,010,010,N,010,010,N,False,ATG,010,010,N,ATG,1,3,010,010,N,POL,0,20,-3,17,23
99,GGG,GGC,0,2,0,GGC,0,2,-2,Optimised-sequences_POL.csv,000,000,N,000,000,N,000,000,N,False,GGC,000,000,N,GGC,1,2,000,000,N,POL,0,20,-2,18,22
100,CCT,CCC,0,2,0,CCC,0,2,-2,Optimised-sequences_POL.csv,000,000,N,000,000,N,000,000,N,False,CCC,000,000,N,CCC,1,2,000,000,N,POL,0,20,-2,18,22
101,CTC,CTG,0,2,0,CTG,0,2,-2,Optimised-sequences_POL.csv,010,010,N,010,010,N,000,000,N,False,CTG,010,010,N,CTG,1,2,010,010,N,POL,0,20,-2,18,22
102,CAA,CAG,0,2,0,CAG,0,2,-2,Optimised-sequences_POL.csv,000,000,N,000,000,N,000,000,N,False,CAG,000,000,N,CAG,1,2,000,000,N,POL,0,20,-2,18,22
103,CCC,CCA,0,2,0,CCA,0,2,-2,Optimised-sequences_POL.csv,000,000,N,000,000,N,000,000,N,False,CCA,000,000,N,CCA,1,2,000,000,N,POL,0,20,-2,18,22
104,GGG,GGC,0,2,0,GGC,0,2,-2,Optimised-sequences_POL.csv,000,000,N,000,000,N,000,000,N,False,GGC,000,000,N,GGC,1,2,000,000,N,POL,0,20,-2,18,22
105,TTG,CTG,0,2,0,CTG,0,2,-2,Optimised-sequences_POL.csv,010,010,N,010,010,N,010,010,N,False,CTG,010,010,N,CTG,1,2,010,010,N,POL,0,20,-2,18,22
106,CCC,CCG,0,2,0,CCG,0,2,-2,Optimised-sequences_POL.csv,000,000,N,000,000,N,000,000,N,False,CCG,000,000,N,CCG,1,2,000,000,N,POL,0,20,-2,18,22
107,TCT,AGC,0,0,0,AGC,0,0,0,Optimised-sequences_POL.csv,000,000,N,000,000,N,000,000,N,False,AGC,000,000,N,AGC,1,0,000,000,N,POL,0,20,0,20,20
108,CCG,CCT,0,2,0,CCT,0,2,-2,Optimised-sequences_POL.csv,001,001,N,001,001,N,000,000,N,False,CCT,001,001,N,CCT,1,2,001,001,N,POL,0,20,-2,18,22
109,GCC,GCC,1,3,1,GCA,0,2,-2,Optimised-sequences_POL.csv,000,000,N,000,000,N,000,000,N,False,GCA,000,000,N,GCA,0,2,000,000,N,POL,0,20,-2,18,23
110,ATG,ATG,1,3,1,ATG,1,3,-3,Optimised-sequences_POL.csv,010,010,N,010,010,N,010,010,N,False,ATG,010,010,N,ATG,1,3,010,010,N,POL,0,20,-3,17,23
111,ATC,ATT,0,2,0,ATT,0,2,-2,Optimised-sequences_POL.csv,000,000,N,000,000,N,000,000,N,False,ATT,000,000,N,ATT,1,2,000,000,N,POL,0,20,-2,18,22
112,CCA,CCT,0,2,0,CCT,0,2,-2,Optimised-sequences_POL.csv,000,000,N,000,000,N,000,000,N,False,CCT,000,000,N,CCT,1,2,000,000,N,POL,0,20,-2,18,22
113,AAA,AAG,0,2,0,AAG,0,2,-2,Optimised-sequences_POL.csv,000,000,N,000,000,N,000,000,N,False,AAG,000,000,N,AAG,1,2,000,000,N,POL,0,20,-2,18,22
114,GAT,GAC,0,2,0,GAC,0,2,-2,Optimised-sequences_POL.csv,000,000,N,000,000,N,000,000,N,False,GAC,000,000,N,GAC,1,2,000,000,N,POL,0,20,-2,18,22
115,TGG,TGG,1,3,1,TGG,1,3,-3,Optimised-sequences_POL.csv,100,100,N,100,100,N,100,100,N,False,TGG,100,100,N,TGG,1,3,100,100,N,POL,0,20,-3,17,23
116,CCT,CCT,1,3,1,CCA,0,2,-2,Optimised-sequences_POL.csv,000,000,N,000,000,N,000,000,N,False,CCA,000,000,N,CCA,0,2,000,000,N,POL,0,20,-2,18,23
117,TTA,CTG,0,1,0,CTG,0,1,-1,Optimised-sequences_POL.csv,010,010,N,010,010,N,000,000,N,False,CTG,010,010,N,CTG,1,1,010,010,N,POL,0,20,-1,19,21
118,ATT,ATC,0,2,0,ATC,0,2,-2,Optimised-sequences_POL.csv,000,000,N,000,000,N,000,000,N,False,ATC,000,000,N,ATC,1,2,000,000,N,POL,0,20,-2,18,22
119,ATA,ATC,0,2,0,ATC,0,2,-2,Optimised-sequences_POL.csv,000,000,N,000,000,N,000,000,N,False,ATC,000,000,N,ATC,1,2,000,000,N,POL,0,20,-2,18,22
120,ATT,ATC,0,2,0,ATC,0,2,-2,Optimised-sequences_POL.csv,000,000,N,000,000,N,001,001,N,False,ATC,000,000,N,ATC,1,2,000,000,N,POL,0,20,-2,18,22
121,GAT,GAT,1,3,0,GAT,1,3,-3,Optimised-sequences_POL.csv,000,000,N,000,000,N,000,000,N,False,GAT,000,000,N,GAT,1,3,000,000,N,POL,0,20,-3,17,23
122,CTA,CTG,0,2,0,CTG,0,2,-2,Optimised-sequences_POL.csv,010,010,N,010,010,N,000,000,N,False,CTG,010,010,N,CTG,1,2,010,010,N,POL,0,20,-2,18,22
123,AAG,AAG,1,3,0,AAG,1,3,-3,Optimised-sequences_POL.csv,000,000,N,000,000,N,000,000,N,False,AAG,000,000,N,AAG,1,3,000,000,N,POL,0,20,-3,17,23
124,GAT,GAC,0,2,0,GAC,0,2,-2,Optimised-sequences_POL.csv,000,000,N,000,000,N,000,000,N,False,GAC,000,000,N,GAC,1,2,000,000,N,POL,0,20,-2,18,22
125,TGC,TGC,1,3,0,TGC,1,3,-3,Optimised-sequences_POL.csv,100,100,N,100,100,N,100,100,N,False,TGC,100,100,N,TGC,1,3,100,100,N,POL,0,20,-3,17,23
126,TTT,TTC,0,2,0,TTC,0,2,-2,Optimised-sequences_POL.csv,000,000,N,000,000,N,000,000,N,False,TTC,000,000,N,TTC,1,2,000,000,N,POL,0,20,-2,18,22
127,TTT,TTC,0,2,0,TTC,0,2,-2,Optimised-sequences_POL.csv,000,000,N,000,000,N,000,000,N,False,TTC,000,000,N,TTC,1,2,000,000,N,POL,0,20,-2,18,22
128,ACC,ACC,1,3,1,ACG,0,2,-2,Optimised-sequences_POL.csv,000,000,N,000,000,N,000,000,N,False,ACG,000,000,N,ACG,0,2,000,000,N,POL,0,20,-2,18,23
129,ATC,ATC,1,3,1,ATT,0,2,-2,Optimised-sequences_POL.csv,000,000,N,000,000,N,000,000,N,False,ATT,000,000,N,ATT,0,2,000,000,N,POL,0,20,-2,18,23
130,CCT,CCC,0,2,0,CCC,0,2,-2,Optimised-sequences_POL.csv,000,000,N,000,000,N,000,000,N,False,CCC,000,000,N,CCC,1,2,000,000,N,POL,0,20,-2,18,22
131,CTG,CTG,1,3,0,CTG,1,3,-3,Optimised-sequences_POL.csv,010,010,N,010,010,N,010,010,N,False,CTG,010,010,N,CTG,1,3,010,010,N,POL,0,20,-3,17,23
132,GCA,GCC,0,2,0,GCC,0,2,-2,Optimised-sequences_POL.csv,000,000,N,000,000,N,000,000,N,False,GCC,000,000,N,GCC,1,2,000,000,N,POL,0,20,-2,18,22
133,GAG,GAA,0,2,0,GAA,0,2,-2,Optimised-sequences_POL.csv,000,000,N,000,000,N,000,000,N,False,GAA,000,000,N,GAA,1,2,000,000,N,POL,0,20,-2,18,22
134,CAG,CAG,1,3,0,CAG,1,3,-3,Optimised-sequences_POL.csv,000,000,N,000,000,N,000,000,N,False,CAG,000,000,N,CAG,1,3,000,000,N,POL,0,20,-3,17,23
135,GAT,GAC,0,2,0,GAC,0,2,-2,Optimised-sequences_POL.csv,000,000,N,000,000,N,000,000,N,False,GAC,000,000,N,GAC,1,2,000,000,N,POL,0,20,-2,18,22
136,TGC,TGT,0,2,0,TGT,0,2,-2,Optimised-sequences_POL.csv,101,RRR,Y,101,RRR,Y,100,100,N,True,TGC,100,100,N,TGC,0,3,100,100,N,POL,0,20,-3,17,22
137,GAA,GAA,1,3,0,GAA,1,3,-3,Optimised-sequences_POL.csv,000,R00,Y,000,R00,Y,000,000,N,False,GAA,000,000,N,GAA,1,3,000,000,N,POL,0,20,-3,17,23
138,AAA,AAG,0,2,0,AAG,0,2,-2,Optimised-sequences_POL.csv,000,000,N,000,000,N,000,000,N,False,AAG,000,000,N,AAG,1,2,000,000,N,POL,0,20,-2,18,22
139,TTT,TTC,0,2,0,TTC,0,2,-2,Optimised-sequences_POL.csv,000,000,N,000,000,N,001,001,N,False,TTC,000,000,N,TTC,1,2,000,000,N,POL,0,20,-2,18,22
140,GCC,GCC,1,3,0,GCC,1,3,-3,Optimised-sequences_POL.csv,000,000,N,000,000,N,000,000,N,False,GCC,000,000,N,GCC,1,3,000,000,N,POL,0,20,-3,17,23
141,TTT,TTC,0,2,0,TTC,0,2,-2,Optimised-sequences_POL.csv,000,000,N,000,000,N,000,000,N,False,TTC,000,000,N,TTC,1,2,000,000,N,POL,0,20,-2,18,22
142,ACT,ACC,0,2,0,ACC,0,2,-2,Optimised-sequences_POL.csv,000,000,N,000,000,N,000,000,N,False,ACC,000,000,N,ACC,1,2,000,000,N,POL,0,20,-2,18,22
143,ATA,ATA,1,3,0,ATA,1,3,-3,Optimised-sequences_POL.csv,000,000,N,000,000,N,000,000,N,False,ATA,000,000,N,ATA,1,3,000,000,N,POL,0,20,-3,17,23
144,CCA,CCC,0,2,0,CCC,0,2,-2,Optimised-sequences_POL.csv,000,000,N,000,000,N,000,000,N,False,CCC,000,000,N,CCC,1,2,000,000,N,POL,0,20,-2,18,22
145,GCC,GCC,1,3,0,GCC,1,3,-3,Optimised-sequences_POL.csv,000,000,N,000,000,N,000,000,N,False,GCC,000,000,N,GCC,1,3,000,000,N,POL,0,20,-3,17,23
146,ATA,ATC,0,2,0,ATC,0,2,-2,Optimised-sequences_POL.csv,000,000,N,000,000,N,000,000,N,False,ATC,000,000,N,ATC,1,2,000,000,N,POL,0,20,-2,18,22
147,AAT,AAC,0,2,0,AAC,0,2,-2,Optimised-sequences_POL.csv,000,000,N,000,000,N,000,000,N,False,AAC,000,000,N,AAC,1,2,000,000,N,POL,0,20,-2,18,22
148,AAT,AAT,1,3,1,AAC,0,2,-2,Optimised-sequences_POL.csv,000,000,N,000,000,N,000,000,N,False,AAC,000,000,N,AAC,0,2,000,000,N,POL,0,20,-2,18,23
149,AAA,AAA,1,3,1,AAG,0,2,-2,Optimised-sequences_POL.csv,000,000,N,000,000,N,000,000,N,False,AAG,000,000,N,AAG,0,2,000,000,N,POL,0,20,-2,18,23
150,GAA,GAG,0,2,0,GAG,0,2,-2,Optimised-sequences_POL.csv,000,000,N,000,000,N,000,000,N,False,GAG,000,000,N,GAG,1,2,000,000,N,POL,0,20,-2,18,22
151,CCA,CCT,0,2,0,CCT,0,2,-2,Optimised-sequences_POL.csv,001,001,N,001,001,N,000,000,N,False,CCT,001,001,N,CCT,1,2,001,001,N,POL,0,20,-2,18,22
152,GCC,GCT,0,2,0,GCT,0,2,-2,Optimised-sequences_POL.csv,000,000,N,000,000,N,000,000,N,False,GCT,000,000,N,GCT,1,2,000,000,N,POL,0,20,-2,18,22
153,ACC,ACC,1,3,0,ACC,1,3,-3,Optimised-sequences_POL.csv,000,000,N,000,000,N,000,000,N,False,ACC,000,000,N,ACC,1,3,000,000,N,POL,0,20,-3,17,23
154,AGG,CGG,0,2,0,CGG,0,2,-2,Optimised-sequences_POL.csv,000,000,N,000,000,N,000,000,N,False,CGG,000,000,N,CGG,1,2,000,000,N,POL,0,20,-2,18,22
155,TTT,TTC,0,2,0,TTC,0,2,-2,Optimised-sequences_POL.csv,000,000,N,000,000,N,000,000,N,False,TTC,000,000,N,TTC,1,2,000,000,N,POL,0,20,-2,18,22
156,CAG,CAG,1,3,1,CAA,0,2,-2,Optimised-sequences_POL.csv,000,000,N,000,000,N,000,000,N,False,CAA,000,000,N,CAA,0,2,000,000,N,POL,0,20,-2,18,23
157,TGG,TGG,1,3,1,TGG,1,3,-3,Optimised-sequences_POL.csv,100,100,N,100,100,N,100,100,N,False,TGG,100,100,N,TGG,1,3,100,100,N,POL,0,20,-3,17,23
158,AAA,AAA,1,3,1,AAG,0,2,-2,Optimised-sequences_POL.csv,000,000,N,000,000,N,000,000,N,False,AAG,000,000,N,AAG,0,2,000,000,N,POL,0,20,-2,18,23
159,GTG,GTC,0,2,0,GTC,0,2,-2,Optimised-sequences_POL.csv,000,000,N,000,000,N,010,010,N,False,GTC,000,000,N,GTC,1,2,000,000,N,POL,0,20,-2,18,22
160,TTA,CTG,0,1,0,CTG,0,1,-1,Optimised-sequences_POL.csv,010,010,N,010,010,N,000,000,N,False,CTG,010,010,N,CTG,1,1,010,010,N,POL,0,20,-1,19,21
161,CCT,CCA,0,2,0,CCA,0,2,-2,Optimised-sequences_POL.csv,000,000,N,000,000,N,000,000,N,False,CCA,000,000,N,CCA,1,2,000,000,N,POL,0,20,-2,18,22
162,CAG,CAG,1,3,0,CAG,1,3,-3,Optimised-sequences_POL.csv,000,000,N,000,000,N,000,000,N,False,CAG,000,000,N,CAG,1,3,000,000,N,POL,0,20,-3,17,23
163,GGA,GGC,0,2,0,GGC,0,2,-2,Optimised-sequences_POL.csv,000,000,N,000,000,N,000,000,N,False,GGC,000,000,N,GGC,1,2,000,000,N,POL,0,20,-2,18,22
164,ATG,ATG,1,3,0,ATG,1,3,-3,Optimised-sequences_POL.csv,010,010,N,010,010,N,010,010,N,False,ATG,010,010,N,ATG,1,3,010,010,N,POL,0,20,-3,17,23
165,CTT,CTG,0,2,0,CTG,0,2,-2,Optimised-sequences_POL.csv,010,010,N,010,010,N,000,000,N,False,CTG,010,010,N,CTG,1,2,010,010,N,POL,0,20,-2,18,22
166,AAT,AAT,1,3,0,AAT,1,3,-3,Optimised-sequences_POL.csv,000,000,N,000,000,N,000,000,N,False,AAT,000,000,N,AAT,1,3,000,000,N,POL,0,20,-3,17,23
167,AGT,AGC,0,2,0,AGC,0,2,-2,Optimised-sequences_POL.csv,000,000,N,000,000,N,000,000,N,False,AGC,000,000,N,AGC,1,2,000,000,N,POL,0,20,-2,18,22
168,CCA,CCT,0,2,0,CCT,0,2,-2,Optimised-sequences_POL.csv,000,000,N,000,000,N,000,000,N,False,CCT,000,000,N,CCT,1,2,000,000,N,POL,0,20,-2,18,22
169,ACT,ACC,0,2,0,ACC,0,2,-2,Optimised-sequences_POL.csv,000,000,N,000,000,N,000,000,N,False,ACC,000,000,N,ACC,1,2,000,000,N,POL,0,20,-2,18,22
170,ATT,ATC,0,2,0,ATC,0,2,-2,Optimised-sequences_POL.csv,000,000,N,000,000,N,000,000,N,False,ATC,000,000,N,ATC,1,2,000,000,N,POL,0,20,-2,18,22
171,TGT,TGT,1,3,1,TGC,0,2,-2,Optimised-sequences_POL.csv,100,100,N,100,100,N,100,100,N,False,TGC,100,100,N,TGC,0,2,100,100,N,POL,0,20,-2,18,23
172,CAG,CAG,1,3,1,CAA,0,2,-2,Optimised-sequences_POL.csv,000,000,N,000,000,N,000,000,N,False,CAA,000,000,N,CAA,0,2,000,000,N,POL,0,20,-2,18,23
173,ACT,ACT,1,3,1,ACC,0,2,-2,Optimised-sequences_POL.csv,000,000,N,000,000,N,000,000,N,False,ACC,000,000,N,ACC,0,2,000,000,N,POL,0,20,-2,18,23
174,TTT,TTT,1,3,1,TTC,0,2,-2,Optimised-sequences_POL.csv,001,00R,Y,000,000,N,001,001,N,False,TTC,000,000,N,TTC,0,2,000,000,N,POL,0,20,-2,18,23
175,GTA,GTG,0,2,0,GTG,0,2,-2,Optimised-sequences_POL.csv,010,RRR,Y,010,010,N,000,000,N,False,GTG,010,010,N,GTG,1,2,010,010,N,POL,0,20,-2,18,22
176,GGT,GGC,0,2,0,GGC,0,2,-2,Optimised-sequences_POL.csv,000,000,N,000,000,N,000,000,N,False,GGC,000,000,N,GGC,1,2,000,000,N,POL,0,20,-2,18,22
177,CGA,AGA,0,2,0,AGA,0,2,-2,Optimised-sequences_POL.csv,000,000,N,000,000,N,000,000,N,False,AGA,000,000,N,AGA,1,2,000,000,N,POL,0,20,-2,18,22
178,GCT,GCC,0,2,0,GCC,0,2,-2,Optimised-sequences_POL.csv,000,000,N,000,000,N,000,000,N,False,GCC,000,000,N,GCC,1,2,000,000,N,POL,0,20,-2,18,22
179,CTT,CTG,0,2,0,CTG,0,2,-2,Optimised-sequences_POL.csv,010,010,N,010,010,N,000,000,N,False,CTG,010,010,N,CTG,1,2,010,010,N,POL,0,20,-2,18,22
180,CAA,CAG,0,2,0,CAG,0,2,-2,Optimised-sequences_POL.csv,000,000,N,000,000,N,000,000,N,False,CAG,000,000,N,CAG,1,2,000,000,N,POL,0,20,-2,18,22
181,CCA,CCG,0,2,0,CCG,0,2,-2,Optimised-sequences_POL.csv,000,000,N,000,000,N,000,000,N,False,CCG,000,000,N,CCG,1,2,000,000,N,POL,0,20,-2,18,22
182,GTT,GTG,0,2,0,GTG,0,2,-2,Optimised-sequences_POL.csv,010,010,N,010,010,N,000,000,N,False,GTG,010,010,N,GTG,1,2,010,010,N,POL,0,20,-2,18,22
183,AGA,AGA,1,3,0,AGA,1,3,-3,Optimised-sequences_POL.csv,000,000,N,000,000,N,000,000,N,False,AGA,000,000,N,AGA,1,3,000,000,N,POL,0,20,-3,17,23
184,GAA,GAG,0,2,0,GAG,0,2,-2,Optimised-sequences_POL.csv,000,000,N,000,000,N,000,000,N,False,GAG,000,000,N,GAG,1,2,000,000,N,POL,0,20,-2,18,22
185,AAG,AAG,1,3,0,AAG,1,3,-3,Optimised-sequences_POL.csv,000,000,N,000,000,N,000,000,N,False,AAG,000,000,N,AAG,1,3,000,000,N,POL,0,20,-3,17,23
186,TTT,TTC,0,2,0,TTC,0,2,-2,Optimised-sequences_POL.csv,000,000,N,000,000,N,000,000,N,False,TTC,000,000,N,TTC,1,2,000,000,N,POL,0,20,-2,18,22
187,TCA,TCT,0,2,0,TCT,0,2,-2,Optimised-sequences_POL.csv,001,001,N,001,001,N,000,000,N,False,TCT,001,001,N,TCT,1,2,001,001,N,POL,0,20,-2,18,22
188,GAC,GAT,0,2,0,GAT,0,2,-2,Optimised-sequences_POL.csv,000,000,N,000,000,N,000,000,N,False,GAT,000,000,N,GAT,1,2,000,000,N,POL,0,20,-2,18,22
189,TGT,TGC,0,2,0,TGC,0,2,-2,Optimised-sequences_POL.csv,100,100,N,100,100,N,100,100,N,False,TGC,100,100,N,TGC,1,2,100,100,N,POL,0,20,-2,18,22
190,TAT,TAC,0,2,0,TAC,0,2,-2,Optimised-sequences_POL.csv,000,000,N,000,000,N,000,000,N,False,TAC,000,000,N,TAC,1,2,000,000,N,POL,0,20,-2,18,22
191,ATT,ATC,0,2,0,ATC,0,2,-2,Optimised-sequences_POL.csv,000,000,N,000,000,N,000,000,N,False,ATC,000,000,N,ATC,1,2,000,000,N,POL,0,20,-2,18,22
192,ATT,ATC,0,2,0,ATC,0,2,-2,Optimised-sequences_POL.csv,000,000,N,000,000,N,000,000,N,False,ATC,000,000,N,ATC,1,2,000,000,N,POL,0,20,-2,18,22
193,CAT,CAC,0,2,0,CAC,0,2,-2,Optimised-sequences_POL.csv,000,000,N,000,000,N,000,000,N,False,CAC,000,000,N,CAC,1,2,000,000,N,POL,0,20,-2,18,22
194,TAT,TAT,1,3,1,TAC,0,2,-2,Optimised-sequences_POL.csv,000,000,N,000,000,N,000,000,N,False,TAC,000,000,N,TAC,0,2,000,000,N,POL,0,20,-2,18,23
195,ATT,ATT,1,3,1,ATA,0,2,-2,Optimised-sequences_POL.csv,001,001,N,000,000,N,001,001,N,False,ATA,000,000,N,ATA,0,2,000,000,N,POL,0,20,-2,18,23
196,GAT,GAC,0,2,0,GAC,0,2,-2,Optimised-sequences_POL.csv,000,000,N,000,000,N,001,001,N,False,GAC,000,000,N,GAC,1,2,000,000,N,POL,0,20,-2,18,22
197,GAT,GAT,1,3,0,GAT,1,3,-3,Optimised-sequences_POL.csv,000,000,N,000,000,N,000,000,N,False,GAT,000,000,N,GAT,1,3,000,000,N,POL,0,20,-3,17,23
198,ATT,ATC,0,2,0,ATC,0,2,-2,Optimised-sequences_POL.csv,000,000,N,000,000,N,000,000,N,False,ATC,000,000,N,ATC,1,2,000,000,N,POL,0,20,-2,18,22
199,TTA,CTG,0,1,0,CTG,0,1,-1,Optimised-sequences_POL.csv,010,0RR,Y,010,0RR,Y,000,000,N,True,CTT,000,000,N,CTT,0,1,000,000,N,POL,0,20,-1,19,21
200,TGT,TGC,0,2,0,TGC,0,2,-2,Optimised-sequences_POL.csv,100,RR0,Y,100,RR0,Y,101,RRR,Y,False,TGC,100,100,N,TGC,1,2,100,100,N,POL,0,20,-2,18,22
201,GCT,GCC,0,2,0,GCC,0,2,-2,Optimised-sequences_POL.csv,000,000,N,000,000,N,001,R01,Y,False,GCC,000,000,N,GCC,1,2,000,000,N,POL,0,20,-2,18,22
202,GCA,GCC,0,2,0,GCC,0,2,-2,Optimised-sequences_POL.csv,000,000,N,000,000,N,000,000,N,False,GCC,000,000,N,GCC,1,2,000,000,N,POL,0,20,-2,18,22
203,GAA,GAA,1,3,0,GAA,1,3,-3,Optimised-sequences_POL.csv,000,000,N,000,000,N,000,000,N,False,GAA,000,000,N,GAA,1,3,000,000,N,POL,0,20,-3,17,23
204,ACG,ACC,0,2,0,ACC,0,2,-2,Optimised-sequences_POL.csv,000,000,N,000,000,N,000,000,N,False,ACC,000,000,N,ACC,1,2,000,000,N,POL,0,20,-2,18,22
205,AAA,AAG,0,2,0,AAG,0,2,-2,Optimised-sequences_POL.csv,000,000,N,000,000,N,000,000,N,False,AAG,000,000,N,AAG,1,2,000,000,N,POL,0,20,-2,18,22
206,GAT,GAC,0,2,0,GAC,0,2,-2,Optimised-sequences_POL.csv,000,000,N,000,000,N,000,000,N,False,GAC,000,000,N,GAC,1,2,000,000,N,POL,0,20,-2,18,22
207,AAA,AAG,0,2,0,AAG,0,2,-2,Optimised-sequences_POL.csv,000,000,N,000,000,N,000,000,N,False,AAG,000,000,N,AAG,1,2,000,000,N,POL,0,20,-2,18,22
208,TTA,CTG,0,1,0,CTG,0,1,-1,Optimised-sequences_POL.csv,010,010,N,010,010,N,000,000,N,False,CTG,010,010,N,CTG,1,1,010,010,N,POL,0,20,-1,19,21
209,ATT,ATC,0,2,0,ATC,0,2,-2,Optimised-sequences_POL.csv,000,000,N,000,000,N,001,001,N,False,ATC,000,000,N,ATC,1,2,000,000,N,POL,0,20,-2,18,22
210,GAC,GAT,0,2,0,GAT,0,2,-2,Optimised-sequences_POL.csv,000,000,N,000,000,N,000,000,N,False,GAT,000,000,N,GAT,1,2,000,000,N,POL,0,20,-2,18,22
211,TGT,TGT,1,3,0,TGT,1,3,-3,Optimised-sequences_POL.csv,100,100,N,100,100,N,100,100,N,False,TGT,100,100,N,TGT,1,3,100,100,N,POL,0,20,-3,17,23
212,TAT,TAC,0,2,0,TAC,0,2,-2,Optimised-sequences_POL.csv,000,000,N,000,000,N,000,000,N,False,TAC,000,000,N,TAC,1,2,000,000,N,POL,0,20,-2,18,22
213,ACA,ACA,1,3,0,ACA,1,3,-3,Optimised-sequences_POL.csv,000,000,N,000,000,N,000,000,N,False,ACA,000,000,N,ACA,1,3,000,000,N,POL,0,20,-3,17,23
214,TTT,TTC,0,2,0,TTC,0,2,-2,Optimised-sequences_POL.csv,000,000,N,000,000,N,000,000,N,False,TTC,000,000,N,TTC,1,2,000,000,N,POL,0,20,-2,18,22
215,CTG,CTT,0,2,0,CTT,0,2,-2,Optimised-sequences_POL.csv,000,000,N,000,000,N,010,010,N,False,CTT,000,000,N,CTT,1,2,000,000,N,POL,0,20,-2,18,22
216,CAA,CAG,0,2,0,CAG,0,2,-2,Optimised-sequences_POL.csv,000,000,N,000,000,N,000,000,N,False,CAG,000,000,N,CAG,1,2,000,000,N,POL,0,20,-2,18,22
217,GCA,GCC,0,2,0,GCC,0,2,-2,Optimised-sequences_POL.csv,000,000,N,000,000,N,000,000,N,False,GCC,000,000,N,GCC,1,2,000,000,N,POL,0,20,-2,18,22
218,GAG,GAG,1,3,0,GAG,1,3,-3,Optimised-sequences_POL.csv,000,000,N,000,000,N,000,000,N,False,GAG,000,000,N,GAG,1,3,000,000,N,POL,0,20,-3,17,23
219,GTT,GTG,0,2,0,GTG,0,2,-2,Optimised-sequences_POL.csv,010,010,N,010,010,N,001,001,N,False,GTG,010,010,N,GTG,1,2,010,010,N,POL,0,20,-2,18,22
220,GCC,GCC,1,3,0,GCC,1,3,-3,Optimised-sequences_POL.csv,000,000,N,000,000,N,000,000,N,False,GCC,000,000,N,GCC,1,3,000,000,N,POL,0,20,-3,17,23
221,AAT,AAC,0,2,0,AAC,0,2,-2,Optimised-sequences_POL.csv,000,000,N,000,000,N,001,001,N,False,AAC,000,000,N,AAC,1,2,000,000,N,POL,0,20,-2,18,22
222,GCT,GCC,0,2,0,GCC,0,2,-2,Optimised-sequences_POL.csv,000,000,N,000,000,N,001,001,N,False,GCC,000,000,N,GCC,1,2,000,000,N,POL,0,20,-2,18,22
223,GGA,GGG,0,2,0,GGG,0,2,-2,Optimised-sequences_POL.csv,000,000,N,000,000,N,000,000,N,False,GGG,000,000,N,GGG,1,2,000,000,N,POL,0,20,-2,18,22
224,CTG,CTG,1,3,0,CTG,1,3,-3,Optimised-sequences_POL.csv,010,010,N,010,010,N,010,010,N,False,CTG,010,010,N,CTG,1,3,010,010,N,POL,0,20,-3,17,23
225,GCA,GCC,0,2,0,GCC,0,2,-2,Optimised-sequences_POL.csv,000,000,N,000,000,N,000,000,N,False,GCC,000,000,N,GCC,1,2,000,000,N,POL,0,20,-2,18,22
226,ATA,ATC,0,2,0,ATC,0,2,-2,Optimised-sequences_POL.csv,000,000,N,000,000,N,000,000,N,False,ATC,000,000,N,ATC,1,2,000,000,N,POL,0,20,-2,18,22
227,GCA,GCC,0,2,0,GCC,0,2,-2,Optimised-sequences_POL.csv,000,000,N,000,000,N,000,000,N,False,GCC,000,000,N,GCC,1,2,000,000,N,POL,0,20,-2,18,22
228,TCT,AGC,0,0,0,AGC,0,0,0,Optimised-sequences_POL.csv,000,000,N,000,000,N,001,001,N,False,AGC,000,000,N,AGC,1,0,000,000,N,POL,0,20,0,20,20
229,GAT,GAC,0,2,0,GAC,0,2,-2,Optimised-sequences_POL.csv,000,000,N,000,000,N,000,000,N,False,GAC,000,000,N,GAC,1,2,000,000,N,POL,0,20,-2,18,22
230,AAG,AAG,1,3,1,AAA,0,2,-2,Optimised-sequences_POL.csv,000,000,N,000,000,N,000,000,N,False,AAA,000,000,N,AAA,0,2,000,000,N,POL,0,20,-2,18,23
231,ATC,ATC,1,3,1,ATT,0,2,-2,Optimised-sequences_POL.csv,000,000,N,000,000,N,000,000,N,False,ATT,000,000,N,ATT,0,2,000,000,N,POL,0,20,-2,18,23
232,CAA,CAG,0,2,0,CAG,0,2,-2,Optimised-sequences_POL.csv,000,000,N,000,000,N,000,000,N,False,CAG,000,000,N,CAG,1,2,000,000,N,POL,0,20,-2,18,22
233,ACC,ACA,0,2,0,ACA,0,2,-2,Optimised-sequences_POL.csv,000,000,N,000,000,N,000,000,N,False,ACA,000,000,N,ACA,1,2,000,000,N,POL,0,20,-2,18,22
234,TCT,AGC,0,0,0,AGC,0,0,0,Optimised-sequences_POL.csv,000,000,N,000,000,N,000,000,N,False,AGC,000,000,N,AGC,1,0,000,000,N,POL,0,20,0,20,20
235,ACT,ACC,0,2,0,ACC,0,2,-2,Optimised-sequences_POL.csv,000,000,N,000,000,N,000,000,N,False,ACC,000,000,N,ACC,1,2,000,000,N,POL,0,20,-2,18,22
236,CCT,CCC,0,2,0,CCC,0,2,-2,Optimised-sequences_POL.csv,000,000,N,000,000,N,000,000,N,False,CCC,000,000,N,CCC,1,2,000,000,N,POL,0,20,-2,18,22
237,TTT,TTC,0,2,0,TTC,0,2,-2,Optimised-sequences_POL.csv,000,000,N,000,000,N,000,000,N,False,TTC,000,000,N,TTC,1,2,000,000,N,POL,0,20,-2,18,22
238,CAT,CAC,0,2,0,CAC,0,2,-2,Optimised-sequences_POL.csv,000,000,N,000,000,N,000,000,N,False,CAC,000,000,N,CAC,1,2,000,000,N,POL,0,20,-2,18,22
239,TAT,TAC,0,2,0,TAC,0,2,-2,Optimised-sequences_POL.csv,000,000,N,000,000,N,000,000,N,False,TAC,000,000,N,TAC,1,2,000,000,N,POL,0,20,-2,18,22
240,TTA,CTG,0,1,0,CTG,0,1,-1,Optimised-sequences_POL.csv,010,010,N,010,010,N,000,000,N,False,CTG,010,010,N,CTG,1,1,010,010,N,POL,0,20,-1,19,21
241,GGG,GGC,0,2,0,GGC,0,2,-2,Optimised-sequences_POL.csv,000,000,N,000,000,N,000,000,N,False,GGC,000,000,N,GGC,1,2,000,000,N,POL,0,20,-2,18,22
242,ATG,ATG,1,3,1,ATG,1,3,-3,Optimised-sequences_POL.csv,010,010,N,010,010,N,010,010,N,False,ATG,010,010,N,ATG,1,3,010,010,N,POL,0,20,-3,17,23
243,CAG,CAG,1,3,1,CAA,0,2,-2,Optimised-sequences_POL.csv,000,000,N,000,000,N,000,000,N,False,CAA,000,000,N,CAA,0,2,000,000,N,POL,0,20,-2,18,23
244,ATA,ATC,0,2,0,ATC,0,2,-2,Optimised-sequences_POL.csv,000,000,N,000,000,N,000,000,N,False,ATC,000,000,N,ATC,1,2,000,000,N,POL,0,20,-2,18,22
245,GAA,GAG,0,2,0,GAG,0,2,-2,Optimised-sequences_POL.csv,000,000,N,000,000,N,000,000,N,False,GAG,000,000,N,GAG,1,2,000,000,N,POL,0,20,-2,18,22
246,AAT,AAC,0,2,0,AAC,0,2,-2,Optimised-sequences_POL.csv,000,000,N,000,000,N,000,000,N,False,AAC,000,000,N,AAC,1,2,000,000,N,POL,0,20,-2,18,22
247,AGA,AGA,1,3,0,AGA,1,3,-3,Optimised-sequences_POL.csv,000,000,N,000,000,N,000,000,N,False,AGA,000,000,N,AGA,1,3,000,000,N,POL,0,20,-3,17,23
248,AAA,AAG,0,2,0,AAG,0,2,-2,Optimised-sequences_POL.csv,000,000,N,000,000,N,000,000,N,False,AAG,000,000,N,AAG,1,2,000,000,N,POL,0,20,-2,18,22
249,ATT,ATC,0,2,0,ATC,0,2,-2,Optimised-sequences_POL.csv,000,000,N,000,000,N,000,000,N,False,ATC,000,000,N,ATC,1,2,000,000,N,POL,0,20,-2,18,22
250,AAG,AAG,1,3,0,AAG,1,3,-3,Optimised-sequences_POL.csv,000,000,N,000,000,N,000,000,N,False,AAG,000,000,N,AAG,1,3,000,000,N,POL,0,20,-3,17,23
251,CCA,CCT,0,2,0,CCT,0,2,-2,Optimised-sequences_POL.csv,000,000,N,000,000,N,000,000,N,False,CCT,000,000,N,CCT,1,2,000,000,N,POL,0,20,-2,18,22
252,CAA,CAG,0,2,0,CAG,0,2,-2,Optimised-sequences_POL.csv,000,000,N,000,000,N,000,000,N,False,CAG,000,000,N,CAG,1,2,000,000,N,POL,0,20,-2,18,22
253,AAA,AAG,0,2,0,AAG,0,2,-2,Optimised-sequences_POL.csv,000,000,N,000,000,N,000,000,N,False,AAG,000,000,N,AAG,1,2,000,000,N,POL,0,20,-2,18,22
254,ATA,ATC,0,2,0,ATC,0,2,-2,Optimised-sequences_POL.csv,000,000,N,000,000,N,000,000,N,False,ATC,000,000,N,ATC,1,2,000,000,N,POL,0,20,-2,18,22
255,GAA,GAG,0,2,0,GAG,0,2,-2,Optimised-sequences_POL.csv,000,000,N,000,000,N,000,000,N,False,GAG,000,000,N,GAG,1,2,000,000,N,POL,0,20,-2,18,22
256,ATA,ATT,0,2,0,ATT,0,2,-2,Optimised-sequences_POL.csv,000,000,N,000,000,N,000,000,N,False,ATT,000,000,N,ATT,1,2,000,000,N,POL,0,20,-2,18,22
257,AGA,AGA,1,3,0,AGA,1,3,-3,Optimised-sequences_POL.csv,000,000,N,000,000,N,000,000,N,False,AGA,000,000,N,AGA,1,3,000,000,N,POL,0,20,-3,17,23
258,AAA,AAG,0,2,0,AAG,0,2,-2,Optimised-sequences_POL.csv,000,000,N,000,000,N,000,000,N,False,AAG,000,000,N,AAG,1,2,000,000,N,POL,0,20,-2,18,22
259,GAC,GAT,0,2,0,GAT,0,2,-2,Optimised-sequences_POL.csv,000,000,N,000,000,N,000,000,N,False,GAT,000,000,N,GAT,1,2,000,000,N,POL,0,20,-2,18,22
260,ACA,ACA,1,3,0,ACA,1,3,-3,Optimised-sequences_POL.csv,000,000,N,000,000,N,000,000,N,False,ACA,000,000,N,ACA,1,3,000,000,N,POL,0,20,-3,17,23
261,TTA,CTG,0,1,0,CTG,0,1,-1,Optimised-sequences_POL.csv,010,010,N,010,010,N,000,000,N,False,CTG,010,010,N,CTG,1,1,010,010,N,POL,0,20,-1,19,21
262,AAA,AAG,0,2,0,AAG,0,2,-2,Optimised-sequences_POL.csv,000,000,N,000,000,N,000,000,N,False,AAG,000,000,N,AAG,1,2,000,000,N,POL,0,20,-2,18,22
263,ACA,ACG,0,2,0,ACG,0,2,-2,Optimised-sequences_POL.csv,000,000,N,000,000,N,000,000,N,False,ACG,000,000,N,ACG,1,2,000,000,N,POL,0,20,-2,18,22
264,CTA,CTG,0,2,0,CTG,0,2,-2,Optimised-sequences_POL.csv,010,010,N,010,010,N,000,000,N,False,CTG,010,010,N,CTG,1,2,010,010,N,POL,0,20,-2,18,22
265,AAT,AAC,0,2,0,AAC,0,2,-2,Optimised-sequences_POL.csv,000,000,N,000,000,N,001,001,N,False,AAC,000,000,N,AAC,1,2,000,000,N,POL,0,20,-2,18,22
266,GAT,GAC,0,2,0,GAC,0,2,-2,Optimised-sequences_POL.csv,000,000,N,000,000,N,000,000,N,False,GAC,000,000,N,GAC,1,2,000,000,N,POL,0,20,-2,18,22
267,TTT,TTC,0,2,0,TTC,0,2,-2,Optimised-sequences_POL.csv,000,000,N,000,000,N,000,000,N,False,TTC,000,000,N,TTC,1,2,000,000,N,POL,0,20,-2,18,22
268,CAA,CAG,0,2,0,CAG,0,2,-2,Optimised-sequences_POL.csv,000,000,N,000,000,N,000,000,N,False,CAG,000,000,N,CAG,1,2,000,000,N,POL,0,20,-2,18,22
269,AAA,AAA,1,3,0,AAA,1,3,-3,Optimised-sequences_POL.csv,000,000,N,000,000,N,000,000,N,False,AAA,000,000,N,AAA,1,3,000,000,N,POL,0,20,-3,17,23
270,TTA,CTG,0,1,0,CTG,0,1,-1,Optimised-sequences_POL.csv,010,010,N,010,010,N,000,000,N,False,CTG,010,010,N,CTG,1,1,010,010,N,POL,0,20,-1,19,21
271,CTA,CTG,0,2,0,CTG,0,2,-2,Optimised-sequences_POL.csv,010,010,N,010,010,N,000,000,N,False,CTG,010,010,N,CTG,1,2,010,010,N,POL,0,20,-2,18,22
272,GGA,GGC,0,2,0,GGC,0,2,-2,Optimised-sequences_POL.csv,000,000,N,000,000,N,000,000,N,False,GGC,000,000,N,GGC,1,2,000,000,N,POL,0,20,-2,18,22
273,GAT,GAC,0,2,0,GAC,0,2,-2,Optimised-sequences_POL.csv,000,000,N,000,000,N,000,000,N,False,GAC,000,000,N,GAC,1,2,000,000,N,POL,0,20,-2,18,22
274,ATT,ATC,0,2,0,ATC,0,2,-2,Optimised-sequences_POL.csv,000,000,N,000,000,N,000,000,N,False,ATC,000,000,N,ATC,1,2,000,000,N,POL,0,20,-2,18,22
275,AAT,AAT,1,3,1,AAC,0,2,-2,Optimised-sequences_POL.csv,000,000,N,000,000,N,000,000,N,False,AAC,000,000,N,AAC,0,2,000,000,N,POL,0,20,-2,18,23
276,TGG,TGG,1,3,1,TGG,1,3,-3,Optimised-sequences_POL.csv,100,100,N,100,100,N,100,100,N,False,TGG,100,100,N,TGG,1,3,100,100,N,POL,0,20,-3,17,23
277,ATT,ATC,0,2,0,ATC,0,2,-2,Optimised-sequences_POL.csv,000,000,N,000,000,N,000,000,N,False,ATC,000,000,N,ATC,1,2,000,000,N,POL,0,20,-2,18,22
278,CGG,CGG,1,3,0,CGG,1,3,-3,Optimised-sequences_POL.csv,000,000,N,000,000,N,000,000,N,False,CGG,000,000,N,CGG,1,3,000,000,N,POL,0,20,-3,17,23
279,CCA,CCT,0,2,0,CCT,0,2,-2,Optimised-sequences_POL.csv,000,000,N,000,000,N,000,000,N,False,CCT,000,000,N,CCT,1,2,000,000,N,POL,0,20,-2,18,22
280,ACT,ACA,0,2,0,ACA,0,2,-2,Optimised-sequences_POL.csv,000,000,N,000,000,N,000,000,N,False,ACA,000,000,N,ACA,1,2,000,000,N,POL,0,20,-2,18,22
281,CTA,CTG,0,2,0,CTG,0,2,-2,Optimised-sequences_POL.csv,010,010,N,010,010,N,000,000,N,False,CTG,010,010,N,CTG,1,2,010,010,N,POL,0,20,-2,18,22
282,GGC,GGC,1,3,0,GGC,1,3,-3,Optimised-sequences_POL.csv,000,000,N,000,000,N,000,000,N,False,GGC,000,000,N,GGC,1,3,000,000,N,POL,0,20,-3,17,23
283,ATT,ATC,0,2,0,ATC,0,2,-2,Optimised-sequences_POL.csv,000,000,N,000,000,N,000,000,N,False,ATC,000,000,N,ATC,1,2,000,000,N,POL,0,20,-2,18,22
284,CCT,CCT,1,3,0,CCT,1,3,-3,Optimised-sequences_POL.csv,000,000,N,000,000,N,000,000,N,False,CCT,000,000,N,CCT,1,3,000,000,N,POL,0,20,-3,17,23
285,ACT,ACA,0,2,0,ACA,0,2,-2,Optimised-sequences_POL.csv,000,000,N,000,000,N,000,000,N,False,ACA,000,000,N,ACA,1,2,000,000,N,POL,0,20,-2,18,22
286,TAT,TAC,0,2,0,TAC,0,2,-2,Optimised-sequences_POL.csv,000,000,N,000,000,N,001,001,N,False,TAC,000,000,N,TAC,1,2,000,000,N,POL,0,20,-2,18,22
287,GCC,GCC,1,3,1,GCT,0,2,-2,Optimised-sequences_POL.csv,000,000,N,000,000,N,000,000,N,False,GCT,000,000,N,GCT,0,2,000,000,N,POL,0,20,-2,18,23
288,ATG,ATG,1,3,1,ATG,1,3,-3,Optimised-sequences_POL.csv,010,010,N,010,010,N,010,010,N,False,ATG,010,010,N,ATG,1,3,010,010,N,POL,0,20,-3,17,23
289,TCA,AGC,0,0,0,AGC,0,0,0,Optimised-sequences_POL.csv,000,000,N,000,000,N,000,000,N,False,AGC,000,000,N,AGC,1,0,000,000,N,POL,0,20,0,20,20
290,AAT,AAT,1,3,0,AAT,1,3,-3,Optimised-sequences_POL.csv,000,000,N,000,000,N,000,000,N,False,AAT,000,000,N,AAT,1,3,000,000,N,POL,0,20,-3,17,23
291,TTG,CTG,0,2,0,CTG,0,2,-2,Optimised-sequences_POL.csv,010,010,N,010,010,N,010,010,N,False,CTG,010,010,N,CTG,1,2,010,010,N,POL,0,20,-2,18,22
292,TTC,TTC,1,3,0,TTC,1,3,-3,Optimised-sequences_POL.csv,000,000,N,000,000,N,000,000,N,False,TTC,000,000,N,TTC,1,3,000,000,N,POL,0,20,-3,17,23
293,TCT,AGC,0,0,0,AGC,0,0,0,Optimised-sequences_POL.csv,000,000,N,000,000,N,000,000,N,False,AGC,000,000,N,AGC,1,0,000,000,N,POL,0,20,0,20,20
294,ATC,ATC,1,3,0,ATC,1,3,-3,Optimised-sequences_POL.csv,000,000,N,000,000,N,000,000,N,False,ATC,000,000,N,ATC,1,3,000,000,N,POL,0,20,-3,17,23
295,TTA,CTG,0,1,0,CTG,0,1,-1,Optimised-sequences_POL.csv,010,010,N,010,010,N,000,000,N,False,CTG,010,010,N,CTG,1,1,010,010,N,POL,0,20,-1,19,21
296,AGA,CGG,0,1,0,CGG,0,1,-1,Optimised-sequences_POL.csv,000,000,N,000,000,N,000,000,N,False,CGG,000,000,N,CGG,1,1,000,000,N,POL,0,20,-1,19,21
297,GGA,GGA,1,3,0,GGA,1,3,-3,Optimised-sequences_POL.csv,000,000,N,000,000,N,000,000,N,False,GGA,000,000,N,GGA,1,3,000,000,N,POL,0,20,-3,17,23
298,GAC,GAT,0,2,0,GAT,0,2,-2,Optimised-sequences_POL.csv,000,000,N,000,000,N,000,000,N,False,GAT,000,000,N,GAT,1,2,000,000,N,POL,0,20,-2,18,22
299,TCA,TCT,0,2,0,TCT,0,2,-2,Optimised-sequences_POL.csv,001,001,N,001,001,N,000,000,N,False,TCT,001,001,N,TCT,1,2,001,001,N,POL,0,20,-2,18,22
300,GAC,GAT,0,2,0,GAT,0,2,-2,Optimised-sequences_POL.csv,000,000,N,000,000,N,000,000,N,False,GAT,000,000,N,GAT,1,2,000,000,N,POL,0,20,-2,18,22
301,TTA,CTG,0,1,0,CTG,0,1,-1,Optimised-sequences_POL.csv,010,010,N,010,010,N,000,000,N,False,CTG,010,010,N,CTG,1,1,010,010,N,POL,0,20,-1,19,21
302,AAT,AAC,0,2,0,AAC,0,2,-2,Optimised-sequences_POL.csv,000,000,N,000,000,N,000,000,N,False,AAC,000,000,N,AAC,1,2,000,000,N,POL,0,20,-2,18,22
303,AGT,TCT,0,1,0,TCT,0,1,-1,Optimised-sequences_POL.csv,000,000,N,000,000,N,000,000,N,False,TCT,000,000,N,TCT,1,1,000,000,N,POL,0,20,-1,19,21
304,AAA,AAG,0,2,0,AAG,0,2,-2,Optimised-sequences_POL.csv,000,000,N,000,000,N,000,000,N,False,AAG,000,000,N,AAG,1,2,000,000,N,POL,0,20,-2,18,22
305,AGA,CGG,0,1,0,CGG,0,1,-1,Optimised-sequences_POL.csv,000,000,N,000,000,N,000,000,N,False,CGG,000,000,N,CGG,1,1,000,000,N,POL,0,20,-1,19,21
306,ATG,ATG,1,3,0,ATG,1,3,-3,Optimised-sequences_POL.csv,010,010,N,010,010,N,010,010,N,False,ATG,010,010,N,ATG,1,3,010,010,N,POL,0,20,-3,17,23
307,TTA,CTG,0,1,0,CTG,0,1,-1,Optimised-sequences_POL.csv,010,010,N,010,010,N,000,000,N,False,CTG,010,010,N,CTG,1,1,010,010,N,POL,0,20,-1,19,21
308,ACC,ACA,0,2,0,ACA,0,2,-2,Optimised-sequences_POL.csv,000,000,N,000,000,N,000,000,N,False,ACA,000,000,N,ACA,1,2,000,000,N,POL,0,20,-2,18,22
309,CCA,CCT,0,2,0,CCT,0,2,-2,Optimised-sequences_POL.csv,001,001,N,001,001,N,000,000,N,False,CCT,001,001,N,CCT,1,2,001,001,N,POL,0,20,-2,18,22
310,GAG,GAA,0,2,0,GAA,0,2,-2,Optimised-sequences_POL.csv,000,000,N,000,000,N,000,000,N,False,GAA,000,000,N,GAA,1,2,000,000,N,POL,0,20,-2,18,22
311,GCA,GCC,0,2,0,GCC,0,2,-2,Optimised-sequences_POL.csv,000,000,N,000,000,N,000,000,N,False,GCC,000,000,N,GCC,1,2,000,000,N,POL,0,20,-2,18,22
312,ACA,ACT,0,2,0,ACT,0,2,-2,Optimised-sequences_POL.csv,000,000,N,000,000,N,000,000,N,False,ACT,000,000,N,ACT,1,2,000,000,N,POL,0,20,-2,18,22
313,AAA,AAG,0,2,0,AAG,0,2,-2,Optimised-sequences_POL.csv,000,000,N,000,000,N,000,000,N,False,AAG,000,000,N,AAG,1,2,000,000,N,POL,0,20,-2,18,22
314,GAA,GAG,0,2,0,GAG,0,2,-2,Optimised-sequences_POL.csv,000,000,N,000,000,N,000,000,N,False,GAG,000,000,N,GAG,1,2,000,000,N,POL,0,20,-2,18,22
315,ATT,ATC,0,2,0,ATC,0,2,-2,Optimised-sequences_POL.csv,000,000,N,000,000,N,000,000,N,False,ATC,000,000,N,ATC,1,2,000,000,N,POL,0,20,-2,18,22
316,AAA,AAG,0,2,0,AAG,0,2,-2,Optimised-sequences_POL.csv,000,000,N,000,000,N,000,000,N,False,AAG,000,000,N,AAG,1,2,000,000,N,POL,0,20,-2,18,22
317,TTA,CTG,0,1,0,CTG,0,1,-1,Optimised-sequences_POL.csv,010,010,N,010,010,N,000,000,N,False,CTG,010,010,N,CTG,1,1,010,010,N,POL,0,20,-1,19,21
318,GTG,GTC,0,2,0,GTC,0,2,-2,Optimised-sequences_POL.csv,000,000,N,000,000,N,010,010,N,False,GTC,000,000,N,GTC,1,2,000,000,N,POL,0,20,-2,18,22
319,GAA,GAA,1,3,0,GAA,1,3,-3,Optimised-sequences_POL.csv,000,000,N,000,000,N,000,000,N,False,GAA,000,000,N,GAA,1,3,000,000,N,POL,0,20,-3,17,23
320,GAA,GAG,0,2,0,GAG,0,2,-2,Optimised-sequences_POL.csv,000,000,N,000,000,N,000,000,N,False,GAG,000,000,N,GAG,1,2,000,000,N,POL,0,20,-2,18,22
321,AAA,AAG,0,2,0,AAG,0,2,-2,Optimised-sequences_POL.csv,000,000,N,000,000,N,000,000,N,False,AAG,000,000,N,AAG,1,2,000,000,N,POL,0,20,-2,18,22
322,ATT,ATC,0,2,0,ATC,0,2,-2,Optimised-sequences_POL.csv,000,000,N,000,000,N,000,000,N,False,ATC,000,000,N,ATC,1,2,000,000,N,POL,0,20,-2,18,22
323,CAG,CAG,1,3,0,CAG,1,3,-3,Optimised-sequences_POL.csv,000,000,N,000,000,N,000,000,N,False,CAG,000,000,N,CAG,1,3,000,000,N,POL,0,20,-3,17,23
324,TCA,AGC,0,0,0,AGC,0,0,0,Optimised-sequences_POL.csv,000,000,N,000,000,N,000,000,N,False,AGC,000,000,N,AGC,1,0,000,000,N,POL,0,20,0,20,20
325,GCG,GCT,0,2,0,GCT,0,2,-2,Optimised-sequences_POL.csv,000,000,N,000,000,N,000,000,N,False,GCT,000,000,N,GCT,1,2,000,000,N,POL,0,20,-2,18,22
326,CAA,CAG,0,2,0,CAG,0,2,-2,Optimised-sequences_POL.csv,000,000,N,000,000,N,000,000,N,False,CAG,000,000,N,CAG,1,2,000,000,N,POL,0,20,-2,18,22
327,ATA,ATA,1,3,0,ATA,1,3,-3,Optimised-sequences_POL.csv,000,000,N,000,000,N,000,000,N,False,ATA,000,000,N,ATA,1,3,000,000,N,POL,0,20,-3,17,23
328,AAT,AAC,0,2,0,AAC,0,2,-2,Optimised-sequences_POL.csv,000,000,N,000,000,N,000,000,N,False,AAC,000,000,N,AAC,1,2,000,000,N,POL,0,20,-2,18,22
329,AGA,AGG,0,2,0,AGG,0,2,-2,Optimised-sequences_POL.csv,000,000,N,000,000,N,000,000,N,False,AGG,000,000,N,AGG,1,2,000,000,N,POL,0,20,-2,18,22
330,ATA,ATC,0,2,0,ATC,0,2,-2,Optimised-sequences_POL.csv,000,000,N,000,000,N,000,000,N,False,ATC,000,000,N,ATC,1,2,000,000,N,POL,0,20,-2,18,22
331,GAT,GAC,0,2,0,GAC,0,2,-2,Optimised-sequences_POL.csv,000,000,N,000,000,N,000,000,N,False,GAC,000,000,N,GAC,1,2,000,000,N,POL,0,20,-2,18,22
332,CCC,CCT,0,2,0,CCT,0,2,-2,Optimised-sequences_POL.csv,000,000,N,000,000,N,000,000,N,False,CCT,000,000,N,CCT,1,2,000,000,N,POL,0,20,-2,18,22
333,TTA,CTG,0,1,0,CTG,0,1,-1,Optimised-sequences_POL.csv,010,010,N,010,010,N,000,000,N,False,CTG,010,010,N,CTG,1,1,010,010,N,POL,0,20,-1,19,21
334,GCC,GCT,0,2,0,GCT,0,2,-2,Optimised-sequences_POL.csv,000,000,N,000,000,N,000,000,N,False,GCT,000,000,N,GCT,1,2,000,000,N,POL,0,20,-2,18,22
335,CCA,CCT,0,2,0,CCT,0,2,-2,Optimised-sequences_POL.csv,000,000,N,000,000,N,000,000,N,False,CCT,000,000,N,CCT,1,2,000,000,N,POL,0,20,-2,18,22
336,CTC,CTG,0,2,0,CTG,0,2,-2,Optimised-sequences_POL.csv,010,010,N,010,010,N,000,000,N,False,CTG,010,010,N,CTG,1,2,010,010,N,POL,0,20,-2,18,22
337,CAA,CAA,1,3,0,CAA,1,3,-3,Optimised-sequences_POL.csv,000,000,N,000,000,N,000,000,N,False,CAA,000,000,N,CAA,1,3,000,000,N,POL,0,20,-3,17,23
338,CTT,CTG,0,2,0,CTG,0,2,-2,Optimised-sequences_POL.csv,010,010,N,010,010,N,000,000,N,False,CTG,010,010,N,CTG,1,2,010,010,N,POL,0,20,-2,18,22
339,TTG,TTG,1,3,0,TTG,1,3,-3,Optimised-sequences_POL.csv,010,010,N,010,010,N,010,010,N,False,TTG,010,010,N,TTG,1,3,010,010,N,POL,0,20,-3,17,23
340,ATT,ATC,0,2,0,ATC,0,2,-2,Optimised-sequences_POL.csv,000,000,N,000,000,N,000,000,N,False,ATC,000,000,N,ATC,1,2,000,000,N,POL,0,20,-2,18,22
341,TTT,TTC,0,2,0,TTC,0,2,-2,Optimised-sequences_POL.csv,000,000,N,000,000,N,001,001,N,False,TTC,000,000,N,TTC,1,2,000,000,N,POL,0,20,-2,18,22
342,GCC,GCC,1,3,0,GCC,1,3,-3,Optimised-sequences_POL.csv,000,000,N,000,000,N,000,000,N,False,GCC,000,000,N,GCC,1,3,000,000,N,POL,0,20,-3,17,23
343,ACT,ACC,0,2,0,ACC,0,2,-2,Optimised-sequences_POL.csv,000,000,N,000,000,N,001,001,N,False,ACC,000,000,N,ACC,1,2,000,000,N,POL,0,20,-2,18,22
344,GCA,GCC,0,2,0,GCC,0,2,-2,Optimised-sequences_POL.csv,000,000,N,000,000,N,000,000,N,False,GCC,000,000,N,GCC,1,2,000,000,N,POL,0,20,-2,18,22
345,CAT,CAT,1,3,1,CAC,0,2,-2,Optimised-sequences_POL.csv,000,000,N,000,000,N,000,000,N,False,CAC,000,000,N,CAC,0,2,000,000,N,POL,0,20,-2,18,23
346,TCT,TCT,1,3,1,AGT,0,1,-1,Optimised-sequences_POL.csv,000,000,N,000,000,N,000,000,N,False,AGT,000,000,N,AGT,0,1,000,000,N,POL,0,20,-1,19,23
347,CCA,CCT,0,2,0,CCT,0,2,-2,Optimised-sequences_POL.csv,000,000,N,000,000,N,000,000,N,False,CCT,000,000,N,CCT,1,2,000,000,N,POL,0,20,-2,18,22
348,ACA,ACA,1,3,0,ACA,1,3,-3,Optimised-sequences_POL.csv,000,000,N,000,000,N,000,000,N,False,ACA,000,000,N,ACA,1,3,000,000,N,POL,0,20,-3,17,23
349,GGC,GGT,0,2,0,GGT,0,2,-2,Optimised-sequences_POL.csv,000,000,N,000,000,N,000,000,N,False,GGT,000,000,N,GGT,1,2,000,000,N,POL,0,20,-2,18,22
350,ATC,ATC,1,3,0,ATC,1,3,-3,Optimised-sequences_POL.csv,000,000,N,000,000,N,000,000,N,False,ATC,000,000,N,ATC,1,3,000,000,N,POL,0,20,-3,17,23
351,ATT,ATC,0,2,0,ATC,0,2,-2,Optimised-sequences_POL.csv,000,000,N,000,000,N,000,000,N,False,ATC,000,000,N,ATC,1,2,000,000,N,POL,0,20,-2,18,22
352,ATT,ATC,0,2,0,ATC,0,2,-2,Optimised-sequences_POL.csv,000,000,N,000,000,N,000,000,N,False,ATC,000,000,N,ATC,1,2,000,000,N,POL,0,20,-2,18,22
353,CAA,CAA,1,3,1,CAG,0,2,-2,Optimised-sequences_POL.csv,000,000,N,000,000,N,000,000,N,False,CAG,000,000,N,CAG,0,2,000,000,N,POL,0,20,-2,18,23
354,AAT,AAT,1,3,1,AAC,0,2,-2,Optimised-sequences_POL.csv,000,000,N,000,000,N,000,000,N,False,AAC,000,000,N,AAC,0,2,000,000,N,POL,0,20,-2,18,23
355,ACT,ACC,0,2,0,ACC,0,2,-2,Optimised-sequences_POL.csv,000,000,N,000,000,N,001,001,N,False,ACC,000,000,N,ACC,1,2,000,000,N,POL,0,20,-2,18,22
356,GAT,GAT,1,3,1,GAC,0,2,-2,Optimised-sequences_POL.csv,000,000,N,000,000,N,000,000,N,False,GAC,000,000,N,GAC,0,2,000,000,N,POL,0,20,-2,18,23
357,CTT,CTT,1,3,1,CTG,0,2,-2,Optimised-sequences_POL.csv,001,001,N,010,010,N,001,00R,Y,False,CTG,010,010,N,CTG,0,2,010,010,N,POL,0,20,-2,18,23
358,GTG,GTC,0,2,0,GTC,0,2,-2,Optimised-sequences_POL.csv,000,000,N,000,000,N,010,RRR,Y,False,GTC,000,000,N,GTC,1,2,000,000,N,POL,0,20,-2,18,22
359,GAG,GAA,0,2,0,GAA,0,2,-2,Optimised-sequences_POL.csv,000,000,N,000,000,N,000,000,N,False,GAA,000,000,N,GAA,1,2,000,000,N,POL,0,20,-2,18,22
360,TGG,TGG,1,3,0,TGG,1,3,-3,Optimised-sequences_POL.csv,100,100,N,100,100,N,100,100,N,False,TGG,100,100,N,TGG,1,3,100,100,N,POL,0,20,-3,17,23
361,TCA,TCC,0,2,0,TCC,0,2,-2,Optimised-sequences_POL.csv,000,000,N,000,000,N,000,000,N,False,TCC,000,000,N,TCC,1,2,000,000,N,POL,0,20,-2,18,22
362,TTC,TTC,1,3,0,TTC,1,3,-3,Optimised-sequences_POL.csv,000,000,N,000,000,N,000,000,N,False,TTC,000,000,N,TTC,1,3,000,000,N,POL,0,20,-3,17,23
363,CTT,CTG,0,2,0,CTG,0,2,-2,Optimised-sequences_POL.csv,010,010,N,010,010,N,000,000,N,False,CTG,010,010,N,CTG,1,2,010,010,N,POL,0,20,-2,18,22
364,CCT,CCT,1,3,1,CCA,0,2,-2,Optimised-sequences_POL.csv,000,000,N,000,000,N,000,000,N,False,CCA,000,000,N,CCA,0,2,000,000,N,POL,0,20,-2,18,23
365,CAC,CAC,1,3,1,CAT,0,2,-2,Optimised-sequences_POL.csv,000,000,N,000,000,N,000,000,N,False,CAT,000,000,N,CAT,0,2,000,000,N,POL,0,20,-2,18,23
366,AGT,AGC,0,2,0,AGC,0,2,-2,Optimised-sequences_POL.csv,000,000,N,000,000,N,000,000,N,False,AGC,000,000,N,AGC,1,2,000,000,N,POL,0,20,-2,18,22
367,ACA,ACC,0,2,0,ACC,0,2,-2,Optimised-sequences_POL.csv,000,000,N,000,000,N,000,000,N,False,ACC,000,000,N,ACC,1,2,000,000,N,POL,0,20,-2,18,22
368,GTT,GTG,0,2,0,GTG,0,2,-2,Optimised-sequences_POL.csv,010,010,N,010,010,N,000,000,N,False,GTG,010,010,N,GTG,1,2,010,010,N,POL,0,20,-2,18,22
369,AAG,AAG,1,3,0,AAG,1,3,-3,Optimised-sequences_POL.csv,000,000,N,000,000,N,000,000,N,False,AAG,000,000,N,AAG,1,3,000,000,N,POL,0,20,-3,17,23
370,ACT,ACC,0,2,0,ACC,0,2,-2,Optimised-sequences_POL.csv,000,000,N,000,000,N,000,000,N,False,ACC,000,000,N,ACC,1,2,000,000,N,POL,0,20,-2,18,22
371,TTT,TTC,0,2,0,TTC,0,2,-2,Optimised-sequences_POL.csv,000,000,N,000,000,N,000,000,N,False,TTC,000,000,N,TTC,1,2,000,000,N,POL,0,20,-2,18,22
372,ACA,ACC,0,2,0,ACC,0,2,-2,Optimised-sequences_POL.csv,000,000,N,000,000,N,000,000,N,False,ACC,000,000,N,ACC,1,2,000,000,N,POL,0,20,-2,18,22
373,TTG,CTG,0,2,0,CTG,0,2,-2,Optimised-sequences_POL.csv,010,010,N,010,010,N,010,010,N,False,CTG,010,010,N,CTG,1,2,010,010,N,POL,0,20,-2,18,22
374,TAC,TAC,1,3,0,TAC,1,3,-3,Optimised-sequences_POL.csv,000,000,N,000,000,N,000,000,N,False,TAC,000,000,N,TAC,1,3,000,000,N,POL,0,20,-3,17,23
375,TTG,CTG,0,2,0,CTG,0,2,-2,Optimised-sequences_POL.csv,010,010,N,010,010,N,010,010,N,False,CTG,010,010,N,CTG,1,2,010,010,N,POL,0,20,-2,18,22
376,GAT,GAC,0,2,0,GAC,0,2,-2,Optimised-sequences_POL.csv,000,000,N,000,000,N,000,000,N,False,GAC,000,000,N,GAC,1,2,000,000,N,POL,0,20,-2,18,22
377,CAA,CAG,0,2,0,CAG,0,2,-2,Optimised-sequences_POL.csv,000,000,N,000,000,N,000,000,N,False,CAG,000,000,N,CAG,1,2,000,000,N,POL,0,20,-2,18,22
378,ATA,ATC,0,2,0,ATC,0,2,-2,Optimised-sequences_POL.csv,000,000,N,000,000,N,000,000,N,False,ATC,000,000,N,ATC,1,2,000,000,N,POL,0,20,-2,18,22
379,GCT,GCC,0,2,0,GCC,0,2,-2,Optimised-sequences_POL.csv,000,000,N,000,000,N,000,000,N,False,GCC,000,000,N,GCC,1,2,000,000,N,POL,0,20,-2,18,22
380,ACA,ACC,0,2,0,ACC,0,2,-2,Optimised-sequences_POL.csv,000,000,N,000,000,N,000,000,N,False,ACC,000,000,N,ACC,1,2,000,000,N,POL,0,20,-2,18,22
381,TTA,CTG,0,1,0,CTG,0,1,-1,Optimised-sequences_POL.csv,010,010,N,010,010,N,000,000,N,False,CTG,010,010,N,CTG,1,1,010,010,N,POL,0,20,-1,19,21
382,ATC,ATC,1,3,0,ATC,1,3,-3,Optimised-sequences_POL.csv,000,000,N,000,000,N,000,000,N,False,ATC,000,000,N,ATC,1,3,000,000,N,POL,0,20,-3,17,23
383,GGT,GGC,0,2,0,GGC,0,2,-2,Optimised-sequences_POL.csv,000,000,N,000,000,N,000,000,N,False,GGC,000,000,N,GGC,1,2,000,000,N,POL,0,20,-2,18,22
384,CAG,CAG,1,3,0,CAG,1,3,-3,Optimised-sequences_POL.csv,000,000,N,000,000,N,000,000,N,False,CAG,000,000,N,CAG,1,3,000,000,N,POL,0,20,-3,17,23
385,ACA,ACC,0,2,0,ACC,0,2,-2,Optimised-sequences_POL.csv,000,000,N,000,000,N,000,000,N,False,ACC,000,000,N,ACC,1,2,000,000,N,POL,0,20,-2,18,22
386,AGA,CGG,0,1,0,CGG,0,1,-1,Optimised-sequences_POL.csv,000,000,N,000,000,N,000,000,N,False,CGG,000,000,N,CGG,1,1,000,000,N,POL,0,20,-1,19,21
387,TTA,CTG,0,1,0,CTG,0,1,-1,Optimised-sequences_POL.csv,010,010,N,010,010,N,000,000,N,False,CTG,010,010,N,CTG,1,1,010,010,N,POL,0,20,-1,19,21
388,CGA,AGA,0,2,0,AGA,0,2,-2,Optimised-sequences_POL.csv,000,000,N,000,000,N,000,000,N,False,AGA,000,000,N,AGA,1,2,000,000,N,POL,0,20,-2,18,22
389,ATA,ATC,0,2,0,ATC,0,2,-2,Optimised-sequences_POL.csv,000,000,N,000,000,N,000,000,N,False,ATC,000,000,N,ATC,1,2,000,000,N,POL,0,20,-2,18,22
390,ATA,ATC,0,2,0,ATC,0,2,-2,Optimised-sequences_POL.csv,000,000,N,000,000,N,000,000,N,False,ATC,000,000,N,ATC,1,2,000,000,N,POL,0,20,-2,18,22
391,AAA,AAG,0,2,0,AAG,0,2,-2,Optimised-sequences_POL.csv,000,000,N,000,000,N,000,000,N,False,AAG,000,000,N,AAG,1,2,000,000,N,POL,0,20,-2,18,22
392,TTA,CTG,0,1,0,CTG,0,1,-1,Optimised-sequences_POL.csv,010,0RR,Y,010,0RR,Y,000,000,N,True,CTC,000,000,N,CTC,0,1,000,000,N,POL,0,20,-1,19,21
393,TGT,TGC,0,2,0,TGC,0,2,-2,Optimised-sequences_POL.csv,100,RR0,Y,100,RR0,Y,101,RRR,Y,False,TGC,100,100,N,TGC,1,2,100,100,N,POL,0,20,-2,18,22
394,GGA,GGC,0,2,0,GGC,0,2,-2,Optimised-sequences_POL.csv,000,000,N,000,000,N,000,R00,Y,False,GGC,000,000,N,GGC,1,2,000,000,N,POL,0,20,-2,18,22
395,AAT,AAC,0,2,0,AAC,0,2,-2,Optimised-sequences_POL.csv,000,000,N,000,000,N,001,001,N,False,AAC,000,000,N,AAC,1,2,000,000,N,POL,0,20,-2,18,22
396,GAC,GAC,1,3,0,GAC,1,3,-3,Optimised-sequences_POL.csv,000,000,N,000,000,N,000,000,N,False,GAC,000,000,N,GAC,1,3,000,000,N,POL,0,20,-3,17,23
397,CCA,CCC,0,2,0,CCC,0,2,-2,Optimised-sequences_POL.csv,000,000,N,000,000,N,000,000,N,False,CCC,000,000,N,CCC,1,2,000,000,N,POL,0,20,-2,18,22
398,GAC,GAC,1,3,0,GAC,1,3,-3,Optimised-sequences_POL.csv,000,000,N,000,000,N,000,000,N,False,GAC,000,000,N,GAC,1,3,000,000,N,POL,0,20,-3,17,23
399,AAA,AAG,0,2,0,AAG,0,2,-2,Optimised-sequences_POL.csv,000,000,N,000,000,N,000,000,N,False,AAG,000,000,N,AAG,1,2,000,000,N,POL,0,20,-2,18,22
400,ATA,ATC,0,2,0,ATC,0,2,-2,Optimised-sequences_POL.csv,000,000,N,000,000,N,000,000,N,False,ATC,000,000,N,ATC,1,2,000,000,N,POL,0,20,-2,18,22
401,GTT,GTG,0,2,0,GTG,0,2,-2,Optimised-sequences_POL.csv,010,010,N,010,010,N,001,001,N,False,GTG,010,010,N,GTG,1,2,010,010,N,POL,0,20,-2,18,22
402,GTC,GTG,0,2,0,GTG,0,2,-2,Optimised-sequences_POL.csv,010,010,N,010,010,N,000,000,N,False,GTG,010,010,N,GTG,1,2,010,010,N,POL,0,20,-2,18,22
403,CCT,CCT,1,3,0,CCT,1,3,-3,Optimised-sequences_POL.csv,000,000,N,000,000,N,000,000,N,False,CCT,000,000,N,CCT,1,3,000,000,N,POL,0,20,-3,17,23
404,TTA,TTG,0,2,0,TTG,0,2,-2,Optimised-sequences_POL.csv,010,010,N,010,010,N,000,000,N,False,TTG,010,010,N,TTG,1,2,010,010,N,POL,0,20,-2,18,22
405,ACC,ACT,0,2,0,ACT,0,2,-2,Optimised-sequences_POL.csv,000,000,N,000,000,N,000,000,N,False,ACT,000,000,N,ACT,1,2,000,000,N,POL,0,20,-2,18,22
406,AAG,AAG,1,3,0,AAG,1,3,-3,Optimised-sequences_POL.csv,000,000,N,000,000,N,000,000,N,False,AAG,000,000,N,AAG,1,3,000,000,N,POL,0,20,-3,17,23
407,GAA,GAG,0,2,0,GAG,0,2,-2,Optimised-sequences_POL.csv,000,000,N,000,000,N,000,000,N,False,GAG,000,000,N,GAG,1,2,000,000,N,POL,0,20,-2,18,22
408,CAA,CAG,0,2,0,CAG,0,2,-2,Optimised-sequences_POL.csv,000,000,N,000,000,N,000,000,N,False,CAG,000,000,N,CAG,1,2,000,000,N,POL,0,20,-2,18,22
409,GTT,GTG,0,2,0,GTG,0,2,-2,Optimised-sequences_POL.csv,010,010,N,010,010,N,000,000,N,False,GTG,010,010,N,GTG,1,2,010,010,N,POL,0,20,-2,18,22
410,AGA,AGA,1,3,0,AGA,1,3,-3,Optimised-sequences_POL.csv,000,000,N,000,000,N,000,000,N,False,AGA,000,000,N,AGA,1,3,000,000,N,POL,0,20,-3,17,23
411,CAA,CAG,0,2,0,CAG,0,2,-2,Optimised-sequences_POL.csv,000,000,N,000,000,N,000,000,N,False,CAG,000,000,N,CAG,1,2,000,000,N,POL,0,20,-2,18,22
412,GCC,GCC,1,3,1,GCT,0,2,-2,Optimised-sequences_POL.csv,000,000,N,000,000,N,000,000,N,False,GCT,000,000,N,GCT,0,2,000,000,N,POL,0,20,-2,18,23
413,TTT,TTT,1,3,1,TTC,0,2,-2,Optimised-sequences_POL.csv,000,000,N,000,000,N,000,000,N,False,TTC,000,000,N,TTC,0,2,000,000,N,POL,0,20,-2,18,23
414,ATC,ATC,1,3,1,ATA,0,2,-2,Optimised-sequences_POL.csv,000,000,N,000,000,N,000,000,N,False,ATA,000,000,N,ATA,0,2,000,000,N,POL,0,20,-2,18,23
415,AAT,AAT,1,3,1,AAC,0,2,-2,Optimised-sequences_POL.csv,000,000,N,000,000,N,000,000,N,False,AAC,000,000,N,AAC,0,2,000,000,N,POL,0,20,-2,18,23
416,TCT,TCT,1,3,1,AGT,0,1,-1,Optimised-sequences_POL.csv,001,001,N,001,001,N,001,001,N,False,AGT,001,001,N,AGT,0,1,001,001,N,POL,0,20,-1,19,23
417,GGT,GGC,0,2,0,GGC,0,2,-2,Optimised-sequences_POL.csv,000,000,N,000,000,N,001,001,N,False,GGC,000,000,N,GGC,1,2,000,000,N,POL,0,20,-2,18,22
418,GCA,GCC,0,2,0,GCC,0,2,-2,Optimised-sequences_POL.csv,000,000,N,000,000,N,000,000,N,False,GCC,000,000,N,GCC,1,2,000,000,N,POL,0,20,-2,18,22
419,TGG,TGG,1,3,0,TGG,1,3,-3,Optimised-sequences_POL.csv,100,100,N,100,100,N,100,100,N,False,TGG,100,100,N,TGG,1,3,100,100,N,POL,0,20,-3,17,23
420,CAG,CAA,0,2,0,CAA,0,2,-2,Optimised-sequences_POL.csv,000,000,N,000,000,N,000,000,N,False,CAA,000,000,N,CAA,1,2,000,000,N,POL,0,20,-2,18,22
421,ATT,ATT,1,3,0,ATT,1,3,-3,Optimised-sequences_POL.csv,001,001,N,001,001,N,001,001,N,False,ATT,001,001,N,ATT,1,3,001,001,N,POL,0,20,-3,17,23
422,GGT,GGA,0,2,0,GGA,0,2,-2,Optimised-sequences_POL.csv,000,000,N,000,000,N,000,000,N,False,GGA,000,000,N,GGA,1,2,000,000,N,POL,0,20,-2,18,22
423,CTT,CTG,0,2,0,CTG,0,2,-2,Optimised-sequences_POL.csv,010,010,N,010,010,N,001,001,N,False,CTG,010,010,N,CTG,1,2,010,010,N,POL,0,20,-2,18,22
424,GCT,GCC,0,2,0,GCC,0,2,-2,Optimised-sequences_POL.csv,000,000,N,000,000,N,000,000,N,False,GCC,000,000,N,GCC,1,2,000,000,N,POL,0,20,-2,18,22
425,AAT,AAT,1,3,0,AAT,1,3,-3,Optimised-sequences_POL.csv,000,000,N,000,000,N,000,000,N,False,AAT,000,000,N,AAT,1,3,000,000,N,POL,0,20,-3,17,23
426,TTT,TTC,0,2,0,TTC,0,2,-2,Optimised-sequences_POL.csv,000,000,N,000,000,N,001,00R,Y,False,TTC,000,000,N,TTC,1,2,000,000,N,POL,0,20,-2,18,22
427,GTG,GTG,1,3,0,GTG,1,3,-3,Optimised-sequences_POL.csv,010,010,N,010,010,N,010,RRR,Y,False,GTG,010,010,N,GTG,1,3,010,010,N,POL,0,20,-3,17,23
428,GGA,GGC,0,2,0,GGC,0,2,-2,Optimised-sequences_POL.csv,000,000,N,000,000,N,000,000,N,False,GGC,000,000,N,GGC,1,2,000,000,N,POL,0,20,-2,18,22
429,ATT,ATC,0,2,0,ATC,0,2,-2,Optimised-sequences_POL.csv,000,000,N,000,000,N,000,000,N,False,ATC,000,000,N,ATC,1,2,000,000,N,POL,0,20,-2,18,22
430,ATT,ATC,0,2,0,ATC,0,2,-2,Optimised-sequences_POL.csv,000,000,N,000,000,N,001,001,N,False,ATC,000,000,N,ATC,1,2,000,000,N,POL,0,20,-2,18,22
431,GAT,GAC,0,2,0,GAC,0,2,-2,Optimised-sequences_POL.csv,000,000,N,000,000,N,000,000,N,False,GAC,000,000,N,GAC,1,2,000,000,N,POL,0,20,-2,18,22
432,AAT,AAC,0,2,0,AAC,0,2,-2,Optimised-sequences_POL.csv,000,000,N,000,000,N,000,000,N,False,AAC,000,000,N,AAC,1,2,000,000,N,POL,0,20,-2,18,22
433,CAT,CAC,0,2,0,CAC,0,2,-2,Optimised-sequences_POL.csv,000,000,N,000,000,N,000,000,N,False,CAC,000,000,N,CAC,1,2,000,000,N,POL,0,20,-2,18,22
434,TAC,TAT,0,2,0,TAT,0,2,-2,Optimised-sequences_POL.csv,000,000,N,000,000,N,000,000,N,False,TAT,000,000,N,TAT,1,2,000,000,N,POL,0,20,-2,18,22
435,CCA,CCT,0,2,0,CCT,0,2,-2,Optimised-sequences_POL.csv,000,000,N,000,000,N,000,000,N,False,CCT,000,000,N,CCT,1,2,000,000,N,POL,0,20,-2,18,22
436,AAA,AAG,0,2,0,AAG,0,2,-2,Optimised-sequences_POL.csv,000,000,N,000,000,N,000,000,N,False,AAG,000,000,N,AAG,1,2,000,000,N,POL,0,20,-2,18,22
437,ACA,ACC,0,2,0,ACC,0,2,-2,Optimised-sequences_POL.csv,000,000,N,000,000,N,000,000,N,False,ACC,000,000,N,ACC,1,2,000,000,N,POL,0,20,-2,18,22
438,AAG,AAG,1,3,1,AAA,0,2,-2,Optimised-sequences_POL.csv,000,000,N,000,000,N,000,000,N,False,AAA,000,000,N,AAA,0,2,000,000,N,POL,0,20,-2,18,23
439,ATC,ATC,1,3,1,ATA,0,2,-2,Optimised-sequences_POL.csv,000,000,N,000,000,N,000,000,N,False,ATA,000,000,N,ATA,0,2,000,000,N,POL,0,20,-2,18,23
440,TTC,TTC,1,3,1,TTT,0,2,-2,Optimised-sequences_POL.csv,000,000,N,000,000,N,000,000,N,False,TTT,000,000,N,TTT,0,2,000,000,N,POL,0,20,-2,18,23
441,CAG,CAG,1,3,1,CAA,0,2,-2,Optimised-sequences_POL.csv,000,000,N,000,000,N,000,000,N,False,CAA,000,000,N,CAA,0,2,000,000,N,POL,0,20,-2,18,23
442,TTC,TTC,1,3,1,TTT,0,2,-2,Optimised-sequences_POL.csv,000,000,N,000,000,N,000,000,N,False,TTT,000,000,N,TTT,0,2,000,000,N,POL,0,20,-2,18,23
443,TTA,CTC,0,1,0,CTC,0,1,-1,Optimised-sequences_POL.csv,000,000,N,000,000,N,000,000,N,False,CTC,000,000,N,CTC,1,1,000,000,N,POL,0,20,-1,19,21
444,AAA,AAA,1,3,0,AAA,1,3,-3,Optimised-sequences_POL.csv,000,000,N,000,000,N,000,000,N,False,AAA,000,000,N,AAA,1,3,000,000,N,POL,0,20,-3,17,23
445,TTG,CTG,0,2,0,CTG,0,2,-2,Optimised-sequences_POL.csv,010,010,N,010,010,N,010,010,N,False,CTG,010,010,N,CTG,1,2,010,010,N,POL,0,20,-2,18,22
446,ACT,ACC,0,2,0,ACC,0,2,-2,Optimised-sequences_POL.csv,000,000,N,000,000,N,000,000,N,False,ACC,000,000,N,ACC,1,2,000,000,N,POL,0,20,-2,18,22
447,ACT,ACC,0,2,0,ACC,0,2,-2,Optimised-sequences_POL.csv,000,000,N,000,000,N,000,000,N,False,ACC,000,000,N,ACC,1,2,000,000,N,POL,0,20,-2,18,22
448,TGG,TGG,1,3,0,TGG,1,3,-3,Optimised-sequences_POL.csv,100,100,N,100,100,N,100,100,N,False,TGG,100,100,N,TGG,1,3,100,100,N,POL,0,20,-3,17,23
449,ATT,ATC,0,2,0,ATC,0,2,-2,Optimised-sequences_POL.csv,000,000,N,000,000,N,000,000,N,False,ATC,000,000,N,ATC,1,2,000,000,N,POL,0,20,-2,18,22
450,CTA,CTG,0,2,0,CTG,0,2,-2,Optimised-sequences_POL.csv,010,010,N,010,010,N,000,000,N,False,CTG,010,010,N,CTG,1,2,010,010,N,POL,0,20,-2,18,22
451,CCT,CCC,0,2,0,CCC,0,2,-2,Optimised-sequences_POL.csv,000,000,N,000,000,N,000,000,N,False,CCC,000,000,N,CCC,1,2,000,000,N,POL,0,20,-2,18,22
452,AAA,AAG,0,2,0,AAG,0,2,-2,Optimised-sequences_POL.csv,000,000,N,000,000,N,000,000,N,False,AAG,000,000,N,AAG,1,2,000,000,N,POL,0,20,-2,18,22
453,ATT,ATC,0,2,0,ATC,0,2,-2,Optimised-sequences_POL.csv,000,000,N,000,000,N,000,000,N,False,ATC,000,000,N,ATC,1,2,000,000,N,POL,0,20,-2,18,22
454,ACC,ACA,0,2,0,ACA,0,2,-2,Optimised-sequences_POL.csv,000,000,N,000,000,N,000,000,N,False,ACA,000,000,N,ACA,1,2,000,000,N,POL,0,20,-2,18,22
455,AGA,AGA,1,3,0,AGA,1,3,-3,Optimised-sequences_POL.csv,000,000,N,000,000,N,000,000,N,False,AGA,000,000,N,AGA,1,3,000,000,N,POL,0,20,-3,17,23
456,CGT,AGA,0,1,0,AGA,0,1,-1,Optimised-sequences_POL.csv,000,000,N,000,000,N,001,001,N,False,AGA,000,000,N,AGA,1,1,000,000,N,POL,0,20,-1,19,21
457,GAA,GAG,0,2,0,GAG,0,2,-2,Optimised-sequences_POL.csv,000,000,N,000,000,N,000,000,N,False,GAG,000,000,N,GAG,1,2,000,000,N,POL,0,20,-2,18,22
458,CCT,CCT,1,3,0,CCT,1,3,-3,Optimised-sequences_POL.csv,000,000,N,000,000,N,000,000,N,False,CCT,000,000,N,CCT,1,3,000,000,N,POL,0,20,-3,17,23
459,TTA,CTG,0,1,0,CTG,0,1,-1,Optimised-sequences_POL.csv,010,010,N,010,010,N,000,000,N,False,CTG,010,010,N,CTG,1,1,010,010,N,POL,0,20,-1,19,21
460,GAA,GAA,1,3,0,GAA,1,3,-3,Optimised-sequences_POL.csv,000,000,N,000,000,N,000,000,N,False,GAA,000,000,N,GAA,1,3,000,000,N,POL,0,20,-3,17,23
461,AAT,AAC,0,2,0,AAC,0,2,-2,Optimised-sequences_POL.csv,000,000,N,000,000,N,001,001,N,False,AAC,000,000,N,AAC,1,2,000,000,N,POL,0,20,-2,18,22
462,GCT,GCC,0,2,0,GCC,0,2,-2,Optimised-sequences_POL.csv,000,000,N,000,000,N,000,000,N,False,GCC,000,000,N,GCC,1,2,000,000,N,POL,0,20,-2,18,22
463,CTA,CTA,1,3,0,CTA,1,3,-3,Optimised-sequences_POL.csv,000,000,N,000,000,N,000,000,N,False,CTA,000,000,N,CTA,1,3,000,000,N,POL,0,20,-3,17,23
464,ACA,ACC,0,2,0,ACC,0,2,-2,Optimised-sequences_POL.csv,000,000,N,000,000,N,000,000,N,False,ACC,000,000,N,ACC,1,2,000,000,N,POL,0,20,-2,18,22
465,GTA,GTG,0,2,0,GTG,0,2,-2,Optimised-sequences_POL.csv,010,010,N,010,010,N,000,000,N,False,GTG,010,010,N,GTG,1,2,010,010,N,POL,0,20,-2,18,22
466,TTT,TTC,0,2,0,TTC,0,2,-2,Optimised-sequences_POL.csv,000,000,N,000,000,N,000,000,N,False,TTC,000,000,N,TTC,1,2,000,000,N,POL,0,20,-2,18,22
467,ACT,ACC,0,2,0,ACC,0,2,-2,Optimised-sequences_POL.csv,000,000,N,000,000,N,001,001,N,False,ACC,000,000,N,ACC,1,2,000,000,N,POL,0,20,-2,18,22
468,GAT,GAC,0,2,0,GAC,0,2,-2,Optimised-sequences_POL.csv,000,000,N,000,000,N,001,001,N,False,GAC,000,000,N,GAC,1,2,000,000,N,POL,0,20,-2,18,22
469,GGT,GGC,0,2,0,GGC,0,2,-2,Optimised-sequences_POL.csv,000,000,N,000,000,N,000,000,N,False,GGC,000,000,N,GGC,1,2,000,000,N,POL,0,20,-2,18,22
470,TCC,AGC,0,1,0,AGC,0,1,-1,Optimised-sequences_POL.csv,000,000,N,000,000,N,000,000,N,False,AGC,000,000,N,AGC,1,1,000,000,N,POL,0,20,-1,19,21
471,AGC,AGC,1,3,0,AGC,1,3,-3,Optimised-sequences_POL.csv,000,000,N,000,000,N,000,000,N,False,AGC,000,000,N,AGC,1,3,000,000,N,POL,0,20,-3,17,23
472,AAT,AAC,0,2,0,AAC,0,2,-2,Optimised-sequences_POL.csv,000,000,N,000,000,N,001,001,N,False,AAC,000,000,N,AAC,1,2,000,000,N,POL,0,20,-2,18,22
473,GGA,GGC,0,2,0,GGC,0,2,-2,Optimised-sequences_POL.csv,000,000,N,000,000,N,000,000,N,False,GGC,000,000,N,GGC,1,2,000,000,N,POL,0,20,-2,18,22
474,AAA,AAG,0,2,0,AAG,0,2,-2,Optimised-sequences_POL.csv,000,000,N,000,000,N,000,000,N,False,AAG,000,000,N,AAG,1,2,000,000,N,POL,0,20,-2,18,22
475,GCA,GCC,0,2,0,GCC,0,2,-2,Optimised-sequences_POL.csv,000,000,N,000,000,N,000,000,N,False,GCC,000,000,N,GCC,1,2,000,000,N,POL,0,20,-2,18,22
476,GCT,GCT,1,3,1,GCG,0,2,-2,Optimised-sequences_POL.csv,000,000,N,000,000,N,000,000,N,False,GCG,000,000,N,GCG,0,2,000,000,N,POL,0,20,-2,18,23
477,TAC,TAC,1,3,1,TAT,0,2,-2,Optimised-sequences_POL.csv,000,000,N,000,000,N,000,000,N,False,TAT,000,000,N,TAT,0,2,000,000,N,POL,0,20,-2,18,23
478,ACA,ACT,0,2,0,ACT,0,2,-2,Optimised-sequences_POL.csv,001,001,N,001,001,N,000,000,N,False,ACT,001,001,N,ACT,1,2,001,001,N,POL,0,20,-2,18,22
479,GGG,GGA,0,2,0,GGA,0,2,-2,Optimised-sequences_POL.csv,000,000,N,000,000,N,000,000,N,False,GGA,000,000,N,GGA,1,2,000,000,N,POL,0,20,-2,18,22
480,CCG,CCC,0,2,0,CCC,0,2,-2,Optimised-sequences_POL.csv,000,000,N,000,000,N,000,000,N,False,CCC,000,000,N,CCC,1,2,000,000,N,POL,0,20,-2,18,22
481,AAA,AAG,0,2,0,AAG,0,2,-2,Optimised-sequences_POL.csv,000,000,N,000,000,N,000,000,N,False,AAG,000,000,N,AAG,1,2,000,000,N,POL,0,20,-2,18,22
482,GAA,GAG,0,2,0,GAG,0,2,-2,Optimised-sequences_POL.csv,000,000,N,000,000,N,000,000,N,False,GAG,000,000,N,GAG,1,2,000,000,N,POL,0,20,-2,18,22
483,CGA,AGA,0,2,0,AGA,0,2,-2,Optimised-sequences_POL.csv,000,000,N,000,000,N,000,000,N,False,AGA,000,000,N,AGA,1,2,000,000,N,POL,0,20,-2,18,22
484,GTA,GTC,0,2,0,GTC,0,2,-2,Optimised-sequences_POL.csv,000,000,N,000,000,N,000,000,N,False,GTC,000,000,N,GTC,1,2,000,000,N,POL,0,20,-2,18,22
485,ATC,ATC,1,3,0,ATC,1,3,-3,Optimised-sequences_POL.csv,000,000,N,000,000,N,000,000,N,False,ATC,000,000,N,ATC,1,3,000,000,N,POL,0,20,-3,17,23
486,AAA,AAG,0,2,0,AAG,0,2,-2,Optimised-sequences_POL.csv,000,000,N,000,000,N,000,000,N,False,AAG,000,000,N,AAG,1,2,000,000,N,POL,0,20,-2,18,22
487,ACT,ACA,0,2,0,ACA,0,2,-2,Optimised-sequences_POL.csv,000,000,N,000,000,N,000,000,N,False,ACA,000,000,N,ACA,1,2,000,000,N,POL,0,20,-2,18,22
488,CCA,CCC,0,2,0,CCC,0,2,-2,Optimised-sequences_POL.csv,000,000,N,000,000,N,000,000,N,False,CCC,000,000,N,CCC,1,2,000,000,N,POL,0,20,-2,18,22
489,TAT,TAC,0,2,0,TAC,0,2,-2,Optimised-sequences_POL.csv,000,000,N,000,000,N,000,000,N,False,TAC,000,000,N,TAC,1,2,000,000,N,POL,0,20,-2,18,22
490,CAA,CAG,0,2,0,CAG,0,2,-2,Optimised-sequences_POL.csv,000,000,N,000,000,N,000,000,N,False,CAG,000,000,N,CAG,1,2,000,000,N,POL,0,20,-2,18,22
491,TCG,TCT,0,2,0,TCT,0,2,-2,Optimised-sequences_POL.csv,001,001,N,001,001,N,000,000,N,False,TCT,001,001,N,TCT,1,2,001,001,N,POL,0,20,-2,18,22
492,GCT,GCT,1,3,0,GCT,1,3,-3,Optimised-sequences_POL.csv,000,000,N,000,000,N,000,000,N,False,GCT,000,000,N,GCT,1,3,000,000,N,POL,0,20,-3,17,23
493,CAA,CAG,0,2,0,CAG,0,2,-2,Optimised-sequences_POL.csv,000,000,N,000,000,N,000,000,N,False,CAG,000,000,N,CAG,1,2,000,000,N,POL,0,20,-2,18,22
494,AGA,AGA,1,3,1,CGA,0,2,-2,Optimised-sequences_POL.csv,000,000,N,000,000,N,000,000,N,False,CGA,000,000,N,CGA,0,2,000,000,N,POL,0,20,-2,18,23
495,GCA,GCA,1,3,1,GCG,0,2,-2,Optimised-sequences_POL.csv,000,000,N,000,000,N,000,000,N,False,GCG,000,000,N,GCG,0,2,000,000,N,POL,0,20,-2,18,23
496,GAG,GAG,1,3,1,GAA,0,2,-2,Optimised-sequences_POL.csv,000,000,N,000,000,N,000,000,N,False,GAA,000,000,N,GAA,0,2,000,000,N,POL,0,20,-2,18,23
497,TTG,CTG,0,2,0,CTG,0,2,-2,Optimised-sequences_POL.csv,010,010,N,010,010,N,010,010,N,False,CTG,010,010,N,CTG,1,2,010,010,N,POL,0,20,-2,18,22
498,GTT,GTA,0,2,0,GTA,0,2,-2,Optimised-sequences_POL.csv,000,000,N,000,000,N,001,001,N,False,GTA,000,000,N,GTA,1,2,000,000,N,POL,0,20,-2,18,22
499,GCA,GCC,0,2,0,GCC,0,2,-2,Optimised-sequences_POL.csv,000,000,N,000,000,N,000,000,N,False,GCC,000,000,N,GCC,1,2,000,000,N,POL,0,20,-2,18,22
500,GTC,GTG,0,2,0,GTG,0,2,-2,Optimised-sequences_POL.csv,010,010,N,010,010,N,000,000,N,False,GTG,010,010,N,GTG,1,2,010,010,N,POL,0,20,-2,18,22
501,ATT,ATC,0,2,0,ATC,0,2,-2,Optimised-sequences_POL.csv,000,000,N,000,000,N,000,000,N,False,ATC,000,000,N,ATC,1,2,000,000,N,POL,0,20,-2,18,22
502,ACA,ACC,0,2,0,ACC,0,2,-2,Optimised-sequences_POL.csv,000,000,N,000,000,N,000,000,N,False,ACC,000,000,N,ACC,1,2,000,000,N,POL,0,20,-2,18,22
503,GTG,GTG,1,3,0,GTG,1,3,-3,Optimised-sequences_POL.csv,010,010,N,010,010,N,010,010,N,False,GTG,010,010,N,GTG,1,3,010,010,N,POL,0,20,-3,17,23
504,TTA,CTG,0,1,0,CTG,0,1,-1,Optimised-sequences_POL.csv,010,010,N,010,010,N,000,000,N,False,CTG,010,010,N,CTG,1,1,010,010,N,POL,0,20,-1,19,21
505,CAA,CAG,0,2,0,CAG,0,2,-2,Optimised-sequences_POL.csv,000,000,N,000,000,N,000,000,N,False,CAG,000,000,N,CAG,1,2,000,000,N,POL,0,20,-2,18,22
506,GAT,GAC,0,2,0,GAC,0,2,-2,Optimised-sequences_POL.csv,000,000,N,000,000,N,000,000,N,False,GAC,000,000,N,GAC,1,2,000,000,N,POL,0,20,-2,18,22
507,TTT,TTC,0,2,0,TTC,0,2,-2,Optimised-sequences_POL.csv,000,000,N,000,000,N,001,001,N,False,TTC,000,000,N,TTC,1,2,000,000,N,POL,0,20,-2,18,22
508,GAC,GAC,1,3,0,GAC,1,3,-3,Optimised-sequences_POL.csv,000,000,N,000,000,N,000,000,N,False,GAC,000,000,N,GAC,1,3,000,000,N,POL,0,20,-3,17,23
509,CAA,CAG,0,2,0,CAG,0,2,-2,Optimised-sequences_POL.csv,000,000,N,000,000,N,000,000,N,False,CAG,000,000,N,CAG,1,2,000,000,N,POL,0,20,-2,18,22
510,CCT,CCT,1,3,1,CCG,0,2,-2,Optimised-sequences_POL.csv,000,000,N,000,000,N,000,000,N,False,CCG,000,000,N,CCG,0,2,000,000,N,POL,0,20,-2,18,23
511,ATC,ATC,1,3,1,ATT,0,2,-2,Optimised-sequences_POL.csv,000,000,N,000,000,N,000,000,N,False,ATT,000,000,N,ATT,0,2,000,000,N,POL,0,20,-2,18,23
512,AAT,AAC,0,2,0,AAC,0,2,-2,Optimised-sequences_POL.csv,000,000,N,000,000,N,000,000,N,False,AAC,000,000,N,AAC,1,2,000,000,N,POL,0,20,-2,18,22
513,ATT,ATC,0,2,0,ATC,0,2,-2,Optimised-sequences_POL.csv,000,000,N,000,000,N,000,000,N,False,ATC,000,000,N,ATC,1,2,000,000,N,POL,0,20,-2,18,22
514,ATA,ATC,0,2,0,ATC,0,2,-2,Optimised-sequences_POL.csv,000,000,N,000,000,N,000,000,N,False,ATC,000,000,N,ATC,1,2,000,000,N,POL,0,20,-2,18,22
515,TCA,TCT,0,2,0,TCT,0,2,-2,Optimised-sequences_POL.csv,001,001,N,001,001,N,000,000,N,False,TCT,001,001,N,TCT,1,2,001,001,N,POL,0,20,-2,18,22
516,GAT,GAC,0,2,0,GAC,0,2,-2,Optimised-sequences_POL.csv,000,000,N,000,000,N,000,000,N,False,GAC,000,000,N,GAC,1,2,000,000,N,POL,0,20,-2,18,22
517,TCT,AGC,0,0,0,AGC,0,0,0,Optimised-sequences_POL.csv,000,000,N,000,000,N,001,001,N,False,AGC,000,000,N,AGC,1,0,000,000,N,POL,0,20,0,20,20
518,GCA,GCC,0,2,0,GCC,0,2,-2,Optimised-sequences_POL.csv,000,000,N,000,000,N,000,000,N,False,GCC,000,000,N,GCC,1,2,000,000,N,POL,0,20,-2,18,22
519,TAT,TAC,0,2,0,TAC,0,2,-2,Optimised-sequences_POL.csv,000,000,N,000,000,N,001,001,N,False,TAC,000,000,N,TAC,1,2,000,000,N,POL,0,20,-2,18,22
520,GTA,GTC,0,2,0,GTC,0,2,-2,Optimised-sequences_POL.csv,000,000,N,000,000,N,000,000,N,False,GTC,000,000,N,GTC,1,2,000,000,N,POL,0,20,-2,18,22
521,GTA,GTG,0,2,0,GTG,0,2,-2,Optimised-sequences_POL.csv,010,010,N,010,010,N,000,000,N,False,GTG,010,010,N,GTG,1,2,010,010,N,POL,0,20,-2,18,22
522,CAG,CAG,1,3,0,CAG,1,3,-3,Optimised-sequences_POL.csv,000,000,N,000,000,N,000,000,N,False,CAG,000,000,N,CAG,1,3,000,000,N,POL,0,20,-3,17,23
523,GCT,GCC,0,2,0,GCC,0,2,-2,Optimised-sequences_POL.csv,000,000,N,000,000,N,000,000,N,False,GCC,000,000,N,GCC,1,2,000,000,N,POL,0,20,-2,18,22
524,ACA,ACA,1,3,0,ACA,1,3,-3,Optimised-sequences_POL.csv,000,000,N,000,000,N,000,000,N,False,ACA,000,000,N,ACA,1,3,000,000,N,POL,0,20,-3,17,23
525,AGG,AGA,0,2,0,AGA,0,2,-2,Optimised-sequences_POL.csv,000,000,N,000,000,N,000,000,N,False,AGA,000,000,N,AGA,1,2,000,000,N,POL,0,20,-2,18,22
526,GAT,GAC,0,2,0,GAC,0,2,-2,Optimised-sequences_POL.csv,000,000,N,000,000,N,001,001,N,False,GAC,000,000,N,GAC,1,2,000,000,N,POL,0,20,-2,18,22
527,GTT,GTG,0,2,0,GTG,0,2,-2,Optimised-sequences_POL.csv,010,010,N,010,010,N,001,001,N,False,GTG,010,010,N,GTG,1,2,010,010,N,POL,0,20,-2,18,22
528,GAG,GAA,0,2,0,GAA,0,2,-2,Optimised-sequences_POL.csv,000,000,N,000,000,N,000,000,N,False,GAA,000,000,N,GAA,1,2,000,000,N,POL,0,20,-2,18,22
529,ACA,ACA,1,3,0,ACA,1,3,-3,Optimised-sequences_POL.csv,000,000,N,000,000,N,000,000,N,False,ACA,000,000,N,ACA,1,3,000,000,N,POL,0,20,-3,17,23
530,GCT,GCC,0,2,0,GCC,0,2,-2,Optimised-sequences_POL.csv,000,000,N,000,000,N,000,000,N,False,GCC,000,000,N,GCC,1,2,000,000,N,POL,0,20,-2,18,22
531,CTA,TTG,0,1,0,TTG,0,1,-1,Optimised-sequences_POL.csv,010,010,N,010,010,N,000,000,N,False,TTG,010,010,N,TTG,1,1,010,010,N,POL,0,20,-1,19,21
532,ATT,ATC,0,2,0,ATC,0,2,-2,Optimised-sequences_POL.csv,000,000,N,000,000,N,000,000,N,False,ATC,000,000,N,ATC,1,2,000,000,N,POL,0,20,-2,18,22
533,AAA,AAG,0,2,0,AAG,0,2,-2,Optimised-sequences_POL.csv,000,000,N,000,000,N,000,000,N,False,AAG,000,000,N,AAG,1,2,000,000,N,POL,0,20,-2,18,22
534,TAT,TAC,0,2,0,TAC,0,2,-2,Optimised-sequences_POL.csv,000,000,N,000,000,N,000,000,N,False,TAC,000,000,N,TAC,1,2,000,000,N,POL,0,20,-2,18,22
535,AGC,AGC,1,3,1,TCT,0,0,0,Optimised-sequences_POL.csv,000,000,N,000,000,N,000,000,N,False,TCT,000,000,N,TCT,0,0,000,000,N,POL,0,20,0,20,23
536,ATG,ATG,1,3,1,ATG,1,3,-3,Optimised-sequences_POL.csv,010,010,N,010,010,N,010,010,N,False,ATG,010,010,N,ATG,1,3,010,010,N,POL,0,20,-3,17,23
537,GAT,GAC,0,2,0,GAC,0,2,-2,Optimised-sequences_POL.csv,000,000,N,000,000,N,001,001,N,False,GAC,000,000,N,GAC,1,2,000,000,N,POL,0,20,-2,18,22
538,GAT,GAT,1,3,1,GAC,0,2,-2,Optimised-sequences_POL.csv,000,000,N,000,000,N,000,000,N,False,GAC,000,000,N,GAC,0,2,000,000,N,POL,0,20,-2,18,23
539,CAG,CAG,1,3,1,CAA,0,2,-2,Optimised-sequences_POL.csv,000,000,N,000,000,N,000,000,N,False,CAA,000,000,N,CAA,0,2,000,000,N,POL,0,20,-2,18,23
540,TTA,CTG,0,1,0,CTG,0,1,-1,Optimised-sequences_POL.csv,010,010,N,010,010,N,000,000,N,False,CTG,010,010,N,CTG,1,1,010,010,N,POL,0,20,-1,19,21
541,AAC,AAC,1,3,1,AAT,0,2,-2,Optimised-sequences_POL.csv,000,000,N,000,000,N,000,000,N,False,AAT,000,000,N,AAT,0,2,000,000,N,POL,0,20,-2,18,23
542,CAG,CAG,1,3,1,CAA,0,2,-2,Optimised-sequences_POL.csv,000,000,N,000,000,N,000,000,N,False,CAA,000,000,N,CAA,0,2,000,000,N,POL,0,20,-2,18,23
543,CTA,CTG,0,2,0,CTG,0,2,-2,Optimised-sequences_POL.csv,010,010,N,010,010,N,000,000,N,False,CTG,010,010,N,CTG,1,2,010,010,N,POL,0,20,-2,18,22
544,TTC,TTT,0,2,0,TTT,0,2,-2,Optimised-sequences_POL.csv,000,000,N,000,000,N,000,000,N,False,TTT,000,000,N,TTT,1,2,000,000,N,POL,0,20,-2,18,22
545,AAT,AAC,0,2,0,AAC,0,2,-2,Optimised-sequences_POL.csv,000,000,N,000,000,N,000,000,N,False,AAC,000,000,N,AAC,1,2,000,000,N,POL,0,20,-2,18,22
546,TTA,CTG,0,1,0,CTG,0,1,-1,Optimised-sequences_POL.csv,010,010,N,010,010,N,000,000,N,False,CTG,010,010,N,CTG,1,1,010,010,N,POL,0,20,-1,19,21
547,TTA,TTG,0,2,0,TTG,0,2,-2,Optimised-sequences_POL.csv,010,010,N,010,010,N,000,000,N,False,TTG,010,010,N,TTG,1,2,010,010,N,POL,0,20,-2,18,22
548,CAA,CAG,0,2,0,CAG,0,2,-2,Optimised-sequences_POL.csv,000,000,N,000,000,N,000,000,N,False,CAG,000,000,N,CAG,1,2,000,000,N,POL,0,20,-2,18,22
549,CAA,CAG,0,2,0,CAG,0,2,-2,Optimised-sequences_POL.csv,000,000,N,000,000,N,000,000,N,False,CAG,000,000,N,CAG,1,2,000,000,N,POL,0,20,-2,18,22
550,ACT,ACC,0,2,0,ACC,0,2,-2,Optimised-sequences_POL.csv,000,000,N,000,000,N,001,001,N,False,ACC,000,000,N,ACC,1,2,000,000,N,POL,0,20,-2,18,22
551,GTA,GTG,0,2,0,GTG,0,2,-2,Optimised-sequences_POL.csv,010,010,N,010,010,N,000,000,N,False,GTG,010,010,N,GTG,1,2,010,010,N,POL,0,20,-2,18,22
552,AGA,CGG,0,1,0,CGG,0,1,-1,Optimised-sequences_POL.csv,000,000,N,000,000,N,000,000,N,False,CGG,000,000,N,CGG,1,1,000,000,N,POL,0,20,-1,19,21
553,AAA,AAG,0,2,0,AAG,0,2,-2,Optimised-sequences_POL.csv,000,000,N,000,000,N,000,000,N,False,AAG,000,000,N,AAG,1,2,000,000,N,POL,0,20,-2,18,22
554,AGA,AGA,1,3,0,AGA,1,3,-3,Optimised-sequences_POL.csv,000,000,N,000,000,N,000,000,N,False,AGA,000,000,N,AGA,1,3,000,000,N,POL,0,20,-3,17,23
555,AAT,AAC,0,2,0,AAC,0,2,-2,Optimised-sequences_POL.csv,000,000,N,000,000,N,000,000,N,False,AAC,000,000,N,AAC,1,2,000,000,N,POL,0,20,-2,18,22
556,TTC,TTC,1,3,0,TTC,1,3,-3,Optimised-sequences_POL.csv,000,000,N,000,000,N,000,000,N,False,TTC,000,000,N,TTC,1,3,000,000,N,POL,0,20,-3,17,23
557,CCA,CCC,0,2,0,CCC,0,2,-2,Optimised-sequences_POL.csv,000,000,N,000,000,N,000,000,N,False,CCC,000,000,N,CCC,1,2,000,000,N,POL,0,20,-2,18,22
558,TTT,TTT,1,3,0,TTT,1,3,-3,Optimised-sequences_POL.csv,000,000,N,000,000,N,000,000,N,False,TTT,000,000,N,TTT,1,3,000,000,N,POL,0,20,-3,17,23
559,TAT,TAC,0,2,0,TAC,0,2,-2,Optimised-sequences_POL.csv,000,000,N,000,000,N,000,000,N,False,TAC,000,000,N,TAC,1,2,000,000,N,POL,0,20,-2,18,22
560,ATT,ATC,0,2,0,ATC,0,2,-2,Optimised-sequences_POL.csv,000,000,N,000,000,N,000,000,N,False,ATC,000,000,N,ATC,1,2,000,000,N,POL,0,20,-2,18,22
561,ACT,ACC,0,2,0,ACC,0,2,-2,Optimised-sequences_POL.csv,000,000,N,000,000,N,000,000,N,False,ACC,000,000,N,ACC,1,2,000,000,N,POL,0,20,-2,18,22
562,CAT,CAC,0,2,0,CAC,0,2,-2,Optimised-sequences_POL.csv,000,000,N,000,000,N,000,000,N,False,CAC,000,000,N,CAC,1,2,000,000,N,POL,0,20,-2,18,22
563,ATT,ATC,0,2,0,ATC,0,2,-2,Optimised-sequences_POL.csv,000,000,N,000,000,N,000,000,N,False,ATC,000,000,N,ATC,1,2,000,000,N,POL,0,20,-2,18,22
564,CGA,CGG,0,2,0,CGG,0,2,-2,Optimised-sequences_POL.csv,000,000,N,000,000,N,000,000,N,False,CGG,000,000,N,CGG,1,2,000,000,N,POL,0,20,-2,18,22
565,GCA,GCC,0,2,0,GCC,0,2,-2,Optimised-sequences_POL.csv,000,000,N,000,000,N,000,000,N,False,GCC,000,000,N,GCC,1,2,000,000,N,POL,0,20,-2,18,22
566,CAC,CAC,1,3,0,CAC,1,3,-3,Optimised-sequences_POL.csv,000,000,N,000,000,N,000,000,N,False,CAC,000,000,N,CAC,1,3,000,000,N,POL,0,20,-3,17,23
567,ACT,ACC,0,2,0,ACC,0,2,-2,Optimised-sequences_POL.csv,000,000,N,000,000,N,000,000,N,False,ACC,000,000,N,ACC,1,2,000,000,N,POL,0,20,-2,18,22
568,AAT,AAC,0,2,0,AAC,0,2,-2,Optimised-sequences_POL.csv,000,000,N,000,000,N,000,000,N,False,AAC,000,000,N,AAC,1,2,000,000,N,POL,0,20,-2,18,22
569,TTA,CTG,0,1,0,CTG,0,1,-1,Optimised-sequences_POL.csv,010,010,N,010,010,N,000,000,N,False,CTG,010,010,N,CTG,1,1,010,010,N,POL,0,20,-1,19,21
570,CCA,CCT,0,2,0,CCT,0,2,-2,Optimised-sequences_POL.csv,001,001,N,001,001,N,000,000,N,False,CCT,001,001,N,CCT,1,2,001,001,N,POL,0,20,-2,18,22
571,GGG,GGC,0,2,0,GGC,0,2,-2,Optimised-sequences_POL.csv,000,000,N,000,000,N,000,000,N,False,GGC,000,000,N,GGC,1,2,000,000,N,POL,0,20,-2,18,22
572,CCT,CCT,1,3,0,CCT,1,3,-3,Optimised-sequences_POL.csv,000,000,N,000,000,N,000,000,N,False,CCT,000,000,N,CCT,1,3,000,000,N,POL,0,20,-3,17,23
573,TTG,CTG,0,2,0,CTG,0,2,-2,Optimised-sequences_POL.csv,010,010,N,010,010,N,010,010,N,False,CTG,010,010,N,CTG,1,2,010,010,N,POL,0,20,-2,18,22
574,ACT,ACG,0,2,0,ACG,0,2,-2,Optimised-sequences_POL.csv,000,000,N,000,000,N,000,000,N,False,ACG,000,000,N,ACG,1,2,000,000,N,POL,0,20,-2,18,22
575,AAA,AAG,0,2,0,AAG,0,2,-2,Optimised-sequences_POL.csv,000,000,N,000,000,N,000,000,N,False,AAG,000,000,N,AAG,1,2,000,000,N,POL,0,20,-2,18,22
576,GCA,GCC,0,2,0,GCC,0,2,-2,Optimised-sequences_POL.csv,000,000,N,000,000,N,000,000,N,False,GCC,000,000,N,GCC,1,2,000,000,N,POL,0,20,-2,18,22
577,AAT,AAC,0,2,0,AAC,0,2,-2,Optimised-sequences_POL.csv,000,000,N,000,000,N,001,001,N,False,AAC,000,000,N,AAC,1,2,000,000,N,POL,0,20,-2,18,22
578,GAA,GAG,0,2,0,GAG,0,2,-2,Optimised-sequences_POL.csv,000,000,N,000,000,N,000,000,N,False,GAG,000,000,N,GAG,1,2,000,000,N,POL,0,20,-2,18,22
579,CAA,CAG,0,2,0,CAG,0,2,-2,Optimised-sequences_POL.csv,000,000,N,000,000,N,000,000,N,False,CAG,000,000,N,CAG,1,2,000,000,N,POL,0,20,-2,18,22
580,GCT,GCC,0,2,0,GCC,0,2,-2,Optimised-sequences_POL.csv,000,000,N,000,000,N,001,001,N,False,GCC,000,000,N,GCC,1,2,000,000,N,POL,0,20,-2,18,22
581,GAC,GAC,1,3,0,GAC,1,3,-3,Optimised-sequences_POL.csv,000,000,N,000,000,N,000,000,N,False,GAC,000,000,N,GAC,1,3,000,000,N,POL,0,20,-3,17,23
582,TTA,CTG,0,1,0,CTG,0,1,-1,Optimised-sequences_POL.csv,010,010,N,010,010,N,000,000,N,False,CTG,010,010,N,CTG,1,1,010,010,N,POL,0,20,-1,19,21
583,CTG,CTG,1,3,0,CTG,1,3,-3,Optimised-sequences_POL.csv,010,010,N,010,010,N,010,010,N,False,CTG,010,010,N,CTG,1,3,010,010,N,POL,0,20,-3,17,23
584,GTA,GTT,0,2,0,GTT,0,2,-2,Optimised-sequences_POL.csv,000,000,N,000,000,N,000,000,N,False,GTT,000,000,N,GTT,1,2,000,000,N,POL,0,20,-2,18,22
585,TCA,TCC,0,2,0,TCC,0,2,-2,Optimised-sequences_POL.csv,000,000,N,000,000,N,000,000,N,False,TCC,000,000,N,TCC,1,2,000,000,N,POL,0,20,-2,18,22
586,TCT,TCC,0,2,0,TCC,0,2,-2,Optimised-sequences_POL.csv,000,000,N,000,000,N,001,001,N,False,TCC,000,000,N,TCC,1,2,000,000,N,POL,0,20,-2,18,22
587,GCA,GCT,0,2,0,GCT,0,2,-2,Optimised-sequences_POL.csv,000,000,N,000,000,N,000,000,N,False,GCT,000,000,N,GCT,1,2,000,000,N,POL,0,20,-2,18,22
588,CTC,CTG,0,2,0,CTG,0,2,-2,Optimised-sequences_POL.csv,010,010,N,010,010,N,000,000,N,False,CTG,010,010,N,CTG,1,2,010,010,N,POL,0,20,-2,18,22
589,ATA,ATC,0,2,0,ATC,0,2,-2,Optimised-sequences_POL.csv,000,000,N,000,000,N,000,000,N,False,ATC,000,000,N,ATC,1,2,000,000,N,POL,0,20,-2,18,22
590,AAA,AAG,0,2,0,AAG,0,2,-2,Optimised-sequences_POL.csv,000,000,N,000,000,N,000,000,N,False,AAG,000,000,N,AAG,1,2,000,000,N,POL,0,20,-2,18,22
591,GCA,GCC,0,2,0,GCC,0,2,-2,Optimised-sequences_POL.csv,000,000,N,000,000,N,000,000,N,False,GCC,000,000,N,GCC,1,2,000,000,N,POL,0,20,-2,18,22
592,CAA,CAA,1,3,0,CAA,1,3,-3,Optimised-sequences_POL.csv,000,000,N,000,000,N,000,000,N,False,CAA,000,000,N,CAA,1,3,000,000,N,POL,0,20,-3,17,23
593,GAA,GAG,0,2,0,GAG,0,2,-2,Optimised-sequences_POL.csv,000,000,N,000,000,N,000,000,N,False,GAG,000,000,N,GAG,1,2,000,000,N,POL,0,20,-2,18,22
594,CTT,CTG,0,2,0,CTG,0,2,-2,Optimised-sequences_POL.csv,010,010,N,010,010,N,000,000,N,False,CTG,010,010,N,CTG,1,2,010,010,N,POL,0,20,-2,18,22
595,CAT,CAC,0,2,0,CAC,0,2,-2,Optimised-sequences_POL.csv,000,000,N,000,000,N,001,001,N,False,CAC,000,000,N,CAC,1,2,000,000,N,POL,0,20,-2,18,22
596,GCT,GCC,0,2,0,GCC,0,2,-2,Optimised-sequences_POL.csv,000,000,N,000,000,N,000,000,N,False,GCC,000,000,N,GCC,1,2,000,000,N,POL,0,20,-2,18,22
597,TTG,CTG,0,2,0,CTG,0,2,-2,Optimised-sequences_POL.csv,010,010,N,010,010,N,010,010,N,False,CTG,010,010,N,CTG,1,2,010,010,N,POL,0,20,-2,18,22
598,ACT,ACC,0,2,0,ACC,0,2,-2,Optimised-sequences_POL.csv,000,000,N,000,000,N,000,000,N,False,ACC,000,000,N,ACC,1,2,000,000,N,POL,0,20,-2,18,22
599,CAT,CAC,0,2,0,CAC,0,2,-2,Optimised-sequences_POL.csv,000,000,N,000,000,N,001,001,N,False,CAC,000,000,N,CAC,1,2,000,000,N,POL,0,20,-2,18,22
600,GTA,GTG,0,2,0,GTG,0,2,-2,Optimised-sequences_POL.csv,010,010,N,010,010,N,000,000,N,False,GTG,010,010,N,GTG,1,2,010,010,N,POL,0,20,-2,18,22
601,AAT,AAC,0,2,0,AAC,0,2,-2,Optimised-sequences_POL.csv,000,000,N,000,000,N,001,001,N,False,AAC,000,000,N,AAC,1,2,000,000,N,POL,0,20,-2,18,22
602,GCA,GCC,0,2,0,GCC,0,2,-2,Optimised-sequences_POL.csv,000,000,N,000,000,N,000,000,N,False,GCC,000,000,N,GCC,1,2,000,000,N,POL,0,20,-2,18,22
603,GCA,GCT,0,2,0,GCT,0,2,-2,Optimised-sequences_POL.csv,001,001,N,001,001,N,000,000,N,False,GCT,001,001,N,GCT,1,2,001,001,N,POL,0,20,-2,18,22
604,GGA,GGC,0,2,0,GGC,0,2,-2,Optimised-sequences_POL.csv,000,000,N,000,000,N,000,000,N,False,GGC,000,000,N,GGC,1,2,000,000,N,POL,0,20,-2,18,22
605,TTA,CTG,0,1,0,CTG,0,1,-1,Optimised-sequences_POL.csv,010,010,N,010,010,N,000,000,N,False,CTG,010,010,N,CTG,1,1,010,010,N,POL,0,20,-1,19,21
606,AAA,AAG,0,2,0,AAG,0,2,-2,Optimised-sequences_POL.csv,000,000,N,000,000,N,000,000,N,False,AAG,000,000,N,AAG,1,2,000,000,N,POL,0,20,-2,18,22
607,AAC,AAC,1,3,0,AAC,1,3,-3,Optimised-sequences_POL.csv,000,000,N,000,000,N,000,000,N,False,AAC,000,000,N,AAC,1,3,000,000,N,POL,0,20,-3,17,23
608,AAA,AAG,0,2,0,AAG,0,2,-2,Optimised-sequences_POL.csv,000,000,N,000,000,N,000,000,N,False,AAG,000,000,N,AAG,1,2,000,000,N,POL,0,20,-2,18,22
609,TTT,TTT,1,3,0,TTT,1,3,-3,Optimised-sequences_POL.csv,001,001,N,001,001,N,001,001,N,False,TTT,001,001,N,TTT,1,3,001,001,N,POL,0,20,-3,17,23
610,GAT,GAC,0,2,0,GAC,0,2,-2,Optimised-sequences_POL.csv,000,000,N,000,000,N,001,001,N,False,GAC,000,000,N,GAC,1,2,000,000,N,POL,0,20,-2,18,22
611,GTC,GTG,0,2,0,GTG,0,2,-2,Optimised-sequences_POL.csv,010,010,N,010,010,N,000,000,N,False,GTG,010,010,N,GTG,1,2,010,010,N,POL,0,20,-2,18,22
612,ACA,ACA,1,3,1,ACT,0,2,-2,Optimised-sequences_POL.csv,000,000,N,000,000,N,000,000,N,False,ACT,000,000,N,ACT,0,2,000,000,N,POL,0,20,-2,18,23
613,TGG,TGG,1,3,1,TGG,1,3,-3,Optimised-sequences_POL.csv,100,100,N,100,100,N,100,100,N,False,TGG,100,100,N,TGG,1,3,100,100,N,POL,0,20,-3,17,23
614,AAA,AAG,0,2,0,AAG,0,2,-2,Optimised-sequences_POL.csv,000,000,N,000,000,N,000,000,N,False,AAG,000,000,N,AAG,1,2,000,000,N,POL,0,20,-2,18,22
615,CAG,CAA,0,2,0,CAA,0,2,-2,Optimised-sequences_POL.csv,000,000,N,000,000,N,000,000,N,False,CAA,000,000,N,CAA,1,2,000,000,N,POL,0,20,-2,18,22
616,GCA,GCT,0,2,0,GCT,0,2,-2,Optimised-sequences_POL.csv,000,000,N,000,000,N,000,000,N,False,GCT,000,000,N,GCT,1,2,000,000,N,POL,0,20,-2,18,22
617,AAA,AAA,1,3,0,AAA,1,3,-3,Optimised-sequences_POL.csv,000,000,N,000,000,N,000,000,N,False,AAA,000,000,N,AAA,1,3,000,000,N,POL,0,20,-3,17,23
618,GAT,GAC,0,2,0,GAC,0,2,-2,Optimised-sequences_POL.csv,000,000,N,000,000,N,000,000,N,False,GAC,000,000,N,GAC,1,2,000,000,N,POL,0,20,-2,18,22
619,ATT,ATC,0,2,0,ATC,0,2,-2,Optimised-sequences_POL.csv,000,000,N,000,000,N,001,001,N,False,ATC,000,000,N,ATC,1,2,000,000,N,POL,0,20,-2,18,22
620,GTA,GTG,0,2,0,GTG,0,2,-2,Optimised-sequences_POL.csv,010,010,N,010,010,N,000,000,N,False,GTG,010,010,N,GTG,1,2,010,010,N,POL,0,20,-2,18,22
621,CAA,CAG,0,2,0,CAG,0,2,-2,Optimised-sequences_POL.csv,000,000,N,000,000,N,000,000,N,False,CAG,000,000,N,CAG,1,2,000,000,N,POL,0,20,-2,18,22
622,CAT,CAC,0,2,0,CAC,0,2,-2,Optimised-sequences_POL.csv,000,000,N,000,000,N,000,000,N,False,CAC,000,000,N,CAC,1,2,000,000,N,POL,0,20,-2,18,22
623,TGC,TGC,1,3,0,TGC,1,3,-3,Optimised-sequences_POL.csv,100,100,N,100,100,N,100,100,N,False,TGC,100,100,N,TGC,1,3,100,100,N,POL,0,20,-3,17,23
624,ACC,ACA,0,2,0,ACA,0,2,-2,Optimised-sequences_POL.csv,000,000,N,000,000,N,000,000,N,False,ACA,000,000,N,ACA,1,2,000,000,N,POL,0,20,-2,18,22
625,CAG,CAG,1,3,0,CAG,1,3,-3,Optimised-sequences_POL.csv,000,000,N,000,000,N,000,000,N,False,CAG,000,000,N,CAG,1,3,000,000,N,POL,0,20,-3,17,23
626,TGT,TGC,0,2,0,TGC,0,2,-2,Optimised-sequences_POL.csv,100,100,N,100,100,N,100,100,N,False,TGC,100,100,N,TGC,1,2,100,100,N,POL,0,20,-2,18,22
627,CAA,CAG,0,2,0,CAG,0,2,-2,Optimised-sequences_POL.csv,000,000,N,000,000,N,000,000,N,False,CAG,000,000,N,CAG,1,2,000,000,N,POL,0,20,-2,18,22
628,GTC,GTG,0,2,0,GTG,0,2,-2,Optimised-sequences_POL.csv,010,010,N,010,010,N,000,000,N,False,GTG,010,010,N,GTG,1,2,010,010,N,POL,0,20,-2,18,22
629,TTA,CTG,0,1,0,CTG,0,1,-1,Optimised-sequences_POL.csv,010,010,N,010,010,N,000,000,N,False,CTG,010,010,N,CTG,1,1,010,010,N,POL,0,20,-1,19,21
630,CAC,CAC,1,3,1,CAT,0,2,-2,Optimised-sequences_POL.csv,000,000,N,000,000,N,000,000,N,False,CAT,000,000,N,CAT,0,2,000,000,N,POL,0,20,-2,18,23
631,CTG,CTG,1,3,1,CTA,0,2,-2,Optimised-sequences_POL.csv,010,010,N,000,000,N,010,010,N,False,CTA,000,000,N,CTA,0,2,000,000,N,POL,0,20,-2,18,23
632,CCC,CCC,1,3,1,CCA,0,2,-2,Optimised-sequences_POL.csv,000,000,N,000,000,N,000,000,N,False,CCA,000,000,N,CCA,0,2,000,000,N,POL,0,20,-2,18,23
633,ACT,ACA,0,2,0,ACA,0,2,-2,Optimised-sequences_POL.csv,000,000,N,000,000,N,000,000,N,False,ACA,000,000,N,ACA,1,2,000,000,N,POL,0,20,-2,18,22
634,CAA,CAG,0,2,0,CAG,0,2,-2,Optimised-sequences_POL.csv,000,000,N,000,000,N,000,000,N,False,CAG,000,000,N,CAG,1,2,000,000,N,POL,0,20,-2,18,22
635,GAG,GAG,1,3,0,GAG,1,3,-3,Optimised-sequences_POL.csv,000,000,N,000,000,N,000,000,N,False,GAG,000,000,N,GAG,1,3,000,000,N,POL,0,20,-3,17,23
636,GCA,GCC,0,2,0,GCC,0,2,-2,Optimised-sequences_POL.csv,000,000,N,000,000,N,000,000,N,False,GCC,000,000,N,GCC,1,2,000,000,N,POL,0,20,-2,18,22
637,GGA,GGA,1,3,0,GGA,1,3,-3,Optimised-sequences_POL.csv,000,000,N,000,000,N,000,000,N,False,GGA,000,000,N,GGA,1,3,000,000,N,POL,0,20,-3,17,23
638,GTT,GTC,0,2,0,GTC,0,2,-2,Optimised-sequences_POL.csv,000,000,N,000,000,N,000,000,N,False,GTC,000,000,N,GTC,1,2,000,000,N,POL,0,20,-2,18,22
639,AAT,AAT,1,3,0,AAT,1,3,-3,Optimised-sequences_POL.csv,000,000,N,000,000,N,000,000,N,False,AAT,000,000,N,AAT,1,3,000,000,N,POL,0,20,-3,17,23
640,CCC,CCT,0,2,0,CCT,0,2,-2,Optimised-sequences_POL.csv,000,000,N,000,000,N,000,000,N,False,CCT,000,000,N,CCT,1,2,000,000,N,POL,0,20,-2,18,22
641,AGA,AGA,1,3,0,AGA,1,3,-3,Optimised-sequences_POL.csv,000,000,N,000,000,N,000,000,N,False,AGA,000,000,N,AGA,1,3,000,000,N,POL,0,20,-3,17,23
642,GGT,GGC,0,2,0,GGC,0,2,-2,Optimised-sequences_POL.csv,000,000,N,000,000,N,000,000,N,False,GGC,000,000,N,GGC,1,2,000,000,N,POL,0,20,-2,18,22
643,CTG,CTG,1,3,1,CTC,0,2,-2,Optimised-sequences_POL.csv,010,0RR,Y,000,000,N,010,0RR,Y,False,CTC,000,000,N,CTC,0,2,000,000,N,POL,0,20,-2,18,23
644,TGT,TGT,1,3,1,TGC,0,2,-2,Optimised-sequences_POL.csv,100,RR0,Y,100,100,N,100,RR0,Y,False,TGC,100,100,N,TGC,0,2,100,100,N,POL,0,20,-2,18,23
645,CCT,CCT,1,3,1,CCA,0,2,-2,Optimised-sequences_POL.csv,000,000,N,000,000,N,000,000,N,False,CCA,000,000,N,CCA,0,2,000,000,N,POL,0,20,-2,18,23
646,AAT,AAC,0,2,0,AAC,0,2,-2,Optimised-sequences_POL.csv,000,000,N,000,000,N,001,001,N,False,AAC,000,000,N,AAC,1,2,000,000,N,POL,0,20,-2,18,22
647,GCA,GCC,0,2,0,GCC,0,2,-2,Optimised-sequences_POL.csv,000,000,N,000,000,N,000,000,N,False,GCC,000,000,N,GCC,1,2,000,000,N,POL,0,20,-2,18,22
648,TTA,CTG,0,1,0,CTG,0,1,-1,Optimised-sequences_POL.csv,010,0RR,Y,010,0RR,Y,000,000,N,True,CTT,000,000,N,CTT,0,1,000,000,N,POL,0,20,-1,19,21
649,TGG,TGG,1,3,0,TGG,1,3,-3,Optimised-sequences_POL.csv,100,RR0,Y,100,RR0,Y,100,100,N,False,TGG,100,100,N,TGG,1,3,100,100,N,POL,0,20,-3,17,23
650,CAA,CAG,0,2,0,CAG,0,2,-2,Optimised-sequences_POL.csv,000,000,N,000,000,N,000,000,N,False,CAG,000,000,N,CAG,1,2,000,000,N,POL,0,20,-2,18,22
651,ATG,ATG,1,3,1,ATG,1,3,-3,Optimised-sequences_POL.csv,010,010,N,010,010,N,010,010,N,False,ATG,010,010,N,ATG,1,3,010,010,N,POL,0,20,-3,17,23
652,GAT,GAT,1,3,1,GAC,0,2,-2,Optimised-sequences_POL.csv,001,00R,Y,000,000,N,001,001,N,False,GAC,000,000,N,GAC,0,2,000,000,N,POL,0,20,-2,18,23
653,GTC,GTG,0,2,0,GTG,0,2,-2,Optimised-sequences_POL.csv,010,RRR,Y,010,010,N,000,000,N,False,GTG,010,010,N,GTG,1,2,010,010,N,POL,0,20,-2,18,22
654,ACG,ACC,0,2,0,ACC,0,2,-2,Optimised-sequences_POL.csv,000,000,N,000,000,N,000,000,N,False,ACC,000,000,N,ACC,1,2,000,000,N,POL,0,20,-2,18,22
655,CAT,CAC,0,2,0,CAC,0,2,-2,Optimised-sequences_POL.csv,000,000,N,000,000,N,001,001,N,False,CAC,000,000,N,CAC,1,2,000,000,N,POL,0,20,-2,18,22
656,GTA,GTT,0,2,0,GTT,0,2,-2,Optimised-sequences_POL.csv,000,000,N,000,000,N,000,000,N,False,GTT,000,000,N,GTT,1,2,000,000,N,POL,0,20,-2,18,22
657,CCT,CCA,0,2,0,CCA,0,2,-2,Optimised-sequences_POL.csv,000,000,N,000,000,N,000,000,N,False,CCA,000,000,N,CCA,1,2,000,000,N,POL,0,20,-2,18,22
658,TCA,AGC,0,0,0,AGC,0,0,0,Optimised-sequences_POL.csv,000,000,N,000,000,N,000,000,N,False,AGC,000,000,N,AGC,1,0,000,000,N,POL,0,20,0,20,20
659,TTT,TTC,0,2,0,TTC,0,2,-2,Optimised-sequences_POL.csv,000,000,N,000,000,N,001,001,N,False,TTC,000,000,N,TTC,1,2,000,000,N,POL,0,20,-2,18,22
660,GGA,GGC,0,2,0,GGC,0,2,-2,Optimised-sequences_POL.csv,000,000,N,000,000,N,000,000,N,False,GGC,000,000,N,GGC,1,2,000,000,N,POL,0,20,-2,18,22
661,AGA,AGA,1,3,0,AGA,1,3,-3,Optimised-sequences_POL.csv,000,000,N,000,000,N,000,000,N,False,AGA,000,000,N,AGA,1,3,000,000,N,POL,0,20,-3,17,23
662,TTA,CTG,0,1,0,CTG,0,1,-1,Optimised-sequences_POL.csv,010,010,N,010,010,N,000,000,N,False,CTG,010,010,N,CTG,1,1,010,010,N,POL,0,20,-1,19,21
663,TCA,TCT,0,2,0,TCT,0,2,-2,Optimised-sequences_POL.csv,000,000,N,000,000,N,000,000,N,False,TCT,000,000,N,TCT,1,2,000,000,N,POL,0,20,-2,18,22
664,TAT,TAC,0,2,0,TAC,0,2,-2,Optimised-sequences_POL.csv,000,000,N,000,000,N,001,001,N,False,TAC,000,000,N,TAC,1,2,000,000,N,POL,0,20,-2,18,22
665,GTT,GTG,0,2,0,GTG,0,2,-2,Optimised-sequences_POL.csv,010,010,N,010,010,N,000,000,N,False,GTG,010,010,N,GTG,1,2,010,010,N,POL,0,20,-2,18,22
666,CAT,CAC,0,2,0,CAC,0,2,-2,Optimised-sequences_POL.csv,000,000,N,000,000,N,001,001,N,False,CAC,000,000,N,CAC,1,2,000,000,N,POL,0,20,-2,18,22
667,GTA,GTG,0,2,0,GTG,0,2,-2,Optimised-sequences_POL.csv,010,010,N,010,010,N,000,000,N,False,GTG,010,010,N,GTG,1,2,010,010,N,POL,0,20,-2,18,22
668,ACA,ACC,0,2,0,ACC,0,2,-2,Optimised-sequences_POL.csv,000,000,N,000,000,N,000,000,N,False,ACC,000,000,N,ACC,1,2,000,000,N,POL,0,20,-2,18,22
669,GTT,GTG,0,2,0,GTG,0,2,-2,Optimised-sequences_POL.csv,010,010,N,010,010,N,001,001,N,False,GTG,010,010,N,GTG,1,2,010,010,N,POL,0,20,-2,18,22
670,GAT,GAC,0,2,0,GAC,0,2,-2,Optimised-sequences_POL.csv,000,000,N,000,000,N,000,000,N,False,GAC,000,000,N,GAC,1,2,000,000,N,POL,0,20,-2,18,22
671,ACT,ACC,0,2,0,ACC,0,2,-2,Optimised-sequences_POL.csv,000,000,N,000,000,N,000,000,N,False,ACC,000,000,N,ACC,1,2,000,000,N,POL,0,20,-2,18,22
672,TAT,TAC,0,2,0,TAC,0,2,-2,Optimised-sequences_POL.csv,000,000,N,000,000,N,000,000,N,False,TAC,000,000,N,TAC,1,2,000,000,N,POL,0,20,-2,18,22
673,TCA,AGC,0,0,0,AGC,0,0,0,Optimised-sequences_POL.csv,000,000,N,000,000,N,000,000,N,False,AGC,000,000,N,AGC,1,0,000,000,N,POL,0,20,0,20,20
674,CAT,CAT,1,3,1,CAC,0,2,-2,Optimised-sequences_POL.csv,000,000,N,000,000,N,000,000,N,False,CAC,000,000,N,CAC,0,2,000,000,N,POL,0,20,-2,18,23
675,TTC,TTC,1,3,1,TTT,0,2,-2,Optimised-sequences_POL.csv,000,000,N,000,000,N,000,000,N,False,TTT,000,000,N,TTT,0,2,000,000,N,POL,0,20,-2,18,23
676,ATA,ATC,0,2,0,ATC,0,2,-2,Optimised-sequences_POL.csv,000,000,N,000,000,N,000,000,N,False,ATC,000,000,N,ATC,1,2,000,000,N,POL,0,20,-2,18,22
677,TGG,TGG,1,3,0,TGG,1,3,-3,Optimised-sequences_POL.csv,100,100,N,100,100,N,100,100,N,False,TGG,100,100,N,TGG,1,3,100,100,N,POL,0,20,-3,17,23
678,GCA,GCC,0,2,0,GCC,0,2,-2,Optimised-sequences_POL.csv,000,000,N,000,000,N,000,000,N,False,GCC,000,000,N,GCC,1,2,000,000,N,POL,0,20,-2,18,22
679,ACT,ACC,0,2,0,ACC,0,2,-2,Optimised-sequences_POL.csv,000,000,N,000,000,N,000,000,N,False,ACC,000,000,N,ACC,1,2,000,000,N,POL,0,20,-2,18,22
680,TGC,TGC,1,3,0,TGC,1,3,-3,Optimised-sequences_POL.csv,100,100,N,100,100,N,100,100,N,False,TGC,100,100,N,TGC,1,3,100,100,N,POL,0,20,-3,17,23
681,CAA,CAG,0,2,0,CAG,0,2,-2,Optimised-sequences_POL.csv,000,000,N,000,000,N,000,000,N,False,CAG,000,000,N,CAG,1,2,000,000,N,POL,0,20,-2,18,22
682,ACA,ACC,0,2,0,ACC,0,2,-2,Optimised-sequences_POL.csv,000,000,N,000,000,N,000,000,N,False,ACC,000,000,N,ACC,1,2,000,000,N,POL,0,20,-2,18,22
683,GGA,GGC,0,2,0,GGC,0,2,-2,Optimised-sequences_POL.csv,000,000,N,000,000,N,000,000,N,False,GGC,000,000,N,GGC,1,2,000,000,N,POL,0,20,-2,18,22
684,GAA,GAG,0,2,0,GAG,0,2,-2,Optimised-sequences_POL.csv,000,000,N,000,000,N,000,000,N,False,GAG,000,000,N,GAG,1,2,000,000,N,POL,0,20,-2,18,22
685,AGT,AGT,1,3,0,AGT,1,3,-3,Optimised-sequences_POL.csv,000,000,N,000,000,N,000,000,N,False,AGT,000,000,N,AGT,1,3,000,000,N,POL,0,20,-3,17,23
686,ACT,ACC,0,2,0,ACC,0,2,-2,Optimised-sequences_POL.csv,000,000,N,000,000,N,000,000,N,False,ACC,000,000,N,ACC,1,2,000,000,N,POL,0,20,-2,18,22
687,TCC,AGC,0,1,0,AGC,0,1,-1,Optimised-sequences_POL.csv,000,000,N,000,000,N,000,000,N,False,AGC,000,000,N,AGC,1,1,000,000,N,POL,0,20,-1,19,21
688,CAT,CAT,1,3,0,CAT,1,3,-3,Optimised-sequences_POL.csv,001,00R,Y,001,00R,Y,001,001,N,True,CAC,000,000,N,CAC,0,2,000,000,N,POL,0,20,-2,18,23
689,GTT,GTG,0,2,0,GTG,0,2,-2,Optimised-sequences_POL.csv,010,RRR,Y,010,RRR,Y,000,000,N,False,GTG,010,010,N,GTG,1,2,010,010,N,POL,0,20,-2,18,22
690,AAA,AAG,0,2,0,AAG,0,2,-2,Optimised-sequences_POL.csv,000,000,N,000,000,N,000,000,N,False,AAG,000,000,N,AAG,1,2,000,000,N,POL,0,20,-2,18,22
691,AAA,AAG,0,2,0,AAG,0,2,-2,Optimised-sequences_POL.csv,000,000,N,000,000,N,000,000,N,False,AAG,000,000,N,AAG,1,2,000,000,N,POL,0,20,-2,18,22
692,CAT,CAC,0,2,0,CAC,0,2,-2,Optimised-sequences_POL.csv,000,000,N,000,000,N,000,000,N,False,CAC,000,000,N,CAC,1,2,000,000,N,POL,0,20,-2,18,22
693,TTA,CTG,0,1,0,CTG,0,1,-1,Optimised-sequences_POL.csv,010,010,N,010,010,N,000,000,N,False,CTG,010,010,N,CTG,1,1,010,010,N,POL,0,20,-1,19,21
694,TTG,CTG,0,2,0,CTG,0,2,-2,Optimised-sequences_POL.csv,010,010,N,010,010,N,010,010,N,False,CTG,010,010,N,CTG,1,2,010,010,N,POL,0,20,-2,18,22
695,TCT,AGC,0,0,0,AGC,0,0,0,Optimised-sequences_POL.csv,000,000,N,000,000,N,000,000,N,False,AGC,000,000,N,AGC,1,0,000,000,N,POL,0,20,0,20,20
696,TGT,TGC,0,2,0,TGC,0,2,-2,Optimised-sequences_POL.csv,100,100,N,100,100,N,100,100,N,False,TGC,100,100,N,TGC,1,2,100,100,N,POL,0,20,-2,18,22
697,TTT,TTC,0,2,0,TTC,0,2,-2,Optimised-sequences_POL.csv,000,000,N,000,000,N,001,001,N,False,TTC,000,000,N,TTC,1,2,000,000,N,POL,0,20,-2,18,22
698,GCT,GCT,1,3,0,GCT,1,3,-3,Optimised-sequences_POL.csv,001,00R,Y,001,00R,Y,001,001,N,True,GCC,000,000,N,GCC,0,2,000,000,N,POL,0,20,-2,18,23
699,GTA,GTG,0,2,0,GTG,0,2,-2,Optimised-sequences_POL.csv,010,RRR,Y,010,RRR,Y,000,000,N,False,GTG,010,010,N,GTG,1,2,010,010,N,POL,0,20,-2,18,22
700,ATG,ATG,1,3,0,ATG,1,3,-3,Optimised-sequences_POL.csv,010,010,N,010,010,N,010,010,N,False,ATG,010,010,N,ATG,1,3,010,010,N,POL,0,20,-3,17,23
701,GGA,GGC,0,2,0,GGC,0,2,-2,Optimised-sequences_POL.csv,000,000,N,000,000,N,000,000,N,False,GGC,000,000,N,GGC,1,2,000,000,N,POL,0,20,-2,18,22
702,GTT,GTG,0,2,0,GTG,0,2,-2,Optimised-sequences_POL.csv,010,010,N,010,010,N,000,000,N,False,GTG,010,010,N,GTG,1,2,010,010,N,POL,0,20,-2,18,22
703,CCA,CCC,0,2,0,CCC,0,2,-2,Optimised-sequences_POL.csv,000,000,N,000,000,N,000,000,N,False,CCC,000,000,N,CCC,1,2,000,000,N,POL,0,20,-2,18,22
704,GAA,GAG,0,2,0,GAG,0,2,-2,Optimised-sequences_POL.csv,000,000,N,000,000,N,000,000,N,False,GAG,000,000,N,GAG,1,2,000,000,N,POL,0,20,-2,18,22
705,AAA,AAA,1,3,1,AAG,0,2,-2,Optimised-sequences_POL.csv,000,000,N,000,000,N,000,000,N,False,AAG,000,000,N,AAG,0,2,000,000,N,POL,0,20,-2,18,23
706,ATC,ATC,1,3,1,ATA,0,2,-2,Optimised-sequences_POL.csv,000,000,N,000,000,N,000,000,N,False,ATA,000,000,N,ATA,0,2,000,000,N,POL,0,20,-2,18,23
707,AAA,AAG,0,2,0,AAG,0,2,-2,Optimised-sequences_POL.csv,000,000,N,000,000,N,000,000,N,False,AAG,000,000,N,AAG,1,2,000,000,N,POL,0,20,-2,18,22
708,ACT,ACC,0,2,0,ACC,0,2,-2,Optimised-sequences_POL.csv,000,000,N,000,000,N,001,001,N,False,ACC,000,000,N,ACC,1,2,000,000,N,POL,0,20,-2,18,22
709,GAC,GAC,1,3,0,GAC,1,3,-3,Optimised-sequences_POL.csv,000,000,N,000,000,N,000,000,N,False,GAC,000,000,N,GAC,1,3,000,000,N,POL,0,20,-3,17,23
710,AAT,AAC,0,2,0,AAC,0,2,-2,Optimised-sequences_POL.csv,000,000,N,000,000,N,001,001,N,False,AAC,000,000,N,AAC,1,2,000,000,N,POL,0,20,-2,18,22
711,GGA,GGC,0,2,0,GGC,0,2,-2,Optimised-sequences_POL.csv,000,000,N,000,000,N,000,000,N,False,GGC,000,000,N,GGC,1,2,000,000,N,POL,0,20,-2,18,22
712,CCA,CCT,0,2,0,CCT,0,2,-2,Optimised-sequences_POL.csv,001,001,N,001,001,N,000,000,N,False,CCT,001,001,N,CCT,1,2,001,001,N,POL,0,20,-2,18,22
713,GGA,GGC,0,2,0,GGC,0,2,-2,Optimised-sequences_POL.csv,000,000,N,000,000,N,000,000,N,False,GGC,000,000,N,GGC,1,2,000,000,N,POL,0,20,-2,18,22
714,TAT,TAT,1,3,0,TAT,1,3,-3,Optimised-sequences_POL.csv,000,000,N,000,000,N,000,000,N,False,TAT,000,000,N,TAT,1,3,000,000,N,POL,0,20,-3,17,23
715,TGT,TGC,0,2,0,TGC,0,2,-2,Optimised-sequences_POL.csv,100,100,N,100,100,N,100,100,N,False,TGC,100,100,N,TGC,1,2,100,100,N,POL,0,20,-2,18,22
716,AGT,AGC,0,2,0,AGC,0,2,-2,Optimised-sequences_POL.csv,000,000,N,000,000,N,000,000,N,False,AGC,000,000,N,AGC,1,2,000,000,N,POL,0,20,-2,18,22
717,AAA,AAG,0,2,0,AAG,0,2,-2,Optimised-sequences_POL.csv,000,000,N,000,000,N,000,000,N,False,AAG,000,000,N,AAG,1,2,000,000,N,POL,0,20,-2,18,22
718,GCT,GCC,0,2,0,GCC,0,2,-2,Optimised-sequences_POL.csv,000,000,N,000,000,N,000,000,N,False,GCC,000,000,N,GCC,1,2,000,000,N,POL,0,20,-2,18,22
719,TTC,TTC,1,3,0,TTC,1,3,-3,Optimised-sequences_POL.csv,000,000,N,000,000,N,000,000,N,False,TTC,000,000,N,TTC,1,3,000,000,N,POL,0,20,-3,17,23
720,CAA,CAG,0,2,0,CAG,0,2,-2,Optimised-sequences_POL.csv,000,000,N,000,000,N,000,000,N,False,CAG,000,000,N,CAG,1,2,000,000,N,POL,0,20,-2,18,22
721,AAA,AAG,0,2,0,AAG,0,2,-2,Optimised-sequences_POL.csv,000,000,N,000,000,N,000,000,N,False,AAG,000,000,N,AAG,1,2,000,000,N,POL,0,20,-2,18,22
722,TTC,TTC,1,3,0,TTC,1,3,-3,Optimised-sequences_POL.csv,000,000,N,000,000,N,000,000,N,False,TTC,000,000,N,TTC,1,3,000,000,N,POL,0,20,-3,17,23
723,TTA,CTG,0,1,0,CTG,0,1,-1,Optimised-sequences_POL.csv,010,010,N,010,010,N,000,000,N,False,CTG,010,010,N,CTG,1,1,010,010,N,POL,0,20,-1,19,21
724,AGT,AGC,0,2,0,AGC,0,2,-2,Optimised-sequences_POL.csv,000,000,N,000,000,N,000,000,N,False,AGC,000,000,N,AGC,1,2,000,000,N,POL,0,20,-2,18,22
725,CAG,CAG,1,3,1,CAA,0,2,-2,Optimised-sequences_POL.csv,000,000,N,000,000,N,000,000,N,False,CAA,000,000,N,CAA,0,2,000,000,N,POL,0,20,-2,18,23
726,TGG,TGG,1,3,1,TGG,1,3,-3,Optimised-sequences_POL.csv,100,100,N,100,100,N,100,100,N,False,TGG,100,100,N,TGG,1,3,100,100,N,POL,0,20,-3,17,23
727,AAA,AAG,0,2,0,AAG,0,2,-2,Optimised-sequences_POL.csv,000,000,N,000,000,N,000,000,N,False,AAG,000,000,N,AAG,1,2,000,000,N,POL,0,20,-2,18,22
728,ATT,ATC,0,2,0,ATC,0,2,-2,Optimised-sequences_POL.csv,000,000,N,000,000,N,000,000,N,False,ATC,000,000,N,ATC,1,2,000,000,N,POL,0,20,-2,18,22
729,TCA,AGC,0,0,0,AGC,0,0,0,Optimised-sequences_POL.csv,000,000,N,000,000,N,000,000,N,False,AGC,000,000,N,AGC,1,0,000,000,N,POL,0,20,0,20,20
730,CAT,CAC,0,2,0,CAC,0,2,-2,Optimised-sequences_POL.csv,000,000,N,000,000,N,000,000,N,False,CAC,000,000,N,CAC,1,2,000,000,N,POL,0,20,-2,18,22
731,ACA,ACC,0,2,0,ACC,0,2,-2,Optimised-sequences_POL.csv,000,000,N,000,000,N,000,000,N,False,ACC,000,000,N,ACC,1,2,000,000,N,POL,0,20,-2,18,22
732,ACA,ACA,1,3,0,ACA,1,3,-3,Optimised-sequences_POL.csv,000,000,N,000,000,N,000,000,N,False,ACA,000,000,N,ACA,1,3,000,000,N,POL,0,20,-3,17,23
733,GGA,GGC,0,2,0,GGC,0,2,-2,Optimised-sequences_POL.csv,000,000,N,000,000,N,000,000,N,False,GGC,000,000,N,GGC,1,2,000,000,N,POL,0,20,-2,18,22
734,ATT,ATT,1,3,1,ATC,0,2,-2,Optimised-sequences_POL.csv,000,000,N,000,000,N,000,000,N,False,ATC,000,000,N,ATC,0,2,000,000,N,POL,0,20,-2,18,23
735,CCT,CCT,1,3,1,CCG,0,2,-2,Optimised-sequences_POL.csv,000,000,N,000,000,N,000,000,N,False,CCG,000,000,N,CCG,0,2,000,000,N,POL,0,20,-2,18,23
736,TAT,TAC,0,2,0,TAC,0,2,-2,Optimised-sequences_POL.csv,000,000,N,000,000,N,000,000,N,False,TAC,000,000,N,TAC,1,2,000,000,N,POL,0,20,-2,18,22
737,AAT,AAC,0,2,0,AAC,0,2,-2,Optimised-sequences_POL.csv,000,000,N,000,000,N,000,000,N,False,AAC,000,000,N,AAC,1,2,000,000,N,POL,0,20,-2,18,22
738,TCC,TCT,0,2,0,TCT,0,2,-2,Optimised-sequences_POL.csv,000,000,N,000,000,N,000,000,N,False,TCT,000,000,N,TCT,1,2,000,000,N,POL,0,20,-2,18,22
739,CAA,CAG,0,2,0,CAG,0,2,-2,Optimised-sequences_POL.csv,000,000,N,000,000,N,000,000,N,False,CAG,000,000,N,CAG,1,2,000,000,N,POL,0,20,-2,18,22
740,GGA,GGC,0,2,0,GGC,0,2,-2,Optimised-sequences_POL.csv,000,000,N,000,000,N,000,000,N,False,GGC,000,000,N,GGC,1,2,000,000,N,POL,0,20,-2,18,22
741,CAG,CAA,0,2,0,CAA,0,2,-2,Optimised-sequences_POL.csv,000,000,N,000,000,N,000,000,N,False,CAA,000,000,N,CAA,1,2,000,000,N,POL,0,20,-2,18,22
742,GCC,GCA,0,2,0,GCA,0,2,-2,Optimised-sequences_POL.csv,000,000,N,000,000,N,000,000,N,False,GCA,000,000,N,GCA,1,2,000,000,N,POL,0,20,-2,18,22
743,ATA,ATC,0,2,0,ATC,0,2,-2,Optimised-sequences_POL.csv,000,000,N,000,000,N,000,000,N,False,ATC,000,000,N,ATC,1,2,000,000,N,POL,0,20,-2,18,22
744,GTT,GTG,0,2,0,GTG,0,2,-2,Optimised-sequences_POL.csv,010,010,N,010,010,N,001,001,N,False,GTG,010,010,N,GTG,1,2,010,010,N,POL,0,20,-2,18,22
745,GAA,GAA,1,3,1,GAG,0,2,-2,Optimised-sequences_POL.csv,000,000,N,000,000,N,000,000,N,False,GAG,000,000,N,GAG,0,2,000,000,N,POL,0,20,-2,18,23
746,AGA,AGA,1,3,1,AGG,0,2,-2,Optimised-sequences_POL.csv,000,000,N,000,000,N,000,000,N,False,AGG,000,000,N,AGG,0,2,000,000,N,POL,0,20,-2,18,23
747,ACT,ACC,0,2,0,ACC,0,2,-2,Optimised-sequences_POL.csv,000,000,N,000,000,N,000,000,N,False,ACC,000,000,N,ACC,1,2,000,000,N,POL,0,20,-2,18,22
748,AAT,AAC,0,2,0,AAC,0,2,-2,Optimised-sequences_POL.csv,000,000,N,000,000,N,000,000,N,False,AAC,000,000,N,AAC,1,2,000,000,N,POL,0,20,-2,18,22
749,AGA,AGA,1,3,1,CGC,0,1,-1,Optimised-sequences_POL.csv,000,000,N,000,000,N,000,000,N,False,CGC,000,000,N,CGC,0,1,000,000,N,POL,0,20,-1,19,23
750,ACA,ACA,1,3,1,ACG,0,2,-2,Optimised-sequences_POL.csv,000,000,N,000,000,N,000,000,N,False,ACG,000,000,N,ACG,0,2,000,000,N,POL,0,20,-2,18,23
751,CTC,CTG,0,2,0,CTG,0,2,-2,Optimised-sequences_POL.csv,010,010,N,010,010,N,000,000,N,False,CTG,010,010,N,CTG,1,2,010,010,N,POL,0,20,-2,18,22
752,AAA,AAA,1,3,0,AAA,1,3,-3,Optimised-sequences_POL.csv,000,000,N,000,000,N,000,000,N,False,AAA,000,000,N,AAA,1,3,000,000,N,POL,0,20,-3,17,23
753,ACT,ACA,0,2,0,ACA,0,2,-2,Optimised-sequences_POL.csv,000,000,N,000,000,N,000,000,N,False,ACA,000,000,N,ACA,1,2,000,000,N,POL,0,20,-2,18,22
754,CAA,CAG,0,2,0,CAG,0,2,-2,Optimised-sequences_POL.csv,000,000,N,000,000,N,000,000,N,False,CAG,000,000,N,CAG,1,2,000,000,N,POL,0,20,-2,18,22
755,TTA,CTG,0,1,0,CTG,0,1,-1,Optimised-sequences_POL.csv,010,010,N,010,010,N,000,000,N,False,CTG,010,010,N,CTG,1,1,010,010,N,POL,0,20,-1,19,21
756,GTT,GTG,0,2,0,GTG,0,2,-2,Optimised-sequences_POL.csv,010,010,N,010,010,N,000,000,N,False,GTG,010,010,N,GTG,1,2,010,010,N,POL,0,20,-2,18,22
757,AAA,AAG,0,2,0,AAG,0,2,-2,Optimised-sequences_POL.csv,000,000,N,000,000,N,000,000,N,False,AAG,000,000,N,AAG,1,2,000,000,N,POL,0,20,-2,18,22
758,CAA,CAG,0,2,0,CAG,0,2,-2,Optimised-sequences_POL.csv,000,000,N,000,000,N,000,000,N,False,CAG,000,000,N,CAG,1,2,000,000,N,POL,0,20,-2,18,22
759,AAA,AAA,1,3,1,AAG,0,2,-2,Optimised-sequences_POL.csv,000,000,N,000,000,N,000,000,N,False,AAG,000,000,N,AAG,0,2,000,000,N,POL,0,20,-2,18,23
760,GAA,GAA,1,3,1,GAG,0,2,-2,Optimised-sequences_POL.csv,000,000,N,000,000,N,000,000,N,False,GAG,000,000,N,GAG,0,2,000,000,N,POL,0,20,-2,18,23
761,GGG,GGC,0,2,0,GGC,0,2,-2,Optimised-sequences_POL.csv,000,000,N,000,000,N,000,000,N,False,GGC,000,000,N,GGC,1,2,000,000,N,POL,0,20,-2,18,22
762,GGA,GGC,0,2,0,GGC,0,2,-2,Optimised-sequences_POL.csv,000,000,N,000,000,N,000,000,N,False,GGC,000,000,N,GGC,1,2,000,000,N,POL,0,20,-2,18,22
763,GAC,GAC,1,3,0,GAC,1,3,-3,Optimised-sequences_POL.csv,000,000,N,000,000,N,000,000,N,False,GAC,000,000,N,GAC,1,3,000,000,N,POL,0,20,-3,17,23
764,AGT,AGC,0,2,0,AGC,0,2,-2,Optimised-sequences_POL.csv,000,000,N,000,000,N,000,000,N,False,AGC,000,000,N,AGC,1,2,000,000,N,POL,0,20,-2,18,22
765,AAG,AAA,0,2,0,AAA,0,2,-2,Optimised-sequences_POL.csv,000,000,N,000,000,N,000,000,N,False,AAA,000,000,N,AAA,1,2,000,000,N,POL,0,20,-2,18,22
766,GAG,GAG,1,3,0,GAG,1,3,-3,Optimised-sequences_POL.csv,000,000,N,000,000,N,000,000,N,False,GAG,000,000,N,GAG,1,3,000,000,N,POL,0,20,-3,17,23
767,TGT,TGC,0,2,0,TGC,0,2,-2,Optimised-sequences_POL.csv,100,100,N,100,100,N,100,100,N,False,TGC,100,100,N,TGC,1,2,100,100,N,POL,0,20,-2,18,22
768,ACC,ACC,1,3,0,ACC,1,3,-3,Optimised-sequences_POL.csv,000,000,N,000,000,N,000,000,N,False,ACC,000,000,N,ACC,1,3,000,000,N,POL,0,20,-3,17,23
769,ACT,ACC,0,2,0,ACC,0,2,-2,Optimised-sequences_POL.csv,000,000,N,000,000,N,000,000,N,False,ACC,000,000,N,ACC,1,2,000,000,N,POL,0,20,-2,18,22
770,CCT,CCC,0,2,0,CCC,0,2,-2,Optimised-sequences_POL.csv,000,000,N,000,000,N,000,000,N,False,CCC,000,000,N,CCC,1,2,000,000,N,POL,0,20,-2,18,22
771,CAG,CAG,1,3,1,CAA,0,2,-2,Optimised-sequences_POL.csv,000,000,N,000,000,N,000,000,N,False,CAA,000,000,N,CAA,0,2,000,000,N,POL,0,20,-2,18,23
772,ATG,ATG,1,3,1,ATG,1,3,-3,Optimised-sequences_POL.csv,010,010,N,010,010,N,010,010,N,False,ATG,010,010,N,ATG,1,3,010,010,N,POL,0,20,-3,17,23
773,CAA,CAA,1,3,1,CAG,0,2,-2,Optimised-sequences_POL.csv,000,000,N,000,000,N,000,000,N,False,CAG,000,000,N,CAG,0,2,000,000,N,POL,0,20,-2,18,23
774,CTT,CTG,0,2,0,CTG,0,2,-2,Optimised-sequences_POL.csv,010,010,N,010,010,N,000,000,N,False,CTG,010,010,N,CTG,1,2,010,010,N,POL,0,20,-2,18,22
775,AAT,AAC,0,2,0,AAC,0,2,-2,Optimised-sequences_POL.csv,000,000,N,000,000,N,000,000,N,False,AAC,000,000,N,AAC,1,2,000,000,N,POL,0,20,-2,18,22
776,CTA,CTG,0,2,0,CTG,0,2,-2,Optimised-sequences_POL.csv,010,010,N,010,010,N,000,000,N,False,CTG,010,010,N,CTG,1,2,010,010,N,POL,0,20,-2,18,22
777,GCA,GCT,0,2,0,GCT,0,2,-2,Optimised-sequences_POL.csv,000,000,N,000,000,N,000,000,N,False,GCT,000,000,N,GCT,1,2,000,000,N,POL,0,20,-2,18,22
778,CTC,CTG,0,2,0,CTG,0,2,-2,Optimised-sequences_POL.csv,010,010,N,010,010,N,000,000,N,False,CTG,010,010,N,CTG,1,2,010,010,N,POL,0,20,-2,18,22
779,TAT,TAC,0,2,0,TAC,0,2,-2,Optimised-sequences_POL.csv,000,000,N,000,000,N,000,000,N,False,TAC,000,000,N,TAC,1,2,000,000,N,POL,0,20,-2,18,22
780,ACT,ACC,0,2,0,ACC,0,2,-2,Optimised-sequences_POL.csv,000,000,N,000,000,N,000,000,N,False,ACC,000,000,N,ACC,1,2,000,000,N,POL,0,20,-2,18,22
781,TTA,CTG,0,1,0,CTG,0,1,-1,Optimised-sequences_POL.csv,010,010,N,010,010,N,000,000,N,False,CTG,010,010,N,CTG,1,1,010,010,N,POL,0,20,-1,19,21
782,AAT,AAC,0,2,0,AAC,0,2,-2,Optimised-sequences_POL.csv,000,000,N,000,000,N,000,000,N,False,AAC,000,000,N,AAC,1,2,000,000,N,POL,0,20,-2,18,22
783,TTT,TTC,0,2,0,TTC,0,2,-2,Optimised-sequences_POL.csv,000,000,N,000,000,N,000,000,N,False,TTC,000,000,N,TTC,1,2,000,000,N,POL,0,20,-2,18,22
784,TTA,CTG,0,1,0,CTG,0,1,-1,Optimised-sequences_POL.csv,010,010,N,010,010,N,000,000,N,False,CTG,010,010,N,CTG,1,1,010,010,N,POL,0,20,-1,19,21
785,AAC,AAT,0,2,0,AAT,0,2,-2,Optimised-sequences_POL.csv,000,000,N,000,000,N,000,000,N,False,AAT,000,000,N,AAT,1,2,000,000,N,POL,0,20,-2,18,22
786,ATT,ATC,0,2,0,ATC,0,2,-2,Optimised-sequences_POL.csv,000,000,N,000,000,N,000,000,N,False,ATC,000,000,N,ATC,1,2,000,000,N,POL,0,20,-2,18,22
787,TAT,TAC,0,2,0,TAC,0,2,-2,Optimised-sequences_POL.csv,000,000,N,000,000,N,000,000,N,False,TAC,000,000,N,TAC,1,2,000,000,N,POL,0,20,-2,18,22
788,AGA,AGA,1,3,0,AGA,1,3,-3,Optimised-sequences_POL.csv,000,000,N,000,000,N,000,000,N,False,AGA,000,000,N,AGA,1,3,000,000,N,POL,0,20,-3,17,23
789,AAT,AAC,0,2,0,AAC,0,2,-2,Optimised-sequences_POL.csv,000,000,N,000,000,N,000,000,N,False,AAC,000,000,N,AAC,1,2,000,000,N,POL,0,20,-2,18,22
790,CAG,CAG,1,3,0,CAG,1,3,-3,Optimised-sequences_POL.csv,000,000,N,000,000,N,000,000,N,False,CAG,000,000,N,CAG,1,3,000,000,N,POL,0,20,-3,17,23
791,ACT,ACA,0,2,0,ACA,0,2,-2,Optimised-sequences_POL.csv,000,000,N,000,000,N,000,000,N,False,ACA,000,000,N,ACA,1,2,000,000,N,POL,0,20,-2,18,22
792,ACT,ACC,0,2,0,ACC,0,2,-2,Optimised-sequences_POL.csv,000,000,N,000,000,N,000,000,N,False,ACC,000,000,N,ACC,1,2,000,000,N,POL,0,20,-2,18,22
793,ACT,ACC,0,2,0,ACC,0,2,-2,Optimised-sequences_POL.csv,000,000,N,000,000,N,000,000,N,False,ACC,000,000,N,ACC,1,2,000,000,N,POL,0,20,-2,18,22
794,TCT,AGC,0,0,0,AGC,0,0,0,Optimised-sequences_POL.csv,000,000,N,000,000,N,001,001,N,False,AGC,000,000,N,AGC,1,0,000,000,N,POL,0,20,0,20,20
795,GCA,GCC,0,2,0,GCC,0,2,-2,Optimised-sequences_POL.csv,000,000,N,000,000,N,000,000,N,False,GCC,000,000,N,GCC,1,2,000,000,N,POL,0,20,-2,18,22
796,GAA,GAA,1,3,0,GAA,1,3,-3,Optimised-sequences_POL.csv,000,000,N,000,000,N,000,000,N,False,GAA,000,000,N,GAA,1,3,000,000,N,POL,0,20,-3,17,23
797,CAA,CAG,0,2,0,CAG,0,2,-2,Optimised-sequences_POL.csv,000,000,N,000,000,N,000,000,N,False,CAG,000,000,N,CAG,1,2,000,000,N,POL,0,20,-2,18,22
798,CAT,CAC,0,2,0,CAC,0,2,-2,Optimised-sequences_POL.csv,000,000,N,000,000,N,000,000,N,False,CAC,000,000,N,CAC,1,2,000,000,N,POL,0,20,-2,18,22
799,CTT,CTG,0,2,0,CTG,0,2,-2,Optimised-sequences_POL.csv,010,010,N,010,010,N,000,000,N,False,CTG,010,010,N,CTG,1,2,010,010,N,POL,0,20,-2,18,22
800,ACT,ACA,0,2,0,ACA,0,2,-2,Optimised-sequences_POL.csv,000,000,N,000,000,N,001,001,N,False,ACA,000,000,N,ACA,1,2,000,000,N,POL,0,20,-2,18,22
801,GGT,GGT,1,3,0,GGT,1,3,-3,Optimised-sequences_POL.csv,000,000,N,000,000,N,000,000,N,False,GGT,000,000,N,GGT,1,3,000,000,N,POL,0,20,-3,17,23
802,AAA,AAG,0,2,0,AAG,0,2,-2,Optimised-sequences_POL.csv,000,000,N,000,000,N,000,000,N,False,AAG,000,000,N,AAG,1,2,000,000,N,POL,0,20,-2,18,22
803,AAG,AAA,0,2,0,AAA,0,2,-2,Optimised-sequences_POL.csv,000,000,N,000,000,N,000,000,N,False,AAA,000,000,N,AAA,1,2,000,000,N,POL,0,20,-2,18,22
804,AAC,AAT,0,2,0,AAT,0,2,-2,Optimised-sequences_POL.csv,000,000,N,000,000,N,000,000,N,False,AAT,000,000,N,AAT,1,2,000,000,N,POL,0,20,-2,18,22
805,AGC,AGC,1,3,0,AGC,1,3,-3,Optimised-sequences_POL.csv,000,000,N,000,000,N,000,000,N,False,AGC,000,000,N,AGC,1,3,000,000,N,POL,0,20,-3,17,23
806,CCA,CCT,0,2,0,CCT,0,2,-2,Optimised-sequences_POL.csv,000,000,N,000,000,N,000,000,N,False,CCT,000,000,N,CCT,1,2,000,000,N,POL,0,20,-2,18,22
807,CAT,CAC,0,2,0,CAC,0,2,-2,Optimised-sequences_POL.csv,000,000,N,000,000,N,001,001,N,False,CAC,000,000,N,CAC,1,2,000,000,N,POL,0,20,-2,18,22
808,GAA,GAG,0,2,0,GAG,0,2,-2,Optimised-sequences_POL.csv,000,000,N,000,000,N,000,000,N,False,GAG,000,000,N,GAG,1,2,000,000,N,POL,0,20,-2,18,22
809,GGA,GGA,1,3,0,GGA,1,3,-3,Optimised-sequences_POL.csv,000,000,N,000,000,N,000,000,N,False,GGA,000,000,N,GGA,1,3,000,000,N,POL,0,20,-3,17,23
810,AAA,AAG,0,2,0,AAG,0,2,-2,Optimised-sequences_POL.csv,000,000,N,000,000,N,000,000,N,False,AAG,000,000,N,AAG,1,2,000,000,N,POL,0,20,-2,18,22
811,CTA,CTC,0,2,0,CTC,0,2,-2,Optimised-sequences_POL.csv,000,000,N,000,000,N,000,000,N,False,CTC,000,000,N,CTC,1,2,000,000,N,POL,0,20,-2,18,22
812,ATT,ATC,0,2,0,ATC,0,2,-2,Optimised-sequences_POL.csv,000,000,N,000,000,N,000,000,N,False,ATC,000,000,N,ATC,1,2,000,000,N,POL,0,20,-2,18,22
813,TGG,TGG,1,3,1,TGG,1,3,-3,Optimised-sequences_POL.csv,100,100,N,100,100,N,100,100,N,False,TGG,100,100,N,TGG,1,3,100,100,N,POL,0,20,-3,17,23
814,TGG,TGG,1,3,1,TGG,1,3,-3,Optimised-sequences_POL.csv,100,100,N,100,100,N,100,100,N,False,TGG,100,100,N,TGG,1,3,100,100,N,POL,0,20,-3,17,23
815,AAA,AAG,0,2,0,AAG,0,2,-2,Optimised-sequences_POL.csv,000,000,N,000,000,N,000,000,N,False,AAG,000,000,N,AAG,1,2,000,000,N,POL,0,20,-2,18,22
816,GAT,GAT,1,3,0,GAT,1,3,-3,Optimised-sequences_POL.csv,000,000,N,000,000,N,000,000,N,False,GAT,000,000,N,GAT,1,3,000,000,N,POL,0,20,-3,17,23
817,AAT,AAC,0,2,0,AAC,0,2,-2,Optimised-sequences_POL.csv,000,000,N,000,000,N,000,000,N,False,AAC,000,000,N,AAC,1,2,000,000,N,POL,0,20,-2,18,22
818,AAA,AAG,0,2,0,AAG,0,2,-2,Optimised-sequences_POL.csv,000,000,N,000,000,N,000,000,N,False,AAG,000,000,N,AAG,1,2,000,000,N,POL,0,20,-2,18,22
819,AAT,AAC,0,2,0,AAC,0,2,-2,Optimised-sequences_POL.csv,000,000,N,000,000,N,000,000,N,False,AAC,000,000,N,AAC,1,2,000,000,N,POL,0,20,-2,18,22
820,AAG,AAG,1,3,0,AAG,1,3,-3,Optimised-sequences_POL.csv,000,000,N,000,000,N,000,000,N,False,AAG,000,000,N,AAG,1,3,000,000,N,POL,0,20,-3,17,23
821,ACA,ACC,0,2,0,ACC,0,2,-2,Optimised-sequences_POL.csv,000,000,N,000,000,N,000,000,N,False,ACC,000,000,N,ACC,1,2,000,000,N,POL,0,20,-2,18,22
822,TGG,TGG,1,3,0,TGG,1,3,-3,Optimised-sequences_POL.csv,100,100,N,100,100,N,100,100,N,False,TGG,100,100,N,TGG,1,3,100,100,N,POL,0,20,-3,17,23
823,GAA,GAG,0,2,0,GAG,0,2,-2,Optimised-sequences_POL.csv,000,000,N,000,000,N,000,000,N,False,GAG,000,000,N,GAG,1,2,000,000,N,POL,0,20,-2,18,22
824,ATA,ATC,0,2,0,ATC,0,2,-2,Optimised-sequences_POL.csv,000,000,N,000,000,N,000,000,N,False,ATC,000,000,N,ATC,1,2,000,000,N,POL,0,20,-2,18,22
825,GGG,GGC,0,2,0,GGC,0,2,-2,Optimised-sequences_POL.csv,000,000,N,000,000,N,000,000,N,False,GGC,000,000,N,GGC,1,2,000,000,N,POL,0,20,-2,18,22
826,AAG,AAA,0,2,0,AAA,0,2,-2,Optimised-sequences_POL.csv,000,000,N,000,000,N,000,000,N,False,AAA,000,000,N,AAA,1,2,000,000,N,POL,0,20,-2,18,22
827,GTG,GTG,1,3,0,GTG,1,3,-3,Optimised-sequences_POL.csv,010,010,N,010,010,N,010,010,N,False,GTG,010,010,N,GTG,1,3,010,010,N,POL,0,20,-3,17,23
828,ATA,ATC,0,2,0,ATC,0,2,-2,Optimised-sequences_POL.csv,000,000,N,000,000,N,000,000,N,False,ATC,000,000,N,ATC,1,2,000,000,N,POL,0,20,-2,18,22
829,ACG,ACC,0,2,0,ACC,0,2,-2,Optimised-sequences_POL.csv,000,000,N,000,000,N,000,000,N,False,ACC,000,000,N,ACC,1,2,000,000,N,POL,0,20,-2,18,22
830,TGG,TGG,1,3,0,TGG,1,3,-3,Optimised-sequences_POL.csv,100,100,N,100,100,N,100,100,N,False,TGG,100,100,N,TGG,1,3,100,100,N,POL,0,20,-3,17,23
831,GGG,GGC,0,2,0,GGC,0,2,-2,Optimised-sequences_POL.csv,000,000,N,000,000,N,000,000,N,False,GGC,000,000,N,GGC,1,2,000,000,N,POL,0,20,-2,18,22
832,AGA,CGC,0,1,0,CGC,0,1,-1,Optimised-sequences_POL.csv,000,000,N,000,000,N,000,000,N,False,CGC,000,000,N,CGC,1,1,000,000,N,POL,0,20,-1,19,21
833,GGT,GGC,0,2,0,GGC,0,2,-2,Optimised-sequences_POL.csv,000,000,N,000,000,N,000,000,N,False,GGC,000,000,N,GGC,1,2,000,000,N,POL,0,20,-2,18,22
834,TTT,TTC,0,2,0,TTC,0,2,-2,Optimised-sequences_POL.csv,000,000,N,000,000,N,001,001,N,False,TTC,000,000,N,TTC,1,2,000,000,N,POL,0,20,-2,18,22
835,GCT,GCC,0,2,0,GCC,0,2,-2,Optimised-sequences_POL.csv,000,000,N,000,000,N,000,000,N,False,GCC,000,000,N,GCC,1,2,000,000,N,POL,0,20,-2,18,22
836,TGT,TGT,1,3,0,TGT,1,3,-3,Optimised-sequences_POL.csv,101,RRR,Y,101,RRR,Y,101,RRR,Y,True,TGC,100,100,N,TGC,0,2,100,100,N,POL,0,20,-2,18,23
837,GTT,GTG,0,2,0,GTG,0,2,-2,Optimised-sequences_POL.csv,010,R10,Y,010,R10,Y,000,R00,Y,False,GTG,010,010,N,GTG,1,2,010,010,N,POL,0,20,-2,18,22
838,TCA,TCC,0,2,0,TCC,0,2,-2,Optimised-sequences_POL.csv,000,000,N,000,000,N,000,000,N,False,TCC,000,000,N,TCC,1,2,000,000,N,POL,0,20,-2,18,22
839,CCA,CCT,0,2,0,CCT,0,2,-2,Optimised-sequences_POL.csv,001,001,N,001,001,N,000,000,N,False,CCT,001,001,N,CCT,1,2,001,001,N,POL,0,20,-2,18,22
840,GGA,GGC,0,2,0,GGC,0,2,-2,Optimised-sequences_POL.csv,000,000,N,000,000,N,000,000,N,False,GGC,000,000,N,GGC,1,2,000,000,N,POL,0,20,-2,18,22
841,GAA,GAA,1,3,0,GAA,1,3,-3,Optimised-sequences_POL.csv,000,000,N,000,000,N,000,000,N,False,GAA,000,000,N,GAA,1,3,000,000,N,POL,0,20,-3,17,23
842,AAT,AAC,0,2,0,AAC,0,2,-2,Optimised-sequences_POL.csv,000,000,N,000,000,N,000,000,N,False,AAC,000,000,N,AAC,1,2,000,000,N,POL,0,20,-2,18,22
843,CAG,CAG,1,3,0,CAG,1,3,-3,Optimised-sequences_POL.csv,000,000,N,000,000,N,000,000,N,False,CAG,000,000,N,CAG,1,3,000,000,N,POL,0,20,-3,17,23
844,CTT,CTG,0,2,0,CTG,0,2,-2,Optimised-sequences_POL.csv,010,010,N,010,010,N,000,000,N,False,CTG,010,010,N,CTG,1,2,010,010,N,POL,0,20,-2,18,22
845,CCT,CCC,0,2,0,CCC,0,2,-2,Optimised-sequences_POL.csv,000,000,N,000,000,N,001,001,N,False,CCC,000,000,N,CCC,1,2,000,000,N,POL,0,20,-2,18,22
846,GTT,GTG,0,2,0,GTG,0,2,-2,Optimised-sequences_POL.csv,010,0RR,Y,010,0RR,Y,000,000,N,True,GTT,000,000,N,GTT,0,3,000,000,N,POL,0,20,-3,17,22
847,TGG,TGG,1,3,0,TGG,1,3,-3,Optimised-sequences_POL.csv,100,RR0,Y,100,RR0,Y,100,100,N,False,TGG,100,100,N,TGG,1,3,100,100,N,POL,0,20,-3,17,23
848,ATA,ATC,0,2,0,ATC,0,2,-2,Optimised-sequences_POL.csv,000,000,N,000,000,N,000,000,N,False,ATC,000,000,N,ATC,1,2,000,000,N,POL,0,20,-2,18,22
849,CCC,CCA,0,2,0,CCA,0,2,-2,Optimised-sequences_POL.csv,000,000,N,000,000,N,000,000,N,False,CCA,000,000,N,CCA,1,2,000,000,N,POL,0,20,-2,18,22
850,ACT,ACC,0,2,0,ACC,0,2,-2,Optimised-sequences_POL.csv,000,000,N,000,000,N,000,000,N,False,ACC,000,000,N,ACC,1,2,000,000,N,POL,0,20,-2,18,22
851,AGA,CGC,0,1,0,CGC,0,1,-1,Optimised-sequences_POL.csv,000,000,N,000,000,N,000,000,N,False,CGC,000,000,N,CGC,1,1,000,000,N,POL,0,20,-1,19,21
852,CAT,CAC,0,2,0,CAC,0,2,-2,Optimised-sequences_POL.csv,000,000,N,000,000,N,000,000,N,False,CAC,000,000,N,CAC,1,2,000,000,N,POL,0,20,-2,18,22
853,TTG,CTC,0,1,0,CTC,0,1,-1,Optimised-sequences_POL.csv,000,000,N,000,000,N,010,010,N,False,CTC,000,000,N,CTC,1,1,000,000,N,POL,0,20,-1,19,21
854,AAG,AAG,1,3,1,AAA,0,2,-2,Optimised-sequences_POL.csv,000,000,N,000,000,N,000,000,N,False,AAA,000,000,N,AAA,0,2,000,000,N,POL,0,20,-2,18,23
855,TTC,TTC,1,3,1,TTT,0,2,-2,Optimised-sequences_POL.csv,000,000,N,000,000,N,000,000,N,False,TTT,000,000,N,TTT,0,2,000,000,N,POL,0,20,-2,18,23
856,TAC,TAC,1,3,1,TAT,0,2,-2,Optimised-sequences_POL.csv,000,000,N,000,000,N,000,000,N,False,TAT,000,000,N,TAT,0,2,000,000,N,POL,0,20,-2,18,23
857,AAT,AAT,1,3,1,AAC,0,2,-2,Optimised-sequences_POL.csv,001,001,N,000,000,N,001,001,N,False,AAC,000,000,N,AAC,0,2,000,000,N,POL,0,20,-2,18,23
858,GAA,GAG,0,2,0,GAG,0,2,-2,Optimised-sequences_POL.csv,000,000,N,000,000,N,000,000,N,False,GAG,000,000,N,GAG,1,2,000,000,N,POL,0,20,-2,18,22
859,CCC,CCA,0,2,0,CCA,0,2,-2,Optimised-sequences_POL.csv,000,000,N,000,000,N,000,000,N,False,CCA,000,000,N,CCA,1,2,000,000,N,POL,0,20,-2,18,22
860,ATC,ATT,0,2,0,ATT,0,2,-2,Optimised-sequences_POL.csv,001,001,N,001,001,N,000,000,N,False,ATT,001,001,N,ATT,1,2,001,001,N,POL,0,20,-2,18,22
861,GGA,GGA,1,3,1,GGT,0,2,-2,Optimised-sequences_POL.csv,000,000,N,001,001,N,000,000,N,False,GGT,001,001,N,GGT,0,2,001,001,N,POL,0,20,-2,18,23
862,GAT,GAT,1,3,1,GAC,0,2,-2,Optimised-sequences_POL.csv,001,001,N,000,000,N,001,001,N,False,GAC,000,000,N,GAC,0,2,000,000,N,POL,0,20,-2,18,23
863,GCA,GCC,0,2,0,GCC,0,2,-2,Optimised-sequences_POL.csv,000,000,N,000,000,N,000,000,N,False,GCC,000,000,N,GCC,1,2,000,000,N,POL,0,20,-2,18,22
864,AAG,AAG,1,3,0,AAG,1,3,-3,Optimised-sequences_POL.csv,000,000,N,000,000,N,000,000,N,False,AAG,000,000,N,AAG,1,3,000,000,N,POL,0,20,-3,17,23
865,AAA,AAG,0,2,0,AAG,0,2,-2,Optimised-sequences_POL.csv,000,000,N,000,000,N,000,000,N,False,AAG,000,000,N,AAG,1,2,000,000,N,POL,0,20,-2,18,22
866,AGC,AGC,1,3,0,AGC,1,3,-3,Optimised-sequences_POL.csv,000,000,N,000,000,N,000,000,N,False,AGC,000,000,N,AGC,1,3,000,000,N,POL,0,20,-3,17,23
867,ACC,ACA,0,2,0,ACA,0,2,-2,Optimised-sequences_POL.csv,000,000,N,000,000,N,000,000,N,False,ACA,000,000,N,ACA,1,2,000,000,N,POL,0,20,-2,18,22
868,TCC,AGC,0,1,0,AGC,0,1,-1,Optimised-sequences_POL.csv,000,000,N,000,000,N,000,000,N,False,AGC,000,000,N,AGC,1,1,000,000,N,POL,0,20,-1,19,21
869,GCG,GCC,0,2,0,GCC,0,2,-2,Optimised-sequences_POL.csv,000,000,N,000,000,N,000,000,N,False,GCC,000,000,N,GCC,1,2,000,000,N,POL,0,20,-2,18,22
870,GAG,GAG,1,3,0,GAG,1,3,-3,Optimised-sequences_POL.csv,000,000,N,000,000,N,000,000,N,False,GAG,000,000,N,GAG,1,3,000,000,N,POL,0,20,-3,17,23
871,ACG,ACT,0,2,0,ACT,0,2,-2,Optimised-sequences_POL.csv,001,001,N,001,001,N,000,000,N,False,ACT,001,001,N,ACT,1,2,001,001,N,POL,0,20,-2,18,22
872,GAG,GAG,1,3,0,GAG,1,3,-3,Optimised-sequences_POL.csv,000,000,N,000,000,N,000,000,N,False,GAG,000,000,N,GAG,1,3,000,000,N,POL,0,20,-3,17,23
873,ACA,ACC,0,2,0,ACC,0,2,-2,Optimised-sequences_POL.csv,000,000,N,000,000,N,000,000,N,False,ACC,000,000,N,ACC,1,2,000,000,N,POL,0,20,-2,18,22
874,CCG,CCT,0,2,0,CCT,0,2,-2,Optimised-sequences_POL.csv,000,000,N,000,000,N,000,000,N,False,CCT,000,000,N,CCT,1,2,000,000,N,POL,0,20,-2,18,22
875,CAA,CAA,1,3,0,CAA,1,3,-3,Optimised-sequences_POL.csv,000,000,N,000,000,N,000,000,N,False,CAA,000,000,N,CAA,1,3,000,000,N,POL,0,20,-3,17,23
876,TCG,TCA,0,2,0,TCA,0,2,-2,Optimised-sequences_POL.csv,000,000,N,000,000,N,000,000,N,False,TCA,000,000,N,TCA,1,2,000,000,N,POL,0,20,-2,18,22
877,AGC,AGC,1,3,1,TCC,0,1,-1,Optimised-sequences_POL.csv,000,000,N,000,000,N,000,000,N,False,TCC,000,000,N,TCC,0,1,000,000,N,POL,0,20,-1,19,23
878,ACC,ACC,1,3,1,ACA,0,2,-2,Optimised-sequences_POL.csv,000,000,N,000,000,N,000,000,N,False,ACA,000,000,N,ACA,0,2,000,000,N,POL,0,20,-2,18,23
879,GTT,GTT,1,3,1,GTA,0,2,-2,Optimised-sequences_POL.csv,001,001,N,000,000,N,001,001,N,False,GTA,000,000,N,GTA,0,2,000,000,N,POL,0,20,-2,18,23
880,GAC,GAC,1,3,1,GAT,0,2,-2,Optimised-sequences_POL.csv,000,000,N,000,000,N,000,000,N,False,GAT,000,000,N,GAT,0,2,000,000,N,POL,0,20,-2,18,23
881,TCA,AGC,0,0,0,AGC,0,0,0,Optimised-sequences_POL.csv,000,000,N,000,000,N,000,000,N,False,AGC,000,000,N,AGC,1,0,000,000,N,POL,0,20,0,20,20
882,CAA,CAG,0,2,0,CAG,0,2,-2,Optimised-sequences_POL.csv,000,000,N,000,000,N,000,000,N,False,CAG,000,000,N,CAG,1,2,000,000,N,POL,0,20,-2,18,22
883,GAT,GAC,0,2,0,GAC,0,2,-2,Optimised-sequences_POL.csv,000,000,N,000,000,N,001,001,N,False,GAC,000,000,N,GAC,1,2,000,000,N,POL,0,20,-2,18,22
884,GAA,GAG,0,2,0,GAG,0,2,-2,Optimised-sequences_POL.csv,000,000,N,000,000,N,000,000,N,False,GAG,000,000,N,GAG,1,2,000,000,N,POL,0,20,-2,18,22
885,CAA,CAG,0,2,0,CAG,0,2,-2,Optimised-sequences_POL.csv,000,000,N,000,000,N,000,000,N,False,CAG,000,000,N,CAG,1,2,000,000,N,POL,0,20,-2,18,22
886,AAT,AAC,0,2,0,AAC,0,2,-2,Optimised-sequences_POL.csv,000,000,N,000,000,N,001,001,N,False,AAC,000,000,N,AAC,1,2,000,000,N,POL,0,20,-2,18,22
887,GGT,GGC,0,2,0,GGC,0,2,-2,Optimised-sequences_POL.csv,000,000,N,000,000,N,001,001,N,False,GGC,000,000,N,GGC,1,2,000,000,N,POL,0,20,-2,18,22
888,GAC,GAC,1,3,0,GAC,1,3,-3,Optimised-sequences_POL.csv,000,000,N,000,000,N,000,000,N,False,GAC,000,000,N,GAC,1,3,000,000,N,POL,0,20,-3,17,23
889,GTC,GTG,0,2,0,GTG,0,2,-2,Optimised-sequences_POL.csv,010,010,N,010,010,N,000,000,N,False,GTG,010,010,N,GTG,1,2,010,010,N,POL,0,20,-2,18,22
890,AGA,CGG,0,1,0,CGG,0,1,-1,Optimised-sequences_POL.csv,000,000,N,000,000,N,000,000,N,False,CGG,000,000,N,CGG,1,1,000,000,N,POL,0,20,-1,19,21
891,AGA,AGA,1,3,0,AGA,1,3,-3,Optimised-sequences_POL.csv,000,000,N,000,000,N,000,000,N,False,AGA,000,000,N,AGA,1,3,000,000,N,POL,0,20,-3,17,23
892,ACA,ACC,0,2,0,ACC,0,2,-2,Optimised-sequences_POL.csv,000,000,N,000,000,N,000,000,N,False,ACC,000,000,N,ACC,1,2,000,000,N,POL,0,20,-2,18,22
893,GAT,GAC,0,2,0,GAC,0,2,-2,Optimised-sequences_POL.csv,000,000,N,000,000,N,001,001,N,False,GAC,000,000,N,GAC,1,2,000,000,N,POL,0,20,-2,18,22
894,GAA,GAG,0,2,0,GAG,0,2,-2,Optimised-sequences_POL.csv,000,000,N,000,000,N,000,000,N,False,GAG,000,000,N,GAG,1,2,000,000,N,POL,0,20,-2,18,22
895,GTT,GTG,0,2,0,GTG,0,2,-2,Optimised-sequences_POL.csv,010,010,N,010,010,N,001,001,N,False,GTG,010,010,N,GTG,1,2,010,010,N,POL,0,20,-2,18,22
896,GCC,GCC,1,3,1,GCA,0,2,-2,Optimised-sequences_POL.csv,000,000,N,000,000,N,000,000,N,False,GCA,000,000,N,GCA,0,2,000,000,N,POL,0,20,-2,18,23
897,ATC,ATC,1,3,1,ATA,0,2,-2,Optimised-sequences_POL.csv,000,000,N,000,000,N,000,000,N,False,ATA,000,000,N,ATA,0,2,000,000,N,POL,0,20,-2,18,23
898,CAC,CAC,1,3,1,CAT,0,2,-2,Optimised-sequences_POL.csv,000,000,N,000,000,N,000,000,N,False,CAT,000,000,N,CAT,0,2,000,000,N,POL,0,20,-2,18,23
899,CAA,CAG,0,2,0,CAG,0,2,-2,Optimised-sequences_POL.csv,000,000,N,000,000,N,000,000,N,False,CAG,000,000,N,CAG,1,2,000,000,N,POL,0,20,-2,18,22
900,GAA,GAG,0,2,0,GAG,0,2,-2,Optimised-sequences_POL.csv,000,000,N,000,000,N,000,000,N,False,GAG,000,000,N,GAG,1,2,000,000,N,POL,0,20,-2,18,22
901,GGC,GGA,0,2,0,GGA,0,2,-2,Optimised-sequences_POL.csv,000,000,N,000,000,N,000,000,N,False,GGA,000,000,N,GGA,1,2,000,000,N,POL,0,20,-2,18,22
902,AGA,CGT,0,1,0,CGT,0,1,-1,Optimised-sequences_POL.csv,001,001,N,001,001,N,000,000,N,False,CGT,001,001,N,CGT,1,1,001,001,N,POL,0,20,-1,19,21
903,GCC,GCC,1,3,1,GCT,0,2,-2,Optimised-sequences_POL.csv,000,000,N,001,001,N,000,000,N,False,GCT,001,001,N,GCT,0,2,001,001,N,POL,0,20,-2,18,23
904,GCC,GCC,1,3,1,GCT,0,2,-2,Optimised-sequences_POL.csv,000,000,N,001,001,N,000,000,N,False,GCT,001,001,N,GCT,0,2,001,001,N,POL,0,20,-2,18,23
905,GAC,GAT,0,2,0,GAT,0,2,-2,Optimised-sequences_POL.csv,000,000,N,000,000,N,000,000,N,False,GAT,000,000,N,GAT,1,2,000,000,N,POL,0,20,-2,18,22
906,TTG,CTG,0,2,0,CTG,0,2,-2,Optimised-sequences_POL.csv,010,010,N,010,010,N,010,010,N,False,CTG,010,010,N,CTG,1,2,010,010,N,POL,0,20,-2,18,22
907,GGC,GGC,1,3,0,GGC,1,3,-3,Optimised-sequences_POL.csv,000,000,N,000,000,N,000,000,N,False,GGC,000,000,N,GGC,1,3,000,000,N,POL,0,20,-3,17,23
908,ACA,ACC,0,2,0,ACC,0,2,-2,Optimised-sequences_POL.csv,000,000,N,000,000,N,000,000,N,False,ACC,000,000,N,ACC,1,2,000,000,N,POL,0,20,-2,18,22
909,ACT,ACA,0,2,0,ACA,0,2,-2,Optimised-sequences_POL.csv,000,000,N,000,000,N,000,000,N,False,ACA,000,000,N,ACA,1,2,000,000,N,POL,0,20,-2,18,22
910,AAA,AAG,0,2,0,AAG,0,2,-2,Optimised-sequences_POL.csv,000,000,N,000,000,N,000,000,N,False,AAG,000,000,N,AAG,1,2,000,000,N,POL,0,20,-2,18,22
911,GAA,GAA,1,3,0,GAA,1,3,-3,Optimised-sequences_POL.csv,000,000,N,000,000,N,000,000,N,False,GAA,000,000,N,GAA,1,3,000,000,N,POL,0,20,-3,17,23
912,GCT,GCC,0,2,0,GCC,0,2,-2,Optimised-sequences_POL.csv,000,000,N,000,000,N,001,001,N,False,GCC,000,000,N,GCC,1,2,000,000,N,POL,0,20,-2,18,22
913,GAC,GAT,0,2,0,GAT,0,2,-2,Optimised-sequences_POL.csv,001,001,N,001,001,N,000,000,N,False,GAT,001,001,N,GAT,1,2,001,001,N,POL,0,20,-2,18,22
914,GCA,GCG,0,2,0,GCG,0,2,-2,Optimised-sequences_POL.csv,000,000,N,000,000,N,000,000,N,False,GCG,000,000,N,GCG,1,2,000,000,N,POL,0,20,-2,18,22
915,GTT,GTG,0,2,0,GTG,0,2,-2,Optimised-sequences_POL.csv,010,010,N,010,010,N,000,000,N,False,GTG,010,010,N,GTG,1,2,010,010,N,POL,0,20,-2,18,22
916,AGC,AGC,1,3,1,AGT,0,2,-2,Optimised-sequences_POL.csv,000,000,N,000,000,N,000,000,N,False,AGT,000,000,N,AGT,0,2,000,000,N,POL,0,20,-2,18,23
917,TAC,TAC,1,3,1,TAT,0,2,-2,Optimised-sequences_POL.csv,000,000,N,000,000,N,000,000,N,False,TAT,000,000,N,TAT,0,2,000,000,N,POL,0,20,-2,18,23
918,AAA,AAG,0,2,0,AAG,0,2,-2,Optimised-sequences_POL.csv,000,000,N,000,000,N,000,000,N,False,AAG,000,000,N,AAG,1,2,000,000,N,POL,0,20,-2,18,22
919,ATA,ATC,0,2,0,ATC,0,2,-2,Optimised-sequences_POL.csv,000,000,N,000,000,N,000,000,N,False,ATC,000,000,N,ATC,1,2,000,000,N,POL,0,20,-2,18,22
920,TCT,TCC,0,2,0,TCC,0,2,-2,Optimised-sequences_POL.csv,000,000,N,000,000,N,000,000,N,False,TCC,000,000,N,TCC,1,2,000,000,N,POL,0,20,-2,18,22
921,AGA,CGG,0,1,0,CGG,0,1,-1,Optimised-sequences_POL.csv,000,000,N,000,000,N,000,000,N,False,CGG,000,000,N,CGG,1,1,000,000,N,POL,0,20,-1,19,21
922,GAA,GAA,1,3,1,GAG,0,2,-2,Optimised-sequences_POL.csv,000,000,N,000,000,N,000,000,N,False,GAG,000,000,N,GAG,0,2,000,000,N,POL,0,20,-2,18,23
923,CAC,CAC,1,3,1,CAT,0,2,-2,Optimised-sequences_POL.csv,000,000,N,000,000,N,000,000,N,False,CAT,000,000,N,CAT,0,2,000,000,N,POL,0,20,-2,18,23
924,AAA,AAG,0,2,0,AAG,0,2,-2,Optimised-sequences_POL.csv,000,000,N,000,000,N,000,000,N,False,AAG,000,000,N,AAG,1,2,000,000,N,POL,0,20,-2,18,22
925,GGT,GGC,0,2,0,GGC,0,2,-2,Optimised-sequences_POL.csv,000,000,N,000,000,N,001,001,N,False,GGC,000,000,N,GGC,1,2,000,000,N,POL,0,20,-2,18,22
926,GAC,GAC,1,3,1,GAT,0,2,-2,Optimised-sequences_POL.csv,000,000,N,000,000,N,000,000,N,False,GAT,000,000,N,GAT,0,2,000,000,N,POL,0,20,-2,18,23
927,ACA,ACA,1,3,1,ACG,0,2,-2,Optimised-sequences_POL.csv,000,000,N,000,000,N,000,000,N,False,ACG,000,000,N,ACG,0,2,000,000,N,POL,0,20,-2,18,23
928,AAC,AAC,1,3,1,AAT,0,2,-2,Optimised-sequences_POL.csv,000,000,N,000,000,N,000,000,N,False,AAT,000,000,N,AAT,0,2,000,000,N,POL,0,20,-2,18,23
929,CCC,CCC,1,3,1,CCA,0,2,-2,Optimised-sequences_POL.csv,000,000,N,000,000,N,000,000,N,False,CCA,000,000,N,CCA,0,2,000,000,N,POL,0,20,-2,18,23
930,AGA,AGA,1,3,1,AGG,0,2,-2,Optimised-sequences_POL.csv,000,000,N,000,000,N,000,000,N,False,AGG,000,000,N,AGG,0,2,000,000,N,POL,0,20,-2,18,23
931,GAG,GAG,1,3,1,GAA,0,2,-2,Optimised-sequences_POL.csv,000,000,N,000,000,N,000,000,N,False,GAA,000,000,N,GAA,0,2,000,000,N,POL,0,20,-2,18,23
932,TAT,TAC,0,2,0,TAC,0,2,-2,Optimised-sequences_POL.csv,000,000,N,000,000,N,001,001,N,False,TAC,000,000,N,TAC,1,2,000,000,N,POL,0,20,-2,18,22
933,GCT,GCC,0,2,0,GCC,0,2,-2,Optimised-sequences_POL.csv,000,000,N,000,000,N,001,001,N,False,GCC,000,000,N,GCC,1,2,000,000,N,POL,0,20,-2,18,22
934,GCT,GCC,0,2,0,GCC,0,2,-2,Optimised-sequences_POL.csv,000,000,N,000,000,N,000,000,N,False,GCC,000,000,N,GCC,1,2,000,000,N,POL,0,20,-2,18,22
935,TGC,TGC,1,3,0,TGC,1,3,-3,Optimised-sequences_POL.csv,100,100,N,100,100,N,100,100,N,False,TGC,100,100,N,TGC,1,3,100,100,N,POL,0,20,-3,17,23
936,AGC,TCC,0,1,0,TCC,0,1,-1,Optimised-sequences_POL.csv,000,000,N,000,000,N,000,000,N,False,TCC,000,000,N,TCC,1,1,000,000,N,POL,0,20,-1,19,21
937,CTT,CTG,0,2,0,CTG,0,2,-2,Optimised-sequences_POL.csv,010,010,N,010,010,N,001,001,N,False,CTG,010,010,N,CTG,1,2,010,010,N,POL,0,20,-2,18,22
938,GAT,GAT,1,3,1,GAC,0,2,-2,Optimised-sequences_POL.csv,001,001,N,000,000,N,001,001,N,False,GAC,000,000,N,GAC,0,2,000,000,N,POL,0,20,-2,18,23
939,GAT,GAT,1,3,1,GAC,0,2,-2,Optimised-sequences_POL.csv,000,000,N,000,000,N,000,000,N,False,GAC,000,000,N,GAC,0,2,000,000,N,POL,0,20,-2,18,23
940,TGT,TGC,0,2,0,TGC,0,2,-2,Optimised-sequences_POL.csv,100,100,N,100,100,N,100,100,N,False,TGC,100,100,N,TGC,1,2,100,100,N,POL,0,20,-2,18,22
941,ATC,ATC,1,3,0,ATC,1,3,-3,Optimised-sequences_POL.csv,000,000,N,000,000,N,000,000,N,False,ATC,000,000,N,ATC,1,3,000,000,N,POL,0,20,-3,17,23
942,AAT,AAC,0,2,0,AAC,0,2,-2,Optimised-sequences_POL.csv,000,000,N,000,000,N,001,001,N,False,AAC,000,000,N,AAC,1,2,000,000,N,POL,0,20,-2,18,22
943,GGT,GGA,0,2,0,GGA,0,2,-2,Optimised-sequences_POL.csv,000,000,N,000,000,N,001,001,N,False,GGA,000,000,N,GGA,1,2,000,000,N,POL,0,20,-2,18,22
944,GGT,GGA,0,2,0,GGA,0,2,-2,Optimised-sequences_POL.csv,000,000,N,000,000,N,000,000,N,False,GGA,000,000,N,GGA,1,2,000,000,N,POL,0,20,-2,18,22
945,AAG,AAA,0,2,0,AAA,0,2,-2,Optimised-sequences_POL.csv,000,000,N,000,000,N,000,000,N,False,AAA,000,000,N,AAA,1,2,000,000,N,POL,0,20,-2,18,22
946,TCT,AGC,0,0,0,AGC,0,0,0,Optimised-sequences_POL.csv,000,000,N,000,000,N,000,000,N,False,AGC,000,000,N,AGC,1,0,000,000,N,POL,0,20,0,20,20
947,CCC,CCA,0,2,0,CCA,0,2,-2,Optimised-sequences_POL.csv,000,000,N,000,000,N,000,000,N,False,CCA,000,000,N,CCA,1,2,000,000,N,POL,0,20,-2,18,22
948,TAT,TAC,0,2,0,TAC,0,2,-2,Optimised-sequences_POL.csv,000,000,N,000,000,N,001,001,N,False,TAC,000,000,N,TAC,1,2,000,000,N,POL,0,20,-2,18,22
949,GCC,GCC,1,3,0,GCC,1,3,-3,Optimised-sequences_POL.csv,000,000,N,000,000,N,000,000,N,False,GCC,000,000,N,GCC,1,3,000,000,N,POL,0,20,-3,17,23
950,TGC,TGT,0,2,0,TGT,0,2,-2,Optimised-sequences_POL.csv,100,100,N,100,100,N,100,100,N,False,TGT,100,100,N,TGT,1,2,100,100,N,POL,0,20,-2,18,22
951,AGG,CGG,0,2,0,CGG,0,2,-2,Optimised-sequences_POL.csv,000,000,N,000,000,N,000,000,N,False,CGG,000,000,N,CGG,1,2,000,000,N,POL,0,20,-2,18,22
952,AGC,AGC,1,3,0,AGC,1,3,-3,Optimised-sequences_POL.csv,000,000,N,000,000,N,000,000,N,False,AGC,000,000,N,AGC,1,3,000,000,N,POL,0,20,-3,17,23
953,AGC,TCC,0,1,0,TCC,0,1,-1,Optimised-sequences_POL.csv,000,000,N,000,000,N,000,000,N,False,TCC,000,000,N,TCC,1,1,000,000,N,POL,0,20,-1,19,21
954,TGC,TGC,1,3,1,TGT,0,2,-2,Optimised-sequences_POL.csv,100,100,N,100,100,N,100,100,N,False,TGT,100,100,N,TGT,0,2,100,100,N,POL,0,20,-2,18,23
955,AGC,AGC,1,3,1,TCC,0,1,-1,Optimised-sequences_POL.csv,000,000,N,000,000,N,000,000,N,False,TCC,000,000,N,TCC,0,1,000,000,N,POL,0,20,-1,19,23
956,TAA,TGA,0,2,0,TGA,0,2,-2,Optimised-sequences_POL.csv,100,100,N,100,100,N,000,000,N,False,TGA,100,100,N,TGA,1,2,100,100,N,POL,0,20,-2,18,22
0,AAA,AAG,0,2,0,AAG,0,2,-2,Optimised-sequences_PRO.csv,000,000,N,000,000,N,000,000,N,False,AAG,000,000,N,AAG,1,2,000,000,N,PRO,0,30,-2,28,32
1,TGG,TGG,1,3,0,TGG,1,3,-3,Optimised-sequences_PRO.csv,100,100,N,100,100,N,100,100,N,False,TGG,100,100,N,TGG,1,3,100,100,N,PRO,0,30,-3,27,33
2,GCA,GCC,0,2,0,GCC,0,2,-2,Optimised-sequences_PRO.csv,000,000,N,000,000,N,000,000,N,False,GCC,000,000,N,GCC,1,2,000,000,N,PRO,0,30,-2,28,32
3,ACC,ACC,1,3,0,ACC,1,3,-3,Optimised-sequences_PRO.csv,000,000,N,000,000,N,000,000,N,False,ACC,000,000,N,ACC,1,3,000,000,N,PRO,0,30,-3,27,33
4,ATT,ATC,0,2,0,ATC,0,2,-2,Optimised-sequences_PRO.csv,000,000,N,000,000,N,001,001,N,False,ATC,000,000,N,ATC,1,2,000,000,N,PRO,0,30,-2,28,32
5,GTC,GTT,0,2,0,GTT,0,2,-2,Optimised-sequences_PRO.csv,001,001,N,001,001,N,000,000,N,False,GTT,001,001,N,GTT,1,2,001,001,N,PRO,0,30,-2,28,32
6,GGG,GGC,0,2,0,GGC,0,2,-2,Optimised-sequences_PRO.csv,000,000,N,000,000,N,000,000,N,False,GGC,000,000,N,GGC,1,2,000,000,N,PRO,0,30,-2,28,32
7,AAA,AAG,0,2,0,AAG,0,2,-2,Optimised-sequences_PRO.csv,000,000,N,000,000,N,000,000,N,False,AAG,000,000,N,AAG,1,2,000,000,N,PRO,0,30,-2,28,32
8,CGA,CGG,0,2,0,CGG,0,2,-2,Optimised-sequences_PRO.csv,000,000,N,000,000,N,000,000,N,False,CGG,000,000,N,CGG,1,2,000,000,N,PRO,0,30,-2,28,32
9,GCA,GCC,0,2,0,GCC,0,2,-2,Optimised-sequences_PRO.csv,000,000,N,000,000,N,000,000,N,False,GCC,000,000,N,GCC,1,2,000,000,N,PRO,0,30,-2,28,32
10,AAG,AAG,1,3,0,AAG,1,3,-3,Optimised-sequences_PRO.csv,000,000,N,000,000,N,000,000,N,False,AAG,000,000,N,AAG,1,3,000,000,N,PRO,0,30,-3,27,33
11,GGG,GGT,0,2,0,GGT,0,2,-2,Optimised-sequences_PRO.csv,000,000,N,000,000,N,000,000,N,False,GGT,000,000,N,GGT,1,2,000,000,N,PRO,0,30,-2,28,32
12,CCA,CCT,0,2,0,CCT,0,2,-2,Optimised-sequences_PRO.csv,001,001,N,001,001,N,000,000,N,False,CCT,001,001,N,CCT,1,2,001,001,N,PRO,0,30,-2,28,32
13,GCC,GCT,0,2,0,GCT,0,2,-2,Optimised-sequences_PRO.csv,000,000,N,000,000,N,000,000,N,False,GCT,000,000,N,GCT,1,2,000,000,N,PRO,0,30,-2,28,32
14,TCA,TCT,0,2,0,TCT,0,2,-2,Optimised-sequences_PRO.csv,001,001,N,001,001,N,000,000,N,False,TCT,001,001,N,TCT,1,2,001,001,N,PRO,0,30,-2,28,32
15,GGC,GGC,1,3,0,GGC,1,3,-3,Optimised-sequences_PRO.csv,000,000,N,000,000,N,000,000,N,False,GGC,000,000,N,GGC,1,3,000,000,N,PRO,0,30,-3,27,33
16,CCC,CCA,0,2,0,CCA,0,2,-2,Optimised-sequences_PRO.csv,000,000,N,000,000,N,000,000,N,False,CCA,000,000,N,CCA,1,2,000,000,N,PRO,0,30,-2,28,32
17,ACA,ACA,1,3,0,ACA,1,3,-3,Optimised-sequences_PRO.csv,000,000,N,000,000,N,000,000,N,False,ACA,000,000,N,ACA,1,3,000,000,N,PRO,0,30,-3,27,33
18,ACA,ACC,0,2,0,ACC,0,2,-2,Optimised-sequences_PRO.csv,000,000,N,000,000,N,000,000,N,False,ACC,000,000,N,ACC,1,2,000,000,N,PRO,0,30,-2,28,32
19,AAC,AAC,1,3,1,AAT,0,2,-2,Optimised-sequences_PRO.csv,000,000,N,000,000,N,000,000,N,False,AAT,000,000,N,AAT,0,2,000,000,N,PRO,0,30,-2,28,33
20,TGG,TGG,1,3,1,TGG,1,3,-3,Optimised-sequences_PRO.csv,100,100,N,100,100,N,100,100,N,False,TGG,100,100,N,TGG,1,3,100,100,N,PRO,0,30,-3,27,33
21,GGC,GGC,1,3,1,GGT,0,2,-2,Optimised-sequences_PRO.csv,000,000,N,000,000,N,000,000,N,False,GGT,000,000,N,GGT,0,2,000,000,N,PRO,0,30,-2,28,33
22,ATT,ATC,0,2,0,ATC,0,2,-2,Optimised-sequences_PRO.csv,000,000,N,000,000,N,000,000,N,False,ATC,000,000,N,ATC,1,2,000,000,N,PRO,0,30,-2,28,32
23,CCC,CCT,0,2,0,CCT,0,2,-2,Optimised-sequences_PRO.csv,000,000,N,000,000,N,000,000,N,False,CCT,000,000,N,CCT,1,2,000,000,N,PRO,0,30,-2,28,32
24,AAT,AAC,0,2,0,AAC,0,2,-2,Optimised-sequences_PRO.csv,000,000,N,000,000,N,000,000,N,False,AAC,000,000,N,AAC,1,2,000,000,N,PRO,0,30,-2,28,32
25,TCA,AGC,0,0,0,AGC,0,0,0,Optimised-sequences_PRO.csv,000,000,N,000,000,N,000,000,N,False,AGC,000,000,N,AGC,1,0,000,000,N,PRO,0,30,0,30,30
26,GCC,GCC,1,3,0,GCC,1,3,-3,Optimised-sequences_PRO.csv,000,000,N,000,000,N,000,000,N,False,GCC,000,000,N,GCC,1,3,000,000,N,PRO,0,30,-3,27,33
27,ATT,ATC,0,2,0,ATC,0,2,-2,Optimised-sequences_PRO.csv,000,000,N,000,000,N,000,000,N,False,ATC,000,000,N,ATC,1,2,000,000,N,PRO,0,30,-2,28,32
28,TGT,TGC,0,2,0,TGC,0,2,-2,Optimised-sequences_PRO.csv,100,100,N,100,100,N,100,100,N,False,TGC,100,100,N,TGC,1,2,100,100,N,PRO,0,30,-2,28,32
29,TCC,AGC,0,1,0,AGC,0,1,-1,Optimised-sequences_PRO.csv,000,000,N,000,000,N,000,000,N,False,AGC,000,000,N,AGC,1,1,000,000,N,PRO,0,30,-1,29,31
30,TCA,AGC,0,0,0,AGC,0,0,0,Optimised-sequences_PRO.csv,000,000,N,000,000,N,000,000,N,False,AGC,000,000,N,AGC,1,0,000,000,N,PRO,0,30,0,30,30
31,GGG,GGA,0,2,0,GGA,0,2,-2,Optimised-sequences_PRO.csv,000,000,N,000,000,N,000,000,N,False,GGA,000,000,N,GGA,1,2,000,000,N,PRO,0,30,-2,28,32
32,TTT,TTT,1,3,0,TTT,1,3,-3,Optimised-sequences_PRO.csv,000,000,N,000,000,N,000,000,N,False,TTT,000,000,N,TTT,1,3,000,000,N,PRO,0,30,-3,27,33
33,TCA,AGC,0,0,0,AGC,0,0,0,Optimised-sequences_PRO.csv,000,000,N,000,000,N,000,000,N,False,AGC,000,000,N,AGC,1,0,000,000,N,PRO,0,30,0,30,30
34,GGG,GGC,0,2,0,GGC,0,2,-2,Optimised-sequences_PRO.csv,000,000,N,000,000,N,000,000,N,False,GGC,000,000,N,GGC,1,2,000,000,N,PRO,0,30,-2,28,32
35,ACA,ACC,0,2,0,ACC,0,2,-2,Optimised-sequences_PRO.csv,000,000,N,000,000,N,000,000,N,False,ACC,000,000,N,ACC,1,2,000,000,N,PRO,0,30,-2,28,32
36,ACA,ACA,1,3,0,ACA,1,3,-3,Optimised-sequences_PRO.csv,000,000,N,000,000,N,000,000,N,False,ACA,000,000,N,ACA,1,3,000,000,N,PRO,0,30,-3,27,33
37,ACC,ACA,0,2,0,ACA,0,2,-2,Optimised-sequences_PRO.csv,000,000,N,000,000,N,000,000,N,False,ACA,000,000,N,ACA,1,2,000,000,N,PRO,0,30,-2,28,32
38,CCC,CCT,0,2,0,CCT,0,2,-2,Optimised-sequences_PRO.csv,000,000,N,000,000,N,000,000,N,False,CCT,000,000,N,CCT,1,2,000,000,N,PRO,0,30,-2,28,32
39,ACT,ACC,0,2,0,ACC,0,2,-2,Optimised-sequences_PRO.csv,000,000,N,000,000,N,001,001,N,False,ACC,000,000,N,ACC,1,2,000,000,N,PRO,0,30,-2,28,32
40,GTC,GTG,0,2,0,GTG,0,2,-2,Optimised-sequences_PRO.csv,010,010,N,010,010,N,000,000,N,False,GTG,010,010,N,GTG,1,2,010,010,N,PRO,0,30,-2,28,32
41,CCA,CCA,1,3,0,CCA,1,3,-3,Optimised-sequences_PRO.csv,000,000,N,000,000,N,000,000,N,False,CCA,000,000,N,CCA,1,3,000,000,N,PRO,0,30,-3,27,33
42,AGT,TCT,0,1,0,TCT,0,1,-1,Optimised-sequences_PRO.csv,001,00R,Y,001,00R,Y,001,001,N,True,AGT,001,00R,Y,AGT,0,3,001,001,N,PRO,0,30,-3,27,31
43,GTT,GTG,0,2,0,GTG,0,2,-2,Optimised-sequences_PRO.csv,010,RRR,Y,010,RRR,Y,000,000,N,False,GTG,010,RRR,Y,GTT,0,3,000,000,N,PRO,0,30,-3,27,32
44,TCA,TCT,0,2,0,TCT,0,2,-2,Optimised-sequences_PRO.csv,001,001,N,001,001,N,000,000,N,False,TCT,001,001,N,TCT,1,2,001,001,N,PRO,0,30,-2,28,32
45,GGG,GGC,0,2,0,GGC,0,2,-2,Optimised-sequences_PRO.csv,000,000,N,000,000,N,000,000,N,False,GGC,000,000,N,GGC,1,2,000,000,N,PRO,0,30,-2,28,32
46,AAT,AAC,0,2,0,AAC,0,2,-2,Optimised-sequences_PRO.csv,000,000,N,000,000,N,000,000,N,False,AAC,000,000,N,AAC,1,2,000,000,N,PRO,0,30,-2,28,32
47,AAG,AAG,1,3,0,AAG,1,3,-3,Optimised-sequences_PRO.csv,000,000,N,000,000,N,000,000,N,False,AAG,000,000,N,AAG,1,3,000,000,N,PRO,0,30,-3,27,33
48,CCA,CCT,0,2,0,CCT,0,2,-2,Optimised-sequences_PRO.csv,001,00R,Y,001,00R,Y,000,000,N,True,CCG,000,000,N,CCG,0,2,000,000,N,PRO,0,30,-2,28,32
49,GTT,GTG,0,2,0,GTG,0,2,-2,Optimised-sequences_PRO.csv,010,RRR,Y,010,RRR,Y,000,000,N,False,GTG,010,010,N,GTG,1,2,010,010,N,PRO,0,30,-2,28,32
50,ACC,ACC,1,3,0,ACC,1,3,-3,Optimised-sequences_PRO.csv,000,000,N,000,000,N,000,000,N,False,ACC,000,000,N,ACC,1,3,000,000,N,PRO,0,30,-3,27,33
51,ACA,ACC,0,2,0,ACC,0,2,-2,Optimised-sequences_PRO.csv,000,000,N,000,000,N,000,000,N,False,ACC,000,000,N,ACC,1,2,000,000,N,PRO,0,30,-2,28,32
52,ATA,ATC,0,2,0,ATC,0,2,-2,Optimised-sequences_PRO.csv,000,000,N,000,000,N,000,000,N,False,ATC,000,000,N,ATC,1,2,000,000,N,PRO,0,30,-2,28,32
53,CAA,CAA,1,3,1,CAG,0,2,-2,Optimised-sequences_PRO.csv,000,000,N,000,000,N,000,000,N,False,CAG,000,000,N,CAG,0,2,000,000,N,PRO,0,30,-2,28,33
54,CAA,CAA,1,3,1,CAG,0,2,-2,Optimised-sequences_PRO.csv,000,000,N,000,000,N,000,000,N,False,CAG,000,000,N,CAG,0,2,000,000,N,PRO,0,30,-2,28,33
55,TTG,CTG,0,2,0,CTG,0,2,-2,Optimised-sequences_PRO.csv,010,010,N,010,010,N,010,010,N,False,CTG,010,010,N,CTG,1,2,010,010,N,PRO,0,30,-2,28,32
56,TCC,AGC,0,1,0,AGC,0,1,-1,Optimised-sequences_PRO.csv,000,000,N,000,000,N,000,000,N,False,AGC,000,000,N,AGC,1,1,000,000,N,PRO,0,30,-1,29,31
57,CCC,CCC,1,3,1,CCT,0,2,-2,Optimised-sequences_PRO.csv,000,000,N,001,001,N,000,000,N,False,CCT,001,001,N,CCT,0,2,001,001,N,PRO,0,30,-2,28,33
58,GCC,GCC,1,3,1,GCA,0,2,-2,Optimised-sequences_PRO.csv,000,000,N,000,000,N,000,000,N,False,GCA,000,000,N,GCA,0,2,000,000,N,PRO,0,30,-2,28,33
59,ACA,ACA,1,3,1,ACT,0,2,-2,Optimised-sequences_PRO.csv,000,000,N,000,000,N,000,000,N,False,ACT,000,000,N,ACT,0,2,000,000,N,PRO,0,30,-2,28,33
60,AGC,AGC,1,3,1,TCG,0,0,0,Optimised-sequences_PRO.csv,000,000,N,000,000,N,000,000,N,False,TCG,000,000,N,TCG,0,0,000,000,N,PRO,0,30,0,30,33
61,GGC,GGC,1,3,1,GGT,0,2,-2,Optimised-sequences_PRO.csv,000,000,N,000,000,N,000,000,N,False,GGT,000,000,N,GGT,0,2,000,000,N,PRO,0,30,-2,28,33
62,AGT,TCT,0,1,0,TCT,0,1,-1,Optimised-sequences_PRO.csv,001,001,N,001,001,N,001,001,N,False,TCT,001,001,N,TCT,1,1,001,001,N,PRO,0,30,-1,29,31
63,GCA,GCC,0,2,0,GCC,0,2,-2,Optimised-sequences_PRO.csv,000,000,N,000,000,N,000,000,N,False,GCC,000,000,N,GCC,1,2,000,000,N,PRO,0,30,-2,28,32
64,GCA,GCT,0,2,0,GCT,0,2,-2,Optimised-sequences_PRO.csv,001,00R,Y,001,00R,Y,000,000,N,True,GCA,000,000,N,GCA,0,3,000,000,N,PRO,0,30,-3,27,32
65,GTA,GTG,0,2,0,GTG,0,2,-2,Optimised-sequences_PRO.csv,010,RRR,Y,010,RRR,Y,000,000,N,False,GTG,010,010,N,GTG,1,2,010,010,N,PRO,0,30,-2,28,32
66,GAT,GAC,0,2,0,GAC,0,2,-2,Optimised-sequences_PRO.csv,000,000,N,000,000,N,000,000,N,False,GAC,000,000,N,GAC,1,2,000,000,N,PRO,0,30,-2,28,32
67,TTA,CTG,0,1,0,CTG,0,1,-1,Optimised-sequences_PRO.csv,010,0RR,Y,010,0RR,Y,000,000,N,True,CTT,000,000,N,CTT,0,1,000,000,N,PRO,0,30,-1,29,31
68,TGT,TGC,0,2,0,TGC,0,2,-2,Optimised-sequences_PRO.csv,100,RR0,Y,100,RR0,Y,100,100,N,False,TGC,100,100,N,TGC,1,2,100,100,N,PRO,0,30,-2,28,32
69,ACT,ACC,0,2,0,ACC,0,2,-2,Optimised-sequences_PRO.csv,000,000,N,000,000,N,000,000,N,False,ACC,000,000,N,ACC,1,2,000,000,N,PRO,0,30,-2,28,32
70,ATA,ATC,0,2,0,ATC,0,2,-2,Optimised-sequences_PRO.csv,000,000,N,000,000,N,000,000,N,False,ATC,000,000,N,ATC,1,2,000,000,N,PRO,0,30,-2,28,32
71,CAA,CAG,0,2,0,CAG,0,2,-2,Optimised-sequences_PRO.csv,000,000,N,000,000,N,000,000,N,False,CAG,000,000,N,CAG,1,2,000,000,N,PRO,0,30,-2,28,32
72,GCA,GCC,0,2,0,GCC,0,2,-2,Optimised-sequences_PRO.csv,000,000,N,000,000,N,000,000,N,False,GCC,000,000,N,GCC,1,2,000,000,N,PRO,0,30,-2,28,32
73,GTC,GTG,0,2,0,GTG,0,2,-2,Optimised-sequences_PRO.csv,010,010,N,010,010,N,000,000,N,False,GTG,010,010,N,GTG,1,2,010,010,N,PRO,0,30,-2,28,32
74,TCT,TCC,0,2,0,TCC,0,2,-2,Optimised-sequences_PRO.csv,000,000,N,000,000,N,000,000,N,False,TCC,000,000,N,TCC,1,2,000,000,N,PRO,0,30,-2,28,32
75,CTG,CTG,1,3,0,CTG,1,3,-3,Optimised-sequences_PRO.csv,010,010,N,010,010,N,010,010,N,False,CTG,010,010,N,CTG,1,3,010,010,N,PRO,0,30,-3,27,33
76,CTT,CTG,0,2,0,CTG,0,2,-2,Optimised-sequences_PRO.csv,010,010,N,010,010,N,000,000,N,False,CTG,010,010,N,CTG,1,2,010,010,N,PRO,0,30,-2,28,32
77,CCA,CCT,0,2,0,CCT,0,2,-2,Optimised-sequences_PRO.csv,001,001,N,001,001,N,000,000,N,False,CCT,001,001,N,CCT,1,2,001,001,N,PRO,0,30,-2,28,32
78,GGG,GGC,0,2,0,GGC,0,2,-2,Optimised-sequences_PRO.csv,000,000,N,000,000,N,000,000,N,False,GGC,000,000,N,GGC,1,2,000,000,N,PRO,0,30,-2,28,32
79,GAG,GAG,1,3,0,GAG,1,3,-3,Optimised-sequences_PRO.csv,000,000,N,000,000,N,000,000,N,False,GAG,000,000,N,GAG,1,3,000,000,N,PRO,0,30,-3,27,33
80,CCC,CCT,0,2,0,CCT,0,2,-2,Optimised-sequences_PRO.csv,000,000,N,000,000,N,000,000,N,False,CCT,000,000,N,CCT,1,2,000,000,N,PRO,0,30,-2,28,32
81,CCA,CCA,1,3,0,CCA,1,3,-3,Optimised-sequences_PRO.csv,000,000,N,000,000,N,000,000,N,False,CCA,000,000,N,CCA,1,3,000,000,N,PRO,0,30,-3,27,33
82,CAA,CAG,0,2,0,CAG,0,2,-2,Optimised-sequences_PRO.csv,000,000,N,000,000,N,000,000,N,False,CAG,000,000,N,CAG,1,2,000,000,N,PRO,0,30,-2,28,32
83,AAA,AAG,0,2,0,AAG,0,2,-2,Optimised-sequences_PRO.csv,000,000,N,000,000,N,000,000,N,False,AAG,000,000,N,AAG,1,2,000,000,N,PRO,0,30,-2,28,32
84,ATC,ATC,1,3,0,ATC,1,3,-3,Optimised-sequences_PRO.csv,000,000,N,000,000,N,000,000,N,False,ATC,000,000,N,ATC,1,3,000,000,N,PRO,0,30,-3,27,33
85,CCC,CCT,0,2,0,CCT,0,2,-2,Optimised-sequences_PRO.csv,000,000,N,000,000,N,000,000,N,False,CCT,000,000,N,CCT,1,2,000,000,N,PRO,0,30,-2,28,32
86,ACA,ACA,1,3,0,ACA,1,3,-3,Optimised-sequences_PRO.csv,000,000,N,000,000,N,000,000,N,False,ACA,000,000,N,ACA,1,3,000,000,N,PRO,0,30,-3,27,33
87,GGG,GGC,0,2,0,GGC,0,2,-2,Optimised-sequences_PRO.csv,000,000,N,000,000,N,000,000,N,False,GGC,000,000,N,GGC,1,2,000,000,N,PRO,0,30,-2,28,32
88,GTA,GTG,0,2,0,GTG,0,2,-2,Optimised-sequences_PRO.csv,010,010,N,010,010,N,000,000,N,False,GTG,010,010,N,GTG,1,2,010,010,N,PRO,0,30,-2,28,32
89,TAT,TAC,0,2,0,TAC,0,2,-2,Optimised-sequences_PRO.csv,000,000,N,000,000,N,001,001,N,False,TAC,000,000,N,TAC,1,2,000,000,N,PRO,0,30,-2,28,32
90,GGC,GGC,1,3,0,GGC,1,3,-3,Optimised-sequences_PRO.csv,000,000,N,000,000,N,000,000,N,False,GGC,000,000,N,GGC,1,3,000,000,N,PRO,0,30,-3,27,33
91,CCC,CCT,0,2,0,CCT,0,2,-2,Optimised-sequences_PRO.csv,000,000,N,000,000,N,000,000,N,False,CCT,000,000,N,CCT,1,2,000,000,N,PRO,0,30,-2,28,32
92,CTG,CTG,1,3,1,TTA,0,1,-1,Optimised-sequences_PRO.csv,010,010,N,000,000,N,010,010,N,False,TTA,000,000,N,TTA,0,1,000,000,N,PRO,0,30,-1,29,33
93,CCT,CCT,1,3,1,CCA,0,2,-2,Optimised-sequences_PRO.csv,001,001,N,000,000,N,001,001,N,False,CCA,000,000,N,CCA,0,2,000,000,N,PRO,0,30,-2,28,33
94,GAG,GAG,1,3,1,GAA,0,2,-2,Optimised-sequences_PRO.csv,000,000,N,000,000,N,000,000,N,False,GAA,000,000,N,GAA,0,2,000,000,N,PRO,0,30,-2,28,33
95,GGG,GGC,0,2,0,GGC,0,2,-2,Optimised-sequences_PRO.csv,000,000,N,000,000,N,000,000,N,False,GGC,000,000,N,GGC,1,2,000,000,N,PRO,0,30,-2,28,32
96,ACT,ACC,0,2,0,ACC,0,2,-2,Optimised-sequences_PRO.csv,000,000,N,000,000,N,001,001,N,False,ACC,000,000,N,ACC,1,2,000,000,N,PRO,0,30,-2,28,32
97,GTA,GTG,0,2,0,GTG,0,2,-2,Optimised-sequences_PRO.csv,010,010,N,010,010,N,000,000,N,False,GTG,010,010,N,GTG,1,2,010,010,N,PRO,0,30,-2,28,32
98,GGA,GGC,0,2,0,GGC,0,2,-2,Optimised-sequences_PRO.csv,000,000,N,000,000,N,000,000,N,False,GGC,000,000,N,GGC,1,2,000,000,N,PRO,0,30,-2,28,32
99,CTA,CTG,0,2,0,CTG,0,2,-2,Optimised-sequences_PRO.csv,010,010,N,010,010,N,000,000,N,False,CTG,010,010,N,CTG,1,2,010,010,N,PRO,0,30,-2,28,32
100,ATC,ATC,1,3,0,ATC,1,3,-3,Optimised-sequences_PRO.csv,000,000,N,000,000,N,000,000,N,False,ATC,000,000,N,ATC,1,3,000,000,N,PRO,0,30,-3,27,33
101,TTG,CTG,0,2,0,CTG,0,2,-2,Optimised-sequences_PRO.csv,010,010,N,010,010,N,010,010,N,False,CTG,010,010,N,CTG,1,2,010,010,N,PRO,0,30,-2,28,32
102,GGA,GGC,0,2,0,GGC,0,2,-2,Optimised-sequences_PRO.csv,000,000,N,000,000,N,000,000,N,False,GGC,000,000,N,GGC,1,2,000,000,N,PRO,0,30,-2,28,32
103,AGA,AGA,1,3,0,AGA,1,3,-3,Optimised-sequences_PRO.csv,000,000,N,000,000,N,000,000,N,False,AGA,000,000,N,AGA,1,3,000,000,N,PRO,0,30,-3,27,33
104,TCA,AGC,0,0,0,AGC,0,0,0,Optimised-sequences_PRO.csv,000,000,N,000,000,N,000,000,N,False,AGC,000,000,N,AGC,1,0,000,000,N,PRO,0,30,0,30,30
105,AGT,AGC,0,2,0,AGC,0,2,-2,Optimised-sequences_PRO.csv,000,000,N,000,000,N,000,000,N,False,AGC,000,000,N,AGC,1,2,000,000,N,PRO,0,30,-2,28,32
106,CTA,CTG,0,2,0,CTG,0,2,-2,Optimised-sequences_PRO.csv,010,010,N,010,010,N,000,000,N,False,CTG,010,010,N,CTG,1,2,010,010,N,PRO,0,30,-2,28,32
107,AAT,AAT,1,3,0,AAT,1,3,-3,Optimised-sequences_PRO.csv,000,000,N,000,000,N,000,000,N,False,AAT,000,000,N,AAT,1,3,000,000,N,PRO,0,30,-3,27,33
108,CTA,CTT,0,2,0,CTT,0,2,-2,Optimised-sequences_PRO.csv,000,000,N,000,000,N,000,000,N,False,CTT,000,000,N,CTT,1,2,000,000,N,PRO,0,30,-2,28,32
109,AAA,AAA,1,3,1,AAG,0,2,-2,Optimised-sequences_PRO.csv,000,000,N,000,000,N,000,000,N,False,AAG,000,000,N,AAG,0,2,000,000,N,PRO,0,30,-2,28,33
110,GGA,GGA,1,3,1,GGC,0,2,-2,Optimised-sequences_PRO.csv,000,000,N,000,000,N,000,000,N,False,GGC,000,000,N,GGC,0,2,000,000,N,PRO,0,30,-2,28,33
111,GTT,GTG,0,2,0,GTG,0,2,-2,Optimised-sequences_PRO.csv,010,010,N,010,010,N,000,000,N,False,GTG,010,010,N,GTG,1,2,010,010,N,PRO,0,30,-2,28,32
112,CAA,CAG,0,2,0,CAG,0,2,-2,Optimised-sequences_PRO.csv,000,000,N,000,000,N,000,000,N,False,CAG,000,000,N,CAG,1,2,000,000,N,PRO,0,30,-2,28,32
113,ATT,ATC,0,2,0,ATC,0,2,-2,Optimised-sequences_PRO.csv,000,000,N,000,000,N,000,000,N,False,ATC,000,000,N,ATC,1,2,000,000,N,PRO,0,30,-2,28,32
114,CAT,CAC,0,2,0,CAC,0,2,-2,Optimised-sequences_PRO.csv,000,000,N,000,000,N,000,000,N,False,CAC,000,000,N,CAC,1,2,000,000,N,PRO,0,30,-2,28,32
115,ACT,ACC,0,2,0,ACC,0,2,-2,Optimised-sequences_PRO.csv,000,000,N,000,000,N,000,000,N,False,ACC,000,000,N,ACC,1,2,000,000,N,PRO,0,30,-2,28,32
116,AGT,AGC,0,2,0,AGC,0,2,-2,Optimised-sequences_PRO.csv,000,000,N,000,000,N,001,00R,Y,False,AGC,000,000,N,AGC,1,2,000,000,N,PRO,0,30,-2,28,32
117,GTG,GTG,1,3,0,GTG,1,3,-3,Optimised-sequences_PRO.csv,010,010,N,010,010,N,010,RRR,Y,False,GTG,010,010,N,GTG,1,3,010,010,N,PRO,0,30,-3,27,33
118,GTT,GTG,0,2,0,GTG,0,2,-2,Optimised-sequences_PRO.csv,010,010,N,010,010,N,001,001,N,False,GTG,010,010,N,GTG,1,2,010,010,N,PRO,0,30,-2,28,32
119,GAT,GAC,0,2,0,GAC,0,2,-2,Optimised-sequences_PRO.csv,000,000,N,000,000,N,000,000,N,False,GAC,000,000,N,GAC,1,2,000,000,N,PRO,0,30,-2,28,32
120,TCA,AGC,0,0,0,AGC,0,0,0,Optimised-sequences_PRO.csv,000,000,N,000,000,N,000,000,N,False,AGC,000,000,N,AGC,1,0,000,000,N,PRO,0,30,0,30,30
121,GAC,GAC,1,3,0,GAC,1,3,-3,Optimised-sequences_PRO.csv,000,000,N,000,000,N,000,000,N,False,GAC,000,000,N,GAC,1,3,000,000,N,PRO,0,30,-3,27,33
122,TAT,TAC,0,2,0,TAC,0,2,-2,Optimised-sequences_PRO.csv,000,000,N,000,000,N,000,000,N,False,TAC,000,000,N,TAC,1,2,000,000,N,PRO,0,30,-2,28,32
123,AAA,AAG,0,2,0,AAG,0,2,-2,Optimised-sequences_PRO.csv,000,000,N,000,000,N,000,000,N,False,AAG,000,000,N,AAG,1,2,000,000,N,PRO,0,30,-2,28,32
124,GGC,GGC,1,3,1,GGT,0,2,-2,Optimised-sequences_PRO.csv,000,000,N,001,001,N,000,000,N,False,GGT,001,001,N,GGT,0,2,001,001,N,PRO,0,30,-2,28,33
125,GAA,GAA,1,3,1,GAG,0,2,-2,Optimised-sequences_PRO.csv,000,000,N,000,000,N,000,000,N,False,GAG,000,000,N,GAG,0,2,000,000,N,PRO,0,30,-2,28,33
126,ATT,ATC,0,2,0,ATC,0,2,-2,Optimised-sequences_PRO.csv,000,000,N,000,000,N,000,000,N,False,ATC,000,000,N,ATC,1,2,000,000,N,PRO,0,30,-2,28,32
127,CAA,CAG,0,2,0,CAG,0,2,-2,Optimised-sequences_PRO.csv,000,000,N,000,000,N,000,000,N,False,CAG,000,000,N,CAG,1,2,000,000,N,PRO,0,30,-2,28,32
128,TTG,CTG,0,2,0,CTG,0,2,-2,Optimised-sequences_PRO.csv,010,010,N,010,010,N,010,010,N,False,CTG,010,010,N,CTG,1,2,010,010,N,PRO,0,30,-2,28,32
129,GTT,GTG,0,2,0,GTG,0,2,-2,Optimised-sequences_PRO.csv,010,010,N,010,010,N,000,000,N,False,GTG,010,010,N,GTG,1,2,010,010,N,PRO,0,30,-2,28,32
130,ATT,ATC,0,2,0,ATC,0,2,-2,Optimised-sequences_PRO.csv,000,000,N,000,000,N,000,000,N,False,ATC,000,000,N,ATC,1,2,000,000,N,PRO,0,30,-2,28,32
131,AGC,AGC,1,3,0,AGC,1,3,-3,Optimised-sequences_PRO.csv,000,000,N,000,000,N,000,000,N,False,AGC,000,000,N,AGC,1,3,000,000,N,PRO,0,30,-3,27,33
132,TCT,TCC,0,2,0,TCC,0,2,-2,Optimised-sequences_PRO.csv,000,000,N,000,000,N,000,000,N,False,TCC,000,000,N,TCC,1,2,000,000,N,PRO,0,30,-2,28,32
133,TCA,AGC,0,0,0,AGC,0,0,0,Optimised-sequences_PRO.csv,000,000,N,000,000,N,000,000,N,False,AGC,000,000,N,AGC,1,0,000,000,N,PRO,0,30,0,30,30
134,ATT,ATT,1,3,0,ATT,1,3,-3,Optimised-sequences_PRO.csv,000,000,N,000,000,N,000,000,N,False,ATT,000,000,N,ATT,1,3,000,000,N,PRO,0,30,-3,27,33
135,CCT,CCA,0,2,0,CCA,0,2,-2,Optimised-sequences_PRO.csv,000,000,N,000,000,N,000,000,N,False,CCA,000,000,N,CCA,1,2,000,000,N,PRO,0,30,-2,28,32
136,TGG,TGG,1,3,0,TGG,1,3,-3,Optimised-sequences_PRO.csv,100,100,N,100,100,N,100,100,N,False,TGG,100,100,N,TGG,1,3,100,100,N,PRO,0,30,-3,27,33
137,AGT,TCC,0,0,0,TCC,0,0,0,Optimised-sequences_PRO.csv,000,000,N,000,000,N,001,001,N,False,TCC,000,000,N,TCC,1,0,000,000,N,PRO,0,30,0,30,30
138,GCC,GCC,1,3,0,GCC,1,3,-3,Optimised-sequences_PRO.csv,000,000,N,000,000,N,000,000,N,False,GCC,000,000,N,GCC,1,3,000,000,N,PRO,0,30,-3,27,33
139,AGT,TCC,0,0,0,TCC,0,0,0,Optimised-sequences_PRO.csv,000,000,N,000,000,N,000,000,N,False,TCC,000,000,N,TCC,1,0,000,000,N,PRO,0,30,0,30,30
140,CCA,CCT,0,2,0,CCT,0,2,-2,Optimised-sequences_PRO.csv,001,001,N,001,001,N,000,000,N,False,CCT,001,001,N,CCT,1,2,001,001,N,PRO,0,30,-2,28,32
141,GGA,GGC,0,2,0,GGC,0,2,-2,Optimised-sequences_PRO.csv,000,000,N,000,000,N,000,000,N,False,GGC,000,000,N,GGC,1,2,000,000,N,PRO,0,30,-2,28,32
142,GAC,GAT,0,2,0,GAT,0,2,-2,Optimised-sequences_PRO.csv,000,000,N,000,000,N,000,000,N,False,GAT,000,000,N,GAT,1,2,000,000,N,PRO,0,30,-2,28,32
143,AGG,AGA,0,2,0,AGA,0,2,-2,Optimised-sequences_PRO.csv,000,000,N,000,000,N,000,000,N,False,AGA,000,000,N,AGA,1,2,000,000,N,PRO,0,30,-2,28,32
144,ATT,ATC,0,2,0,ATC,0,2,-2,Optimised-sequences_PRO.csv,000,000,N,000,000,N,001,001,N,False,ATC,000,000,N,ATC,1,2,000,000,N,PRO,0,30,-2,28,32
145,GCT,GCC,0,2,0,GCC,0,2,-2,Optimised-sequences_PRO.csv,000,000,N,000,000,N,000,000,N,False,GCC,000,000,N,GCC,1,2,000,000,N,PRO,0,30,-2,28,32
146,CAA,CAG,0,2,0,CAG,0,2,-2,Optimised-sequences_PRO.csv,000,000,N,000,000,N,000,000,N,False,CAG,000,000,N,CAG,1,2,000,000,N,PRO,0,30,-2,28,32
147,TTA,CTG,0,1,0,CTG,0,1,-1,Optimised-sequences_PRO.csv,010,010,N,010,010,N,000,000,N,False,CTG,010,010,N,CTG,1,1,010,010,N,PRO,0,30,-1,29,31
148,TTA,CTC,0,1,0,CTC,0,1,-1,Optimised-sequences_PRO.csv,000,000,N,000,000,N,000,000,N,False,CTC,000,000,N,CTC,1,1,000,000,N,PRO,0,30,-1,29,31
149,CTC,CTG,0,2,0,CTG,0,2,-2,Optimised-sequences_PRO.csv,010,010,N,010,010,N,000,000,N,False,CTG,010,010,N,CTG,1,2,010,010,N,PRO,0,30,-2,28,32
150,CTG,CTC,0,2,0,CTC,0,2,-2,Optimised-sequences_PRO.csv,000,000,N,000,000,N,010,010,N,False,CTC,000,000,N,CTC,1,2,000,000,N,PRO,0,30,-2,28,32
151,CCA,CCC,0,2,0,CCC,0,2,-2,Optimised-sequences_PRO.csv,000,000,N,000,000,N,000,000,N,False,CCC,000,000,N,CCC,1,2,000,000,N,PRO,0,30,-2,28,32
152,TAT,TAC,0,2,0,TAC,0,2,-2,Optimised-sequences_PRO.csv,000,000,N,000,000,N,000,000,N,False,TAC,000,000,N,TAC,1,2,000,000,N,PRO,0,30,-2,28,32
153,ATT,ATC,0,2,0,ATC,0,2,-2,Optimised-sequences_PRO.csv,000,000,N,000,000,N,000,000,N,False,ATC,000,000,N,ATC,1,2,000,000,N,PRO,0,30,-2,28,32
154,AAG,AAG,1,3,0,AAG,1,3,-3,Optimised-sequences_PRO.csv,000,000,N,000,000,N,000,000,N,False,AAG,000,000,N,AAG,1,3,000,000,N,PRO,0,30,-3,27,33
155,GGT,GGC,0,2,0,GGC,0,2,-2,Optimised-sequences_PRO.csv,000,000,N,000,000,N,001,001,N,False,GGC,000,000,N,GGC,1,2,000,000,N,PRO,0,30,-2,28,32
156,GGA,GGA,1,3,1,GGT,0,2,-2,Optimised-sequences_PRO.csv,000,000,N,000,000,N,000,000,N,False,GGT,000,000,N,GGT,0,2,000,000,N,PRO,0,30,-2,28,33
157,AAT,AAT,1,3,1,AAC,0,2,-2,Optimised-sequences_PRO.csv,000,000,N,000,000,N,000,000,N,False,AAC,000,000,N,AAC,0,2,000,000,N,PRO,0,30,-2,28,33
158,AGT,AGC,0,2,0,AGC,0,2,-2,Optimised-sequences_PRO.csv,000,000,N,000,000,N,001,001,N,False,AGC,000,000,N,AGC,1,2,000,000,N,PRO,0,30,-2,28,32
159,GAA,GAA,1,3,0,GAA,1,3,-3,Optimised-sequences_PRO.csv,000,000,N,000,000,N,000,000,N,False,GAA,000,000,N,GAA,1,3,000,000,N,PRO,0,30,-3,27,33
160,ATA,ATC,0,2,0,ATC,0,2,-2,Optimised-sequences_PRO.csv,000,000,N,000,000,N,000,000,N,False,ATC,000,000,N,ATC,1,2,000,000,N,PRO,0,30,-2,28,32
161,AAA,AAG,0,2,0,AAG,0,2,-2,Optimised-sequences_PRO.csv,000,000,N,000,000,N,000,000,N,False,AAG,000,000,N,AAG,1,2,000,000,N,PRO,0,30,-2,28,32
162,AGA,AGG,0,2,0,AGG,0,2,-2,Optimised-sequences_PRO.csv,000,000,N,000,000,N,000,000,N,False,AGG,000,000,N,AGG,1,2,000,000,N,PRO,0,30,-2,28,32
163,ATA,ATC,0,2,0,ATC,0,2,-2,Optimised-sequences_PRO.csv,000,000,N,000,000,N,000,000,N,False,ATC,000,000,N,ATC,1,2,000,000,N,PRO,0,30,-2,28,32
164,GGA,GGA,1,3,0,GGA,1,3,-3,Optimised-sequences_PRO.csv,000,000,N,000,000,N,000,000,N,False,GGA,000,000,N,GGA,1,3,000,000,N,PRO,0,30,-3,27,33
165,GGG,GGC,0,2,0,GGC,0,2,-2,Optimised-sequences_PRO.csv,000,000,N,000,000,N,000,000,N,False,GGC,000,000,N,GGC,1,2,000,000,N,PRO,0,30,-2,28,32
166,CTT,CTG,0,2,0,CTG,0,2,-2,Optimised-sequences_PRO.csv,010,010,N,010,010,N,001,001,N,False,CTG,010,010,N,CTG,1,2,010,010,N,PRO,0,30,-2,28,32
167,GGA,GGC,0,2,0,GGC,0,2,-2,Optimised-sequences_PRO.csv,000,000,N,000,000,N,000,000,N,False,GGC,000,000,N,GGC,1,2,000,000,N,PRO,0,30,-2,28,32
168,AGC,AGC,1,3,0,AGC,1,3,-3,Optimised-sequences_PRO.csv,000,000,N,000,000,N,000,000,N,False,AGC,000,000,N,AGC,1,3,000,000,N,PRO,0,30,-3,27,33
169,ACT,ACC,0,2,0,ACC,0,2,-2,Optimised-sequences_PRO.csv,000,000,N,000,000,N,001,001,N,False,ACC,000,000,N,ACC,1,2,000,000,N,PRO,0,30,-2,28,32
170,GAT,GAC,0,2,0,GAC,0,2,-2,Optimised-sequences_PRO.csv,000,000,N,000,000,N,000,000,N,False,GAC,000,000,N,GAC,1,2,000,000,N,PRO,0,30,-2,28,32
171,CCA,CCC,0,2,0,CCC,0,2,-2,Optimised-sequences_PRO.csv,000,000,N,000,000,N,000,000,N,False,CCC,000,000,N,CCC,1,2,000,000,N,PRO,0,30,-2,28,32
172,ACA,ACC,0,2,0,ACC,0,2,-2,Optimised-sequences_PRO.csv,000,000,N,000,000,N,000,000,N,False,ACC,000,000,N,ACC,1,2,000,000,N,PRO,0,30,-2,28,32
173,GGA,GGA,1,3,1,GGC,0,2,-2,Optimised-sequences_PRO.csv,000,000,N,000,000,N,000,000,N,False,GGC,000,000,N,GGC,0,2,000,000,N,PRO,0,30,-2,28,33
174,AAG,AAG,1,3,1,AAA,0,2,-2,Optimised-sequences_PRO.csv,000,000,N,000,000,N,000,000,N,False,AAA,000,000,N,AAA,0,2,000,000,N,PRO,0,30,-2,28,33
175,GCT,GCC,0,2,0,GCC,0,2,-2,Optimised-sequences_PRO.csv,000,000,N,000,000,N,001,001,N,False,GCC,000,000,N,GCC,1,2,000,000,N,PRO,0,30,-2,28,32
176,GCA,GCC,0,2,0,GCC,0,2,-2,Optimised-sequences_PRO.csv,000,000,N,000,000,N,000,000,N,False,GCC,000,000,N,GCC,1,2,000,000,N,PRO,0,30,-2,28,32
177,TAT,TAC,0,2,0,TAC,0,2,-2,Optimised-sequences_PRO.csv,000,000,N,000,000,N,000,000,N,False,TAC,000,000,N,TAC,1,2,000,000,N,PRO,0,30,-2,28,32
178,TGG,TGG,1,3,0,TGG,1,3,-3,Optimised-sequences_PRO.csv,100,100,N,100,100,N,100,100,N,False,TGG,100,100,N,TGG,1,3,100,100,N,PRO,0,30,-3,27,33
179,GCA,GCT,0,2,0,GCT,0,2,-2,Optimised-sequences_PRO.csv,000,000,N,000,000,N,000,000,N,False,GCT,000,000,N,GCT,1,2,000,000,N,PRO,0,30,-2,28,32
180,AGT,AGC,0,2,0,AGC,0,2,-2,Optimised-sequences_PRO.csv,000,000,N,000,000,N,000,000,N,False,AGC,000,000,N,AGC,1,2,000,000,N,PRO,0,30,-2,28,32
181,CAG,CAG,1,3,0,CAG,1,3,-3,Optimised-sequences_PRO.csv,000,000,N,000,000,N,000,000,N,False,CAG,000,000,N,CAG,1,3,000,000,N,PRO,0,30,-3,27,33
182,GTC,GTG,0,2,0,GTG,0,2,-2,Optimised-sequences_PRO.csv,010,010,N,010,010,N,000,000,N,False,GTG,010,010,N,GTG,1,2,010,010,N,PRO,0,30,-2,28,32
183,TCA,TCT,0,2,0,TCT,0,2,-2,Optimised-sequences_PRO.csv,001,001,N,001,001,N,000,000,N,False,TCT,001,001,N,TCT,1,2,001,001,N,PRO,0,30,-2,28,32
184,GAG,GAA,0,2,0,GAA,0,2,-2,Optimised-sequences_PRO.csv,000,000,N,000,000,N,000,000,N,False,GAA,000,000,N,GAA,1,2,000,000,N,PRO,0,30,-2,28,32
185,AAC,AAC,1,3,1,AAT,0,2,-2,Optimised-sequences_PRO.csv,000,000,N,000,000,N,000,000,N,False,AAT,000,000,N,AAT,0,2,000,000,N,PRO,0,30,-2,28,33
186,AGA,AGA,1,3,1,CGT,0,1,-1,Optimised-sequences_PRO.csv,000,000,N,000,000,N,000,000,N,False,CGT,000,000,N,CGT,0,1,000,000,N,PRO,0,30,-1,29,33
187,CCT,CCT,1,3,1,CCC,0,2,-2,Optimised-sequences_PRO.csv,001,00R,Y,000,000,N,001,00R,Y,False,CCC,000,000,N,CCC,0,2,000,000,N,PRO,0,30,-2,28,33
188,GTG,GTG,1,3,1,GTC,0,2,-2,Optimised-sequences_PRO.csv,010,RRR,Y,000,000,N,010,RRR,Y,False,GTC,000,000,N,GTC,0,2,000,000,N,PRO,0,30,-2,28,33
189,TGT,TGT,1,3,1,TGC,0,2,-2,Optimised-sequences_PRO.csv,100,100,N,100,100,N,100,100,N,False,TGC,100,100,N,TGC,0,2,100,100,N,PRO,0,30,-2,28,33
190,AAG,AAA,0,2,0,AAA,0,2,-2,Optimised-sequences_PRO.csv,000,000,N,000,000,N,000,000,N,False,AAA,000,000,N,AAA,1,2,000,000,N,PRO,0,30,-2,28,32
191,GCC,GCC,1,3,0,GCC,1,3,-3,Optimised-sequences_PRO.csv,000,000,N,000,000,N,000,000,N,False,GCC,000,000,N,GCC,1,3,000,000,N,PRO,0,30,-3,27,33
192,ATT,ATC,0,2,0,ATC,0,2,-2,Optimised-sequences_PRO.csv,000,000,N,000,000,N,000,000,N,False,ATC,000,000,N,ATC,1,2,000,000,N,PRO,0,30,-2,28,32
193,ATT,ATC,0,2,0,ATC,0,2,-2,Optimised-sequences_PRO.csv,000,000,N,000,000,N,000,000,N,False,ATC,000,000,N,ATC,1,2,000,000,N,PRO,0,30,-2,28,32
194,CAA,CAG,0,2,0,CAG,0,2,-2,Optimised-sequences_PRO.csv,000,000,N,000,000,N,000,000,N,False,CAG,000,000,N,CAG,1,2,000,000,N,PRO,0,30,-2,28,32
195,GGA,GGC,0,2,0,GGC,0,2,-2,Optimised-sequences_PRO.csv,000,000,N,000,000,N,000,000,N,False,GGC,000,000,N,GGC,1,2,000,000,N,PRO,0,30,-2,28,32
196,AAA,AAG,0,2,0,AAG,0,2,-2,Optimised-sequences_PRO.csv,000,000,N,000,000,N,000,000,N,False,AAG,000,000,N,AAG,1,2,000,000,N,PRO,0,30,-2,28,32
197,CAG,CAG,1,3,0,CAG,1,3,-3,Optimised-sequences_PRO.csv,000,000,N,000,000,N,000,000,N,False,CAG,000,000,N,CAG,1,3,000,000,N,PRO,0,30,-3,27,33
198,TTT,TTC,0,2,0,TTC,0,2,-2,Optimised-sequences_PRO.csv,000,000,N,000,000,N,001,001,N,False,TTC,000,000,N,TTC,1,2,000,000,N,PRO,0,30,-2,28,32
199,GAA,GAG,0,2,0,GAG,0,2,-2,Optimised-sequences_PRO.csv,000,000,N,000,000,N,000,000,N,False,GAG,000,000,N,GAG,1,2,000,000,N,PRO,0,30,-2,28,32
200,GGG,GGC,0,2,0,GGC,0,2,-2,Optimised-sequences_PRO.csv,000,000,N,000,000,N,000,000,N,False,GGC,000,000,N,GGC,1,2,000,000,N,PRO,0,30,-2,28,32
201,TTG,CTG,0,2,0,CTG,0,2,-2,Optimised-sequences_PRO.csv,010,010,N,010,010,N,010,010,N,False,CTG,010,010,N,CTG,1,2,010,010,N,PRO,0,30,-2,28,32
202,GTA,GTC,0,2,0,GTC,0,2,-2,Optimised-sequences_PRO.csv,000,000,N,000,000,N,000,000,N,False,GTC,000,000,N,GTC,1,2,000,000,N,PRO,0,30,-2,28,32
203,GAC,GAC,1,3,0,GAC,1,3,-3,Optimised-sequences_PRO.csv,000,000,N,000,000,N,000,000,N,False,GAC,000,000,N,GAC,1,3,000,000,N,PRO,0,30,-3,27,33
204,ACT,ACC,0,2,0,ACC,0,2,-2,Optimised-sequences_PRO.csv,000,000,N,000,000,N,001,001,N,False,ACC,000,000,N,ACC,1,2,000,000,N,PRO,0,30,-2,28,32
205,GGA,GGC,0,2,0,GGC,0,2,-2,Optimised-sequences_PRO.csv,000,000,N,000,000,N,000,000,N,False,GGC,000,000,N,GGC,1,2,000,000,N,PRO,0,30,-2,28,32
206,GCA,GCT,0,2,0,GCT,0,2,-2,Optimised-sequences_PRO.csv,001,001,N,001,001,N,000,000,N,False,GCT,001,001,N,GCT,1,2,001,001,N,PRO,0,30,-2,28,32
207,GAT,GAT,1,3,0,GAT,1,3,-3,Optimised-sequences_PRO.csv,001,00R,Y,001,00R,Y,001,001,N,True,GAC,000,000,N,GAC,0,2,000,000,N,PRO,0,30,-2,28,33
208,GTC,GTG,0,2,0,GTG,0,2,-2,Optimised-sequences_PRO.csv,010,RRR,Y,010,RRR,Y,000,000,N,False,GTG,010,010,N,GTG,1,2,010,010,N,PRO,0,30,-2,28,32
209,TCT,TCC,0,2,0,TCC,0,2,-2,Optimised-sequences_PRO.csv,000,000,N,000,000,N,000,000,N,False,TCC,000,000,N,TCC,1,2,000,000,N,PRO,0,30,-2,28,32
210,ATC,ATC,1,3,0,ATC,1,3,-3,Optimised-sequences_PRO.csv,000,000,N,000,000,N,000,000,N,False,ATC,000,000,N,ATC,1,3,000,000,N,PRO,0,30,-3,27,33
211,ATT,ATC,0,2,0,ATC,0,2,-2,Optimised-sequences_PRO.csv,000,000,N,000,000,N,001,001,N,False,ATC,000,000,N,ATC,1,2,000,000,N,PRO,0,30,-2,28,32
212,GCT,GCC,0,2,0,GCC,0,2,-2,Optimised-sequences_PRO.csv,000,000,N,000,000,N,000,000,N,False,GCC,000,000,N,GCC,1,2,000,000,N,PRO,0,30,-2,28,32
213,TTA,CTG,0,1,0,CTG,0,1,-1,Optimised-sequences_PRO.csv,010,010,N,010,010,N,000,000,N,False,CTG,010,010,N,CTG,1,1,010,010,N,PRO,0,30,-1,29,31
214,AAT,AAC,0,2,0,AAC,0,2,-2,Optimised-sequences_PRO.csv,000,000,N,000,000,N,000,000,N,False,AAC,000,000,N,AAC,1,2,000,000,N,PRO,0,30,-2,28,32
215,CAG,CAG,1,3,1,CAA,0,2,-2,Optimised-sequences_PRO.csv,000,000,N,000,000,N,000,000,N,False,CAA,000,000,N,CAA,0,2,000,000,N,PRO,0,30,-2,28,33
216,TGG,TGG,1,3,1,TGG,1,3,-3,Optimised-sequences_PRO.csv,100,100,N,100,100,N,100,100,N,False,TGG,100,100,N,TGG,1,3,100,100,N,PRO,0,30,-3,27,33
217,CCA,CCT,0,2,0,CCT,0,2,-2,Optimised-sequences_PRO.csv,000,000,N,000,000,N,000,000,N,False,CCT,000,000,N,CCT,1,2,000,000,N,PRO,0,30,-2,28,32
218,AAA,AAG,0,2,0,AAG,0,2,-2,Optimised-sequences_PRO.csv,000,000,N,000,000,N,000,000,N,False,AAG,000,000,N,AAG,1,2,000,000,N,PRO,0,30,-2,28,32
219,AAT,AAC,0,2,0,AAC,0,2,-2,Optimised-sequences_PRO.csv,000,000,N,000,000,N,000,000,N,False,AAC,000,000,N,AAC,1,2,000,000,N,PRO,0,30,-2,28,32
220,TGG,TGG,1,3,0,TGG,1,3,-3,Optimised-sequences_PRO.csv,100,100,N,100,100,N,100,100,N,False,TGG,100,100,N,TGG,1,3,100,100,N,PRO,0,30,-3,27,33
221,CCT,CCC,0,2,0,CCC,0,2,-2,Optimised-sequences_PRO.csv,000,000,N,000,000,N,000,000,N,False,CCC,000,000,N,CCC,1,2,000,000,N,PRO,0,30,-2,28,32
222,AAA,AAG,0,2,0,AAG,0,2,-2,Optimised-sequences_PRO.csv,000,000,N,000,000,N,000,000,N,False,AAG,000,000,N,AAG,1,2,000,000,N,PRO,0,30,-2,28,32
223,CAA,CAG,0,2,0,CAG,0,2,-2,Optimised-sequences_PRO.csv,000,000,N,000,000,N,000,000,N,False,CAG,000,000,N,CAG,1,2,000,000,N,PRO,0,30,-2,28,32
224,AAG,AAG,1,3,0,AAG,1,3,-3,Optimised-sequences_PRO.csv,000,000,N,000,000,N,000,000,N,False,AAG,000,000,N,AAG,1,3,000,000,N,PRO,0,30,-3,27,33
225,GCT,GCC,0,2,0,GCC,0,2,-2,Optimised-sequences_PRO.csv,000,000,N,000,000,N,001,001,N,False,GCC,000,000,N,GCC,1,2,000,000,N,PRO,0,30,-2,28,32
226,GTT,GTT,1,3,1,GTC,0,2,-2,Optimised-sequences_PRO.csv,000,000,N,000,000,N,000,000,N,False,GTC,000,000,N,GTC,0,2,000,000,N,PRO,0,30,-2,28,33
227,ACA,ACA,1,3,1,ACT,0,2,-2,Optimised-sequences_PRO.csv,000,000,N,001,001,N,000,000,N,False,ACT,001,001,N,ACT,0,2,001,001,N,PRO,0,30,-2,28,33
228,GGA,GGC,0,2,0,GGC,0,2,-2,Optimised-sequences_PRO.csv,000,000,N,000,000,N,000,000,N,False,GGC,000,000,N,GGC,1,2,000,000,N,PRO,0,30,-2,28,32
229,CTT,CTG,0,2,0,CTG,0,2,-2,Optimised-sequences_PRO.csv,010,010,N,010,010,N,001,001,N,False,CTG,010,010,N,CTG,1,2,010,010,N,PRO,0,30,-2,28,32
230,GTC,GTG,0,2,0,GTG,0,2,-2,Optimised-sequences_PRO.csv,010,010,N,010,010,N,000,000,N,False,GTG,010,010,N,GTG,1,2,010,010,N,PRO,0,30,-2,28,32
231,GGC,GGC,1,3,0,GGC,1,3,-3,Optimised-sequences_PRO.csv,000,000,N,000,000,N,000,000,N,False,GGC,000,000,N,GGC,1,3,000,000,N,PRO,0,30,-3,27,33
232,ATA,ATC,0,2,0,ATC,0,2,-2,Optimised-sequences_PRO.csv,000,000,N,000,000,N,000,000,N,False,ATC,000,000,N,ATC,1,2,000,000,N,PRO,0,30,-2,28,32
233,GGC,GGC,1,3,1,GGG,0,2,-2,Optimised-sequences_PRO.csv,000,000,N,000,000,N,000,000,N,False,GGG,000,000,N,GGG,0,2,000,000,N,PRO,0,30,-2,28,33
234,ACA,ACA,1,3,1,ACT,0,2,-2,Optimised-sequences_PRO.csv,000,000,N,001,001,N,000,000,N,False,ACT,001,001,N,ACT,0,2,001,001,N,PRO,0,30,-2,28,33
235,GCC,GCC,1,3,1,GCG,0,2,-2,Optimised-sequences_PRO.csv,000,000,N,000,000,N,000,000,N,False,GCG,000,000,N,GCG,0,2,000,000,N,PRO,0,30,-2,28,33
236,TCA,AGC,0,0,0,AGC,0,0,0,Optimised-sequences_PRO.csv,000,000,N,000,000,N,000,000,N,False,AGC,000,000,N,AGC,1,0,000,000,N,PRO,0,30,0,30,30
237,GAA,GAG,0,2,0,GAG,0,2,-2,Optimised-sequences_PRO.csv,000,000,N,000,000,N,000,000,N,False,GAG,000,000,N,GAG,1,2,000,000,N,PRO,0,30,-2,28,32
238,GTG,GTG,1,3,1,GTT,0,2,-2,Optimised-sequences_PRO.csv,010,010,N,000,000,N,010,010,N,False,GTT,000,000,N,GTT,0,2,000,000,N,PRO,0,30,-2,28,33
239,TAT,TAT,1,3,1,TAC,0,2,-2,Optimised-sequences_PRO.csv,000,000,N,000,000,N,000,000,N,False,TAC,000,000,N,TAC,0,2,000,000,N,PRO,0,30,-2,28,33
240,CAA,CAG,0,2,0,CAG,0,2,-2,Optimised-sequences_PRO.csv,000,000,N,000,000,N,000,000,N,False,CAG,000,000,N,CAG,1,2,000,000,N,PRO,0,30,-2,28,32
241,AGT,AGC,0,2,0,AGC,0,2,-2,Optimised-sequences_PRO.csv,000,000,N,000,000,N,000,000,N,False,AGC,000,000,N,AGC,1,2,000,000,N,PRO,0,30,-2,28,32
242,ACG,ACA,0,2,0,ACA,0,2,-2,Optimised-sequences_PRO.csv,000,000,N,000,000,N,000,000,N,False,ACA,000,000,N,ACA,1,2,000,000,N,PRO,0,30,-2,28,32
243,GAG,GAG,1,3,1,GAA,0,2,-2,Optimised-sequences_PRO.csv,000,000,N,000,000,N,000,000,N,False,GAA,000,000,N,GAA,0,2,000,000,N,PRO,0,30,-2,28,33
244,ATT,ATT,1,3,1,ATC,0,2,-2,Optimised-sequences_PRO.csv,000,000,N,000,000,N,000,000,N,False,ATC,000,000,N,ATC,0,2,000,000,N,PRO,0,30,-2,28,33
245,TTA,CTG,0,1,0,CTG,0,1,-1,Optimised-sequences_PRO.csv,010,010,N,010,010,N,000,000,N,False,CTG,010,010,N,CTG,1,1,010,010,N,PRO,0,30,-1,29,31
246,CAT,CAC,0,2,0,CAC,0,2,-2,Optimised-sequences_PRO.csv,000,000,N,000,000,N,000,000,N,False,CAC,000,000,N,CAC,1,2,000,000,N,PRO,0,30,-2,28,32
247,TGC,TGC,1,3,0,TGC,1,3,-3,Optimised-sequences_PRO.csv,100,100,N,100,100,N,100,100,N,False,TGC,100,100,N,TGC,1,3,100,100,N,PRO,0,30,-3,27,33
248,TTA,CTG,0,1,0,CTG,0,1,-1,Optimised-sequences_PRO.csv,010,010,N,010,010,N,000,000,N,False,CTG,010,010,N,CTG,1,1,010,010,N,PRO,0,30,-1,29,31
249,GGG,GGC,0,2,0,GGC,0,2,-2,Optimised-sequences_PRO.csv,000,000,N,000,000,N,000,000,N,False,GGC,000,000,N,GGC,1,2,000,000,N,PRO,0,30,-2,28,32
250,CCA,CCC,0,2,0,CCC,0,2,-2,Optimised-sequences_PRO.csv,000,000,N,000,000,N,000,000,N,False,CCC,000,000,N,CCC,1,2,000,000,N,PRO,0,30,-2,28,32
251,GAT,GAC,0,2,0,GAC,0,2,-2,Optimised-sequences_PRO.csv,000,000,N,000,000,N,000,000,N,False,GAC,000,000,N,GAC,1,2,000,000,N,PRO,0,30,-2,28,32
252,AAT,AAC,0,2,0,AAC,0,2,-2,Optimised-sequences_PRO.csv,000,000,N,000,000,N,000,000,N,False,AAC,000,000,N,AAC,1,2,000,000,N,PRO,0,30,-2,28,32
253,CAA,CAG,0,2,0,CAG,0,2,-2,Optimised-sequences_PRO.csv,000,000,N,000,000,N,000,000,N,False,CAG,000,000,N,CAG,1,2,000,000,N,PRO,0,30,-2,28,32
254,GAA,GAG,0,2,0,GAG,0,2,-2,Optimised-sequences_PRO.csv,000,000,N,000,000,N,000,000,N,False,GAG,000,000,N,GAG,1,2,000,000,N,PRO,0,30,-2,28,32
255,AGT,AGC,0,2,0,AGC,0,2,-2,Optimised-sequences_PRO.csv,000,000,N,000,000,N,000,000,N,False,AGC,000,000,N,AGC,1,2,000,000,N,PRO,0,30,-2,28,32
256,ACT,ACC,0,2,0,ACC,0,2,-2,Optimised-sequences_PRO.csv,000,000,N,000,000,N,001,001,N,False,ACC,000,000,N,ACC,1,2,000,000,N,PRO,0,30,-2,28,32
257,GTT,GTG,0,2,0,GTG,0,2,-2,Optimised-sequences_PRO.csv,010,010,N,010,010,N,000,000,N,False,GTG,010,010,N,GTG,1,2,010,010,N,PRO,0,30,-2,28,32
258,CAG,CAA,0,2,0,CAA,0,2,-2,Optimised-sequences_PRO.csv,000,000,N,000,000,N,000,000,N,False,CAA,000,000,N,CAA,1,2,000,000,N,PRO,0,30,-2,28,32
259,CCA,CCT,0,2,0,CCT,0,2,-2,Optimised-sequences_PRO.csv,000,000,N,000,000,N,000,000,N,False,CCT,000,000,N,CCT,1,2,000,000,N,PRO,0,30,-2,28,32
260,ATG,ATG,1,3,0,ATG,1,3,-3,Optimised-sequences_PRO.csv,010,010,N,010,010,N,010,010,N,False,ATG,010,010,N,ATG,1,3,010,010,N,PRO,0,30,-3,27,33
261,ATT,ATC,0,2,0,ATC,0,2,-2,Optimised-sequences_PRO.csv,000,000,N,000,000,N,000,000,N,False,ATC,000,000,N,ATC,1,2,000,000,N,PRO,0,30,-2,28,32
262,ACT,ACC,0,2,0,ACC,0,2,-2,Optimised-sequences_PRO.csv,000,000,N,000,000,N,000,000,N,False,ACC,000,000,N,ACC,1,2,000,000,N,PRO,0,30,-2,28,32
263,TCA,TCT,0,2,0,TCT,0,2,-2,Optimised-sequences_PRO.csv,000,000,N,000,000,N,000,000,N,False,TCT,000,000,N,TCT,1,2,000,000,N,PRO,0,30,-2,28,32
264,ATT,ATC,0,2,0,ATC,0,2,-2,Optimised-sequences_PRO.csv,000,000,N,000,000,N,000,000,N,False,ATC,000,000,N,ATC,1,2,000,000,N,PRO,0,30,-2,28,32
265,CCT,CCC,0,2,0,CCC,0,2,-2,Optimised-sequences_PRO.csv,000,000,N,000,000,N,000,000,N,False,CCC,000,000,N,CCC,1,2,000,000,N,PRO,0,30,-2,28,32
266,CTT,CTG,0,2,0,CTG,0,2,-2,Optimised-sequences_PRO.csv,010,010,N,010,010,N,000,000,N,False,CTG,010,010,N,CTG,1,2,010,010,N,PRO,0,30,-2,28,32
267,AAT,AAC,0,2,0,AAC,0,2,-2,Optimised-sequences_PRO.csv,000,000,N,000,000,N,000,000,N,False,AAC,000,000,N,AAC,1,2,000,000,N,PRO,0,30,-2,28,32
268,CTG,CTG,1,3,1,CTT,0,2,-2,Optimised-sequences_PRO.csv,010,0RR,Y,000,000,N,010,0RR,Y,False,CTT,000,000,N,CTT,0,2,000,000,N,PRO,0,30,-2,28,33
269,TGG,TGG,1,3,1,TGG,1,3,-3,Optimised-sequences_PRO.csv,100,RR0,Y,100,100,N,100,RR0,Y,False,TGG,100,100,N,TGG,1,3,100,100,N,PRO,0,30,-3,27,33
270,GGT,GGC,0,2,0,GGC,0,2,-2,Optimised-sequences_PRO.csv,000,000,N,000,000,N,000,000,N,False,GGC,000,000,N,GGC,1,2,000,000,N,PRO,0,30,-2,28,32
271,CGA,AGA,0,2,0,AGA,0,2,-2,Optimised-sequences_PRO.csv,000,000,N,000,000,N,000,000,N,False,AGA,000,000,N,AGA,1,2,000,000,N,PRO,0,30,-2,28,32
272,GAT,GAT,1,3,0,GAT,1,3,-3,Optimised-sequences_PRO.csv,000,000,N,000,000,N,000,000,N,False,GAT,000,000,N,GAT,1,3,000,000,N,PRO,0,30,-3,27,33
273,TTA,CTG,0,1,0,CTG,0,1,-1,Optimised-sequences_PRO.csv,010,010,N,010,010,N,000,000,N,False,CTG,010,010,N,CTG,1,1,010,010,N,PRO,0,30,-1,29,31
274,TTA,CTG,0,1,0,CTG,0,1,-1,Optimised-sequences_PRO.csv,010,010,N,010,010,N,000,000,N,False,CTG,010,010,N,CTG,1,1,010,010,N,PRO,0,30,-1,29,31
275,CAA,CAG,0,2,0,CAG,0,2,-2,Optimised-sequences_PRO.csv,000,000,N,000,000,N,000,000,N,False,CAG,000,000,N,CAG,1,2,000,000,N,PRO,0,30,-2,28,32
276,CAA,CAG,0,2,0,CAG,0,2,-2,Optimised-sequences_PRO.csv,000,000,N,000,000,N,000,000,N,False,CAG,000,000,N,CAG,1,2,000,000,N,PRO,0,30,-2,28,32
277,TGG,TGG,1,3,1,TGG,1,3,-3,Optimised-sequences_PRO.csv,100,100,N,100,100,N,100,100,N,False,TGG,100,100,N,TGG,1,3,100,100,N,PRO,0,30,-3,27,33
278,GGT,GGT,1,3,1,GGA,0,2,-2,Optimised-sequences_PRO.csv,001,001,N,000,000,N,001,001,N,False,GGA,000,000,N,GGA,0,2,000,000,N,PRO,0,30,-2,28,33
279,GCG,GCT,0,2,0,GCT,0,2,-2,Optimised-sequences_PRO.csv,001,001,N,001,001,N,000,000,N,False,GCT,001,001,N,GCT,1,2,001,001,N,PRO,0,30,-2,28,32
280,GAA,GAA,1,3,1,GAG,0,2,-2,Optimised-sequences_PRO.csv,000,000,N,000,000,N,000,000,N,False,GAG,000,000,N,GAG,0,2,000,000,N,PRO,0,30,-2,28,33
281,ATC,ATC,1,3,1,ATA,0,2,-2,Optimised-sequences_PRO.csv,000,000,N,000,000,N,000,000,N,False,ATA,000,000,N,ATA,0,2,000,000,N,PRO,0,30,-2,28,33
282,ACC,ACC,1,3,1,ACT,0,2,-2,Optimised-sequences_PRO.csv,000,000,N,000,000,N,000,000,N,False,ACT,000,000,N,ACT,0,2,000,000,N,PRO,0,30,-2,28,33
283,ATG,ATG,1,3,1,ATG,1,3,-3,Optimised-sequences_PRO.csv,010,010,N,010,010,N,010,010,N,False,ATG,010,010,N,ATG,1,3,010,010,N,PRO,0,30,-3,27,33
284,CCC,CCT,0,2,0,CCT,0,2,-2,Optimised-sequences_PRO.csv,001,001,N,001,001,N,000,000,N,False,CCT,001,001,N,CCT,1,2,001,001,N,PRO,0,30,-2,28,32
285,GCT,GCC,0,2,0,GCC,0,2,-2,Optimised-sequences_PRO.csv,000,000,N,000,000,N,000,000,N,False,GCC,000,000,N,GCC,1,2,000,000,N,PRO,0,30,-2,28,32
286,CCA,CCT,0,2,0,CCT,0,2,-2,Optimised-sequences_PRO.csv,000,000,N,000,000,N,000,000,N,False,CCT,000,000,N,CCT,1,2,000,000,N,PRO,0,30,-2,28,32
287,TTA,CTG,0,1,0,CTG,0,1,-1,Optimised-sequences_PRO.csv,010,010,N,010,010,N,000,000,N,False,CTG,010,010,N,CTG,1,1,010,010,N,PRO,0,30,-1,29,31
288,TAT,TAC,0,2,0,TAC,0,2,-2,Optimised-sequences_PRO.csv,000,000,N,000,000,N,000,000,N,False,TAC,000,000,N,TAC,1,2,000,000,N,PRO,0,30,-2,28,32
289,AGC,AGC,1,3,0,AGC,1,3,-3,Optimised-sequences_PRO.csv,000,000,N,000,000,N,000,000,N,False,AGC,000,000,N,AGC,1,3,000,000,N,PRO,0,30,-3,27,33
290,CCC,CCT,0,2,0,CCT,0,2,-2,Optimised-sequences_PRO.csv,000,000,N,000,000,N,000,000,N,False,CCT,000,000,N,CCT,1,2,000,000,N,PRO,0,30,-2,28,32
291,ACG,ACC,0,2,0,ACC,0,2,-2,Optimised-sequences_PRO.csv,000,000,N,000,000,N,000,000,N,False,ACC,000,000,N,ACC,1,2,000,000,N,PRO,0,30,-2,28,32
292,AGT,AGC,0,2,0,AGC,0,2,-2,Optimised-sequences_PRO.csv,000,000,N,000,000,N,000,000,N,False,AGC,000,000,N,AGC,1,2,000,000,N,PRO,0,30,-2,28,32
293,CAA,CAG,0,2,0,CAG,0,2,-2,Optimised-sequences_PRO.csv,000,000,N,000,000,N,000,000,N,False,CAG,000,000,N,CAG,1,2,000,000,N,PRO,0,30,-2,28,32
294,AAA,AAA,1,3,1,AAG,0,2,-2,Optimised-sequences_PRO.csv,000,000,N,000,000,N,000,000,N,False,AAG,000,000,N,AAG,0,2,000,000,N,PRO,0,30,-2,28,33
295,ATC,ATC,1,3,1,ATT,0,2,-2,Optimised-sequences_PRO.csv,000,000,N,000,000,N,000,000,N,False,ATT,000,000,N,ATT,0,2,000,000,N,PRO,0,30,-2,28,33
296,ATG,ATG,1,3,1,ATG,1,3,-3,Optimised-sequences_PRO.csv,010,010,N,010,010,N,010,010,N,False,ATG,010,010,N,ATG,1,3,010,010,N,PRO,0,30,-3,27,33
297,ACC,ACA,0,2,0,ACA,0,2,-2,Optimised-sequences_PRO.csv,000,000,N,000,000,N,000,000,N,False,ACA,000,000,N,ACA,1,2,000,000,N,PRO,0,30,-2,28,32
298,AAG,AAG,1,3,1,AAA,0,2,-2,Optimised-sequences_PRO.csv,000,000,N,000,000,N,000,000,N,False,AAA,000,000,N,AAA,0,2,000,000,N,PRO,0,30,-2,28,33
299,ATG,ATG,1,3,1,ATG,1,3,-3,Optimised-sequences_PRO.csv,010,010,N,010,010,N,010,010,N,False,ATG,010,010,N,ATG,1,3,010,010,N,PRO,0,30,-3,27,33
300,GGA,GGC,0,2,0,GGC,0,2,-2,Optimised-sequences_PRO.csv,000,000,N,000,000,N,000,000,N,False,GGC,000,000,N,GGC,1,2,000,000,N,PRO,0,30,-2,28,32
301,TAT,TAC,0,2,0,TAC,0,2,-2,Optimised-sequences_PRO.csv,000,000,N,000,000,N,000,000,N,False,TAC,000,000,N,TAC,1,2,000,000,N,PRO,0,30,-2,28,32
302,ATA,ATC,0,2,0,ATC,0,2,-2,Optimised-sequences_PRO.csv,000,000,N,000,000,N,000,000,N,False,ATC,000,000,N,ATC,1,2,000,000,N,PRO,0,30,-2,28,32
303,CCA,CCT,0,2,0,CCT,0,2,-2,Optimised-sequences_PRO.csv,001,001,N,001,001,N,000,000,N,False,CCT,001,001,N,CCT,1,2,001,001,N,PRO,0,30,-2,28,32
304,GGA,GGA,1,3,0,GGA,1,3,-3,Optimised-sequences_PRO.csv,000,000,N,000,000,N,000,000,N,False,GGA,000,000,N,GGA,1,3,000,000,N,PRO,0,30,-3,27,33
305,AAG,AAA,0,2,0,AAA,0,2,-2,Optimised-sequences_PRO.csv,000,000,N,000,000,N,000,000,N,False,AAA,000,000,N,AAA,1,2,000,000,N,PRO,0,30,-2,28,32
306,GGA,GGC,0,2,0,GGC,0,2,-2,Optimised-sequences_PRO.csv,000,000,N,000,000,N,000,000,N,False,GGC,000,000,N,GGC,1,2,000,000,N,PRO,0,30,-2,28,32
307,CTA,CTG,0,2,0,CTG,0,2,-2,Optimised-sequences_PRO.csv,010,010,N,010,010,N,000,000,N,False,CTG,010,010,N,CTG,1,2,010,010,N,PRO,0,30,-2,28,32
308,GGG,GGA,0,2,0,GGA,0,2,-2,Optimised-sequences_PRO.csv,000,000,N,000,000,N,000,000,N,False,GGA,000,000,N,GGA,1,2,000,000,N,PRO,0,30,-2,28,32
309,AAA,AAA,1,3,1,AAG,0,2,-2,Optimised-sequences_PRO.csv,000,000,N,000,000,N,000,000,N,False,AAG,000,000,N,AAG,0,2,000,000,N,PRO,0,30,-2,28,33
310,AAT,AAT,1,3,1,AAC,0,2,-2,Optimised-sequences_PRO.csv,001,001,N,000,000,N,001,001,N,False,AAC,000,000,N,AAC,0,2,000,000,N,PRO,0,30,-2,28,33
311,GAA,GAG,0,2,0,GAG,0,2,-2,Optimised-sequences_PRO.csv,000,000,N,000,000,N,000,000,N,False,GAG,000,000,N,GAG,1,2,000,000,N,PRO,0,30,-2,28,32
312,GAT,GAC,0,2,0,GAC,0,2,-2,Optimised-sequences_PRO.csv,000,000,N,000,000,N,001,001,N,False,GAC,000,000,N,GAC,1,2,000,000,N,PRO,0,30,-2,28,32
313,GGC,GGC,1,3,1,GGG,0,2,-2,Optimised-sequences_PRO.csv,000,000,N,000,000,N,000,000,N,False,GGG,000,000,N,GGG,0,2,000,000,N,PRO,0,30,-2,28,33
314,ATT,ATT,1,3,1,ATA,0,2,-2,Optimised-sequences_PRO.csv,000,000,N,000,000,N,000,000,N,False,ATA,000,000,N,ATA,0,2,000,000,N,PRO,0,30,-2,28,33
315,AAA,AAG,0,2,0,AAG,0,2,-2,Optimised-sequences_PRO.csv,000,000,N,000,000,N,000,000,N,False,AAG,000,000,N,AAG,1,2,000,000,N,PRO,0,30,-2,28,32
316,GTT,GTG,0,2,0,GTG,0,2,-2,Optimised-sequences_PRO.csv,010,010,N,010,010,N,000,000,N,False,GTG,010,010,N,GTG,1,2,010,010,N,PRO,0,30,-2,28,32
317,CCA,CCC,0,2,0,CCC,0,2,-2,Optimised-sequences_PRO.csv,000,000,N,000,000,N,000,000,N,False,CCC,000,000,N,CCC,1,2,000,000,N,PRO,0,30,-2,28,32
318,GTT,GTC,0,2,0,GTC,0,2,-2,Optimised-sequences_PRO.csv,000,000,N,000,000,N,001,001,N,False,GTC,000,000,N,GTC,1,2,000,000,N,PRO,0,30,-2,28,32
319,GAG,GAG,1,3,0,GAG,1,3,-3,Optimised-sequences_PRO.csv,000,000,N,000,000,N,000,000,N,False,GAG,000,000,N,GAG,1,3,000,000,N,PRO,0,30,-3,27,33
320,GCT,GCC,0,2,0,GCC,0,2,-2,Optimised-sequences_PRO.csv,000,000,N,000,000,N,000,000,N,False,GCC,000,000,N,GCC,1,2,000,000,N,PRO,0,30,-2,28,32
321,AAA,AAG,0,2,0,AAG,0,2,-2,Optimised-sequences_PRO.csv,000,000,N,000,000,N,000,000,N,False,AAG,000,000,N,AAG,1,2,000,000,N,PRO,0,30,-2,28,32
322,ATA,ATC,0,2,0,ATC,0,2,-2,Optimised-sequences_PRO.csv,000,000,N,000,000,N,000,000,N,False,ATC,000,000,N,ATC,1,2,000,000,N,PRO,0,30,-2,28,32
323,AAT,AAC,0,2,0,AAC,0,2,-2,Optimised-sequences_PRO.csv,000,000,N,000,000,N,000,000,N,False,AAC,000,000,N,AAC,1,2,000,000,N,PRO,0,30,-2,28,32
324,CAA,CAG,0,2,0,CAG,0,2,-2,Optimised-sequences_PRO.csv,000,000,N,000,000,N,000,000,N,False,CAG,000,000,N,CAG,1,2,000,000,N,PRO,0,30,-2,28,32
325,GAA,GAG,0,2,0,GAG,0,2,-2,Optimised-sequences_PRO.csv,000,000,N,000,000,N,000,000,N,False,GAG,000,000,N,GAG,1,2,000,000,N,PRO,0,30,-2,28,32
326,AGA,CGG,0,1,0,CGG,0,1,-1,Optimised-sequences_PRO.csv,000,000,N,000,000,N,000,000,N,False,CGG,000,000,N,CGG,1,1,000,000,N,PRO,0,30,-1,29,31
327,GAA,GAA,1,3,1,GAG,0,2,-2,Optimised-sequences_PRO.csv,000,000,N,000,000,N,000,000,N,False,GAG,000,000,N,GAG,0,2,000,000,N,PRO,0,30,-2,28,33
328,GGA,GGA,1,3,1,GGT,0,2,-2,Optimised-sequences_PRO.csv,000,000,N,000,000,N,000,000,N,False,GGT,000,000,N,GGT,0,2,000,000,N,PRO,0,30,-2,28,33
329,ATA,ATC,0,2,0,ATC,0,2,-2,Optimised-sequences_PRO.csv,000,000,N,000,000,N,000,000,N,False,ATC,000,000,N,ATC,1,2,000,000,N,PRO,0,30,-2,28,32
330,GGG,GGC,0,2,0,GGC,0,2,-2,Optimised-sequences_PRO.csv,000,000,N,000,000,N,000,000,N,False,GGC,000,000,N,GGC,1,2,000,000,N,PRO,0,30,-2,28,32
331,TAT,TAC,0,2,0,TAC,0,2,-2,Optimised-sequences_PRO.csv,000,000,N,000,000,N,000,000,N,False,TAC,000,000,N,TAC,1,2,000,000,N,PRO,0,30,-2,28,32
332,CCT,CCC,0,2,0,CCC,0,2,-2,Optimised-sequences_PRO.csv,000,000,N,000,000,N,000,000,N,False,CCC,000,000,N,CCC,1,2,000,000,N,PRO,0,30,-2,28,32
333,TTT,TTC,0,2,0,TTC,0,2,-2,Optimised-sequences_PRO.csv,000,000,N,000,000,N,000,000,N,False,TTC,000,000,N,TTC,1,2,000,000,N,PRO,0,30,-2,28,32
334,TAG,TGA,0,1,0,TGA,0,1,-1,Optimised-sequences_PRO.csv,100,100,N,100,100,N,000,000,N,False,TGA,100,100,N,TGA,1,1,100,100,N,PRO,0,30,-1,29,31
